#
# There is insufficient memory for the Java Runtime Environment to continue.
# Native memory allocation (mmap) failed to map 511705088 bytes. Error detail: G1 virtual space
# Possible reasons:
#   The system is out of physical RAM or swap space
#   This process is running with CompressedOops enabled, and the Java Heap may be blocking the growth of the native heap
# Possible solutions:
#   Reduce memory load on the system
#   Increase physical memory or swap space
#   Check if swap backing store is full
#   Decrease Java heap size (-Xmx/-Xms)
#   Decrease number of Java threads
#   Decrease Java thread stack sizes (-Xss)
#   Set larger code cache with -XX:ReservedCodeCacheSize=
#   JVM is running with Unscaled Compressed Oops mode in which the Java heap is
#     placed in the first 4GB address space. The Java Heap base address is the
#     maximum limit for the native heap growth. Please use -XX:HeapBaseMinAddress
#     to set the Java Heap base and to place the Java Heap above 4GB virtual address.
# This output file may be truncated or incomplete.
#
#  Out of Memory Error (os_windows.cpp:3925), pid=15368, tid=2284
#
# JRE version: OpenJDK Runtime Environment (21.0.8) (build 21.0.8+-14196175-b1038.72)
# Java VM: OpenJDK 64-Bit Server VM (21.0.8+-14196175-b1038.72, mixed mode, tiered, compressed oops, compressed class ptrs, g1 gc, windows-amd64)
# No core dump will be written. Minidumps are not enabled by default on client versions of Windows
#

---------------  S U M M A R Y ------------

Command Line: --add-opens=java.base/java.lang=ALL-UNNAMED --add-opens=java.base/java.lang.invoke=ALL-UNNAMED --add-opens=java.base/java.util=ALL-UNNAMED --add-opens=java.prefs/java.util.prefs=ALL-UNNAMED --add-exports=jdk.compiler/com.sun.tools.javac.api=ALL-UNNAMED --add-exports=jdk.compiler/com.sun.tools.javac.util=ALL-UNNAMED --add-opens=java.base/java.util=ALL-UNNAMED --add-opens=java.prefs/java.util.prefs=ALL-UNNAMED --add-opens=java.base/java.nio.charset=ALL-UNNAMED --add-opens=java.base/java.net=ALL-UNNAMED --add-opens=java.base/java.util.concurrent.atomic=ALL-UNNAMED --add-opens=java.xml/javax.xml.namespace=ALL-UNNAMED -Xmx2048m -Dfile.encoding=UTF-8 -Duser.country=CL -Duser.language=es -Duser.variant -javaagent:C:\Users\franc\.gradle\wrapper\dists\gradle-8.13-bin\5xuhj0ry160q40clulazy9h7d\gradle-8.13\lib\agents\gradle-instrumentation-agent-8.13.jar org.gradle.launcher.daemon.bootstrap.GradleDaemon 8.13

Host: 11th Gen Intel(R) Core(TM) i5-11400H @ 2.70GHz, 12 cores, 15G,  Windows 11 , 64 bit Build 26100 (10.0.26100.7019)
Time: Tue Nov 25 16:53:16 2025 Hora verano Sudamérica Pacífico elapsed time: 22.828377 seconds (0d 0h 0m 22s)

---------------  T H R E A D  ---------------

Current thread (0x0000027b4db6c310):  VMThread "VM Thread"          [id=2284, stack(0x000000d988f00000,0x000000d989000000) (1024K)]

Stack: [0x000000d988f00000,0x000000d989000000]
Native frames: (J=compiled Java code, j=interpreted, Vv=VM code, C=native code)
V  [jvm.dll+0x6d68d9]
V  [jvm.dll+0x866693]
V  [jvm.dll+0x868c4e]
V  [jvm.dll+0x869333]
V  [jvm.dll+0x280566]
V  [jvm.dll+0x6d3195]
V  [jvm.dll+0x6c69ea]
V  [jvm.dll+0x3586db]
V  [jvm.dll+0x360336]
V  [jvm.dll+0x3b23f6]
V  [jvm.dll+0x3b26c8]
V  [jvm.dll+0x32ae6c]
V  [jvm.dll+0x32aef7]
V  [jvm.dll+0x370d3c]
V  [jvm.dll+0x36f4ee]
V  [jvm.dll+0x32a5c1]
V  [jvm.dll+0x36ebf0]
V  [jvm.dll+0x86f0b8]
V  [jvm.dll+0x870434]
V  [jvm.dll+0x870970]
V  [jvm.dll+0x870c03]
V  [jvm.dll+0x80eac8]
V  [jvm.dll+0x6d512d]
C  [ucrtbase.dll+0x37b0]
C  [KERNEL32.DLL+0x2e8d7]
C  [ntdll.dll+0x8c53c]

VM_Operation (0x000000d991dfa000): G1CollectForAllocation, mode: safepoint, requested by thread 0x0000027b56a7b140


---------------  P R O C E S S  ---------------

Threads class SMR info:
_java_thread_list=0x0000027b55ce7750, length=186, elements={
0x0000027b33b27b40, 0x0000027b4dbe8680, 0x0000027b4dbee070, 0x0000027b4dc01f20,
0x0000027b4dc0db00, 0x0000027b4dc27780, 0x0000027b4dc298c0, 0x0000027b4dc32330,
0x0000027b4dc357b0, 0x0000027b4dc38870, 0x0000027b4dedabf0, 0x0000027b5212c740,
0x0000027b5232d050, 0x0000027b53c826d0, 0x0000027b53e64a80, 0x0000027b53fa8f20,
0x0000027b53cf0480, 0x0000027b53cf0af0, 0x0000027b53eb8de0, 0x0000027b53f847a0,
0x0000027b54014d00, 0x0000027b54018180, 0x0000027b54015390, 0x0000027b54017460,
0x0000027b54017af0, 0x0000027b54015a20, 0x0000027b54016740, 0x0000027b54016dd0,
0x0000027b5666e8f0, 0x0000027b5666ceb0, 0x0000027b56670330, 0x0000027b5666d540,
0x0000027b56671050, 0x0000027b5666ef80, 0x0000027b5666e260, 0x0000027b5666f610,
0x0000027b5666fca0, 0x0000027b56672400, 0x0000027b566716e0, 0x0000027b566744d0,
0x0000027b56672a90, 0x0000027b56671d70, 0x0000027b56673120, 0x0000027b566737b0,
0x0000027b56673e40, 0x0000027b58fa09c0, 0x0000027b58f9e8f0, 0x0000027b58fa0330,
0x0000027b58f9f610, 0x0000027b58f9dbd0, 0x0000027b58f9fca0, 0x0000027b58f9d540,
0x0000027b58fa1050, 0x0000027b58f9ef80, 0x0000027b58f9e260, 0x0000027b58fa44d0,
0x0000027b58fa1d70, 0x0000027b58fa2a90, 0x0000027b58fa3e40, 0x0000027b58fa16e0,
0x0000027b592fd6b0, 0x0000027b592fe3d0, 0x0000027b592fdd40, 0x0000027b593004a0,
0x0000027b592ff780, 0x0000027b592fd020, 0x0000027b59300b30, 0x0000027b592ffe10,
0x0000027b593011c0, 0x0000027b592ff0f0, 0x0000027b59301850, 0x0000027b59301ee0,
0x0000027b592fea60, 0x0000027b59302570, 0x0000027b59302c00, 0x0000027b59303290,
0x0000027b59303fb0, 0x0000027b59303920, 0x0000027b59304640, 0x0000027b59a6e8f0,
0x0000027b59a6ef80, 0x0000027b59a72400, 0x0000027b59a709c0, 0x0000027b59a71d70,
0x0000027b59a72a90, 0x0000027b59a71050, 0x0000027b59a716e0, 0x0000027b59a6f610,
0x0000027b59a73120, 0x0000027b59a6fca0, 0x0000027b59a73e40, 0x0000027b59a75f10,
0x0000027b5471cf60, 0x0000027b56a79d90, 0x0000027b56a7aab0, 0x0000027b5ad5e760,
0x0000027b5ad5edf0, 0x0000027b5ad5c000, 0x0000027b5ad5b970, 0x0000027b5ad5f480,
0x0000027b5ad60830, 0x0000027b5ad5fb10, 0x0000027b5ad60ec0, 0x0000027b5ad62f90,
0x0000027b5ad61550, 0x0000027b5ad62900, 0x0000027b5ad61be0, 0x0000027b5ad601a0,
0x0000027b599376b0, 0x0000027b59938a60, 0x0000027b599390f0, 0x0000027b59937020,
0x0000027b59936990, 0x0000027b599383d0, 0x0000027b59939780, 0x0000027b5993a4a0,
0x0000027b59939e10, 0x0000027b5993ab30, 0x0000027b5993b1c0, 0x0000027b5993d920,
0x0000027b5993b850, 0x0000027b5993dfb0, 0x0000027b5993d290, 0x0000027b5993bee0,
0x0000027b5993c570, 0x0000027b5993cc00, 0x0000027b56a79070, 0x0000027b56a79700,
0x0000027b56a7cb80, 0x0000027b56a7e5c0, 0x0000027b56a7df30, 0x0000027b56a7b140,
0x0000027b56a7ec50, 0x0000027b56a7b7d0, 0x0000027b56a7f2e0, 0x0000027b56a7be60,
0x0000027b56a7f970, 0x0000027b56a80690, 0x0000027b56a80000, 0x0000027b5471dc80,
0x0000027b5471a800, 0x0000027b5471e310, 0x0000027b5471ae90, 0x0000027b5471f030,
0x0000027b5471e9a0, 0x0000027b5471f6c0, 0x0000027b5471fd50, 0x0000027b5ad5cd20,
0x0000027b5ad5c690, 0x0000027b5ad5d3b0, 0x0000027b5ad5da40, 0x0000027b5ad5e0d0,
0x0000027b59a75880, 0x0000027b59d540d0, 0x0000027b59d52000, 0x0000027b59d52d20,
0x0000027b59d54760, 0x0000027b59d533b0, 0x0000027b59d54df0, 0x0000027b59d51970,
0x0000027b59d53a40, 0x0000027b59d52690, 0x0000027b59d56830, 0x0000027b59d55b10,
0x0000027b59d56ec0, 0x0000027b59d55480, 0x0000027b59d58900, 0x0000027b59d57550,
0x0000027b59d58f90, 0x0000027b59d57be0, 0x0000027b59d59620, 0x0000027b59d561a0,
0x0000027b59d5a9d0, 0x0000027b59d5b060, 0x0000027b59d5b6f0, 0x0000027b59d58270,
0x0000027b5a519ed0, 0x0000027b5a51b280, 0x0000027b5a51ccc0, 0x0000027b5a519840,
0x0000027b5a511500, 0x0000027b5a511b90, 0x0000027b5a5128b0, 0x0000027b5a510150,
0x0000027b5a513c60, 0x0000027b5a5107e0
}

Java Threads: ( => current thread )
  0x0000027b33b27b40 JavaThread "main"                              [_thread_blocked, id=15304, stack(0x000000d988800000,0x000000d988900000) (1024K)]
  0x0000027b4dbe8680 JavaThread "Common-Cleaner"             daemon [_thread_blocked, id=22516, stack(0x000000d989000000,0x000000d989100000) (1024K)]
  0x0000027b4dbee070 JavaThread "Reference Handler"          daemon [_thread_blocked, id=28408, stack(0x000000d989100000,0x000000d989200000) (1024K)]
  0x0000027b4dc01f20 JavaThread "Finalizer"                  daemon [_thread_blocked, id=18312, stack(0x000000d989200000,0x000000d989300000) (1024K)]
  0x0000027b4dc0db00 JavaThread "Signal Dispatcher"          daemon [_thread_blocked, id=4056, stack(0x000000d989300000,0x000000d989400000) (1024K)]
  0x0000027b4dc27780 JavaThread "Attach Listener"            daemon [_thread_blocked, id=3112, stack(0x000000d989400000,0x000000d989500000) (1024K)]
  0x0000027b4dc298c0 JavaThread "Service Thread"             daemon [_thread_blocked, id=20876, stack(0x000000d989500000,0x000000d989600000) (1024K)]
  0x0000027b4dc32330 JavaThread "Monitor Deflation Thread"   daemon [_thread_blocked, id=8704, stack(0x000000d989600000,0x000000d989700000) (1024K)]
  0x0000027b4dc357b0 JavaThread "C2 CompilerThread0"         daemon [_thread_in_native, id=8784, stack(0x000000d989700000,0x000000d989800000) (1024K)]
  0x0000027b4dc38870 JavaThread "C1 CompilerThread0"         daemon [_thread_blocked, id=11464, stack(0x000000d989800000,0x000000d989900000) (1024K)]
  0x0000027b4dedabf0 JavaThread "Notification Thread"        daemon [_thread_blocked, id=28060, stack(0x000000d989900000,0x000000d989a00000) (1024K)]
  0x0000027b5212c740 JavaThread "C2 CompilerThread1"         daemon [_thread_blocked, id=23252, stack(0x000000d989a00000,0x000000d989b00000) (1024K)]
  0x0000027b5232d050 JavaThread "C2 CompilerThread2"         daemon [_thread_in_native, id=21692, stack(0x000000d989b00000,0x000000d989c00000) (1024K)]
  0x0000027b53c826d0 JavaThread "Daemon health stats"               [_thread_blocked, id=26224, stack(0x000000d98a100000,0x000000d98a200000) (1024K)]
  0x0000027b53e64a80 JavaThread "Incoming local TCP Connector on port 53446"        [_thread_in_native, id=25708, stack(0x000000d98a500000,0x000000d98a600000) (1024K)]
  0x0000027b53fa8f20 JavaThread "Daemon periodic checks"            [_thread_blocked, id=14332, stack(0x000000d98a600000,0x000000d98a700000) (1024K)]
  0x0000027b53cf0480 JavaThread "Daemon"                            [_thread_blocked, id=25428, stack(0x000000d98a700000,0x000000d98a800000) (1024K)]
  0x0000027b53cf0af0 JavaThread "Handler for socket connection from /127.0.0.1:53446 to /127.0.0.1:53447"        [_thread_in_native, id=21032, stack(0x000000d98a800000,0x000000d98a900000) (1024K)]
  0x0000027b53eb8de0 JavaThread "Cancel handler"                    [_thread_blocked, id=25332, stack(0x000000d98a900000,0x000000d98aa00000) (1024K)]
  0x0000027b53f847a0 JavaThread "Daemon worker"                     [_thread_blocked, id=25816, stack(0x000000d98aa00000,0x000000d98ab00000) (1024K)]
  0x0000027b54014d00 JavaThread "Asynchronous log dispatcher for DefaultDaemonConnection: socket connection from /127.0.0.1:53446 to /127.0.0.1:53447"        [_thread_blocked, id=23420, stack(0x000000d98ab00000,0x000000d98ac00000) (1024K)]
  0x0000027b54018180 JavaThread "Stdin handler"                     [_thread_blocked, id=8960, stack(0x000000d98ac00000,0x000000d98ad00000) (1024K)]
  0x0000027b54015390 JavaThread "Daemon client event forwarder"        [_thread_blocked, id=25124, stack(0x000000d98ad00000,0x000000d98ae00000) (1024K)]
  0x0000027b54017460 JavaThread "Cache worker for journal cache (C:\Users\franc\.gradle\caches\journal-1)"        [_thread_blocked, id=13724, stack(0x000000d98b100000,0x000000d98b200000) (1024K)]
  0x0000027b54017af0 JavaThread "File lock request listener"        [_thread_in_native, id=8440, stack(0x000000d98b200000,0x000000d98b300000) (1024K)]
  0x0000027b54015a20 JavaThread "Cache worker for file hash cache (C:\Users\franc\.gradle\caches\8.13\fileHashes)"        [_thread_blocked, id=24484, stack(0x000000d98b300000,0x000000d98b400000) (1024K)]
  0x0000027b54016740 JavaThread "Cache worker for file hash cache (C:\Users\franc\OneDrive\Escritorio\LevelUp\.gradle\8.13\fileHashes)"        [_thread_blocked, id=24004, stack(0x000000d98b400000,0x000000d98b500000) (1024K)]
  0x0000027b54016dd0 JavaThread "Cache worker for Build Output Cleanup Cache (C:\Users\franc\OneDrive\Escritorio\LevelUp\.gradle\buildOutputCleanup)"        [_thread_blocked, id=13644, stack(0x000000d98b500000,0x000000d98b600000) (1024K)]
  0x0000027b5666e8f0 JavaThread "File watcher server"        daemon [_thread_blocked, id=14512, stack(0x000000d98b600000,0x000000d98b700000) (1024K)]
  0x0000027b5666ceb0 JavaThread "File watcher consumer"      daemon [_thread_blocked, id=21352, stack(0x000000d98b700000,0x000000d98b800000) (1024K)]
  0x0000027b56670330 JavaThread "jar transforms"                    [_thread_blocked, id=8972, stack(0x000000d98b800000,0x000000d98b900000) (1024K)]
  0x0000027b5666d540 JavaThread "jar transforms Thread 2"           [_thread_blocked, id=15844, stack(0x000000d98b900000,0x000000d98ba00000) (1024K)]
  0x0000027b56671050 JavaThread "Cache worker for checksums cache (C:\Users\franc\OneDrive\Escritorio\LevelUp\.gradle\8.13\checksums)"        [_thread_blocked, id=2636, stack(0x000000d98ba00000,0x000000d98bb00000) (1024K)]
  0x0000027b5666ef80 JavaThread "Cache worker for file content cache (C:\Users\franc\.gradle\caches\8.13\fileContent)"        [_thread_blocked, id=9964, stack(0x000000d98bb00000,0x000000d98bc00000) (1024K)]
  0x0000027b5666e260 JavaThread "jar transforms Thread 3"           [_thread_blocked, id=21884, stack(0x000000d98bc00000,0x000000d98bd00000) (1024K)]
  0x0000027b5666f610 JavaThread "Cache worker for cache directory md-supplier (C:\Users\franc\.gradle\caches\8.13\md-supplier)"        [_thread_blocked, id=5452, stack(0x000000d98bd00000,0x000000d98be00000) (1024K)]
  0x0000027b5666fca0 JavaThread "Cache worker for cache directory md-rule (C:\Users\franc\.gradle\caches\8.13\md-rule)"        [_thread_blocked, id=27172, stack(0x000000d98be00000,0x000000d98bf00000) (1024K)]
  0x0000027b56672400 JavaThread "Unconstrained build operations"        [_thread_blocked, id=12272, stack(0x000000d98bf00000,0x000000d98c000000) (1024K)]
  0x0000027b566716e0 JavaThread "Unconstrained build operations Thread 2"        [_thread_blocked, id=25544, stack(0x000000d98c000000,0x000000d98c100000) (1024K)]
  0x0000027b566744d0 JavaThread "Unconstrained build operations Thread 3"        [_thread_blocked, id=12596, stack(0x000000d98c100000,0x000000d98c200000) (1024K)]
  0x0000027b56672a90 JavaThread "Unconstrained build operations Thread 4"        [_thread_blocked, id=16768, stack(0x000000d98c200000,0x000000d98c300000) (1024K)]
  0x0000027b56671d70 JavaThread "Unconstrained build operations Thread 5"        [_thread_blocked, id=23540, stack(0x000000d98c300000,0x000000d98c400000) (1024K)]
  0x0000027b56673120 JavaThread "Unconstrained build operations Thread 6"        [_thread_blocked, id=19340, stack(0x000000d98c400000,0x000000d98c500000) (1024K)]
  0x0000027b566737b0 JavaThread "Unconstrained build operations Thread 7"        [_thread_blocked, id=20956, stack(0x000000d98c500000,0x000000d98c600000) (1024K)]
  0x0000027b56673e40 JavaThread "Unconstrained build operations Thread 8"        [_thread_blocked, id=28568, stack(0x000000d98c600000,0x000000d98c700000) (1024K)]
  0x0000027b58fa09c0 JavaThread "Unconstrained build operations Thread 9"        [_thread_blocked, id=8668, stack(0x000000d98c700000,0x000000d98c800000) (1024K)]
  0x0000027b58f9e8f0 JavaThread "Unconstrained build operations Thread 10"        [_thread_blocked, id=3264, stack(0x000000d98c800000,0x000000d98c900000) (1024K)]
  0x0000027b58fa0330 JavaThread "jar transforms Thread 4"           [_thread_blocked, id=7368, stack(0x000000d98c900000,0x000000d98ca00000) (1024K)]
  0x0000027b58f9f610 JavaThread "jar transforms Thread 5"           [_thread_blocked, id=15632, stack(0x000000d98ca00000,0x000000d98cb00000) (1024K)]
  0x0000027b58f9dbd0 JavaThread "Unconstrained build operations Thread 11"        [_thread_blocked, id=25252, stack(0x000000d98cb00000,0x000000d98cc00000) (1024K)]
  0x0000027b58f9fca0 JavaThread "Unconstrained build operations Thread 12"        [_thread_blocked, id=28452, stack(0x000000d98cc00000,0x000000d98cd00000) (1024K)]
  0x0000027b58f9d540 JavaThread "Unconstrained build operations Thread 13"        [_thread_blocked, id=20520, stack(0x000000d98cd00000,0x000000d98ce00000) (1024K)]
  0x0000027b58fa1050 JavaThread "Unconstrained build operations Thread 14"        [_thread_blocked, id=436, stack(0x000000d98ce00000,0x000000d98cf00000) (1024K)]
  0x0000027b58f9ef80 JavaThread "Unconstrained build operations Thread 15"        [_thread_blocked, id=28256, stack(0x000000d98cf00000,0x000000d98d000000) (1024K)]
  0x0000027b58f9e260 JavaThread "jar transforms Thread 6"           [_thread_blocked, id=23868, stack(0x000000d98d000000,0x000000d98d100000) (1024K)]
  0x0000027b58fa44d0 JavaThread "jar transforms Thread 7"           [_thread_blocked, id=17108, stack(0x000000d98d100000,0x000000d98d200000) (1024K)]
  0x0000027b58fa1d70 JavaThread "jar transforms Thread 8"           [_thread_blocked, id=17032, stack(0x000000d98d200000,0x000000d98d300000) (1024K)]
  0x0000027b58fa2a90 JavaThread "Unconstrained build operations Thread 16"        [_thread_blocked, id=12312, stack(0x000000d98d300000,0x000000d98d400000) (1024K)]
  0x0000027b58fa3e40 JavaThread "Unconstrained build operations Thread 17"        [_thread_blocked, id=9492, stack(0x000000d98d400000,0x000000d98d500000) (1024K)]
  0x0000027b58fa16e0 JavaThread "Unconstrained build operations Thread 18"        [_thread_blocked, id=26080, stack(0x000000d98d500000,0x000000d98d600000) (1024K)]
  0x0000027b592fd6b0 JavaThread "Unconstrained build operations Thread 19"        [_thread_blocked, id=13168, stack(0x000000d98d600000,0x000000d98d700000) (1024K)]
  0x0000027b592fe3d0 JavaThread "Unconstrained build operations Thread 20"        [_thread_blocked, id=20372, stack(0x000000d98d700000,0x000000d98d800000) (1024K)]
  0x0000027b592fdd40 JavaThread "Unconstrained build operations Thread 21"        [_thread_blocked, id=22052, stack(0x000000d98d800000,0x000000d98d900000) (1024K)]
  0x0000027b593004a0 JavaThread "Unconstrained build operations Thread 22"        [_thread_blocked, id=6392, stack(0x000000d98d900000,0x000000d98da00000) (1024K)]
  0x0000027b592ff780 JavaThread "Unconstrained build operations Thread 23"        [_thread_blocked, id=8184, stack(0x000000d98da00000,0x000000d98db00000) (1024K)]
  0x0000027b592fd020 JavaThread "Unconstrained build operations Thread 24"        [_thread_blocked, id=8484, stack(0x000000d98db00000,0x000000d98dc00000) (1024K)]
  0x0000027b59300b30 JavaThread "Unconstrained build operations Thread 25"        [_thread_blocked, id=24612, stack(0x000000d98dc00000,0x000000d98dd00000) (1024K)]
  0x0000027b592ffe10 JavaThread "Unconstrained build operations Thread 26"        [_thread_blocked, id=23256, stack(0x000000d98dd00000,0x000000d98de00000) (1024K)]
  0x0000027b593011c0 JavaThread "Unconstrained build operations Thread 27"        [_thread_blocked, id=6136, stack(0x000000d98de00000,0x000000d98df00000) (1024K)]
  0x0000027b592ff0f0 JavaThread "Unconstrained build operations Thread 28"        [_thread_blocked, id=28248, stack(0x000000d98df00000,0x000000d98e000000) (1024K)]
  0x0000027b59301850 JavaThread "Unconstrained build operations Thread 29"        [_thread_blocked, id=21192, stack(0x000000d98e000000,0x000000d98e100000) (1024K)]
  0x0000027b59301ee0 JavaThread "Unconstrained build operations Thread 30"        [_thread_blocked, id=21872, stack(0x000000d98e100000,0x000000d98e200000) (1024K)]
  0x0000027b592fea60 JavaThread "Unconstrained build operations Thread 31"        [_thread_blocked, id=20428, stack(0x000000d98e200000,0x000000d98e300000) (1024K)]
  0x0000027b59302570 JavaThread "Unconstrained build operations Thread 32"        [_thread_blocked, id=22252, stack(0x000000d98e300000,0x000000d98e400000) (1024K)]
  0x0000027b59302c00 JavaThread "Unconstrained build operations Thread 33"        [_thread_blocked, id=23052, stack(0x000000d98e400000,0x000000d98e500000) (1024K)]
  0x0000027b59303290 JavaThread "Unconstrained build operations Thread 34"        [_thread_blocked, id=12920, stack(0x000000d98e500000,0x000000d98e600000) (1024K)]
  0x0000027b59303fb0 JavaThread "Unconstrained build operations Thread 35"        [_thread_blocked, id=21764, stack(0x000000d98e600000,0x000000d98e700000) (1024K)]
  0x0000027b59303920 JavaThread "Unconstrained build operations Thread 36"        [_thread_blocked, id=9676, stack(0x000000d98e700000,0x000000d98e800000) (1024K)]
  0x0000027b59304640 JavaThread "Unconstrained build operations Thread 37"        [_thread_blocked, id=16156, stack(0x000000d98e800000,0x000000d98e900000) (1024K)]
  0x0000027b59a6e8f0 JavaThread "Unconstrained build operations Thread 38"        [_thread_blocked, id=26752, stack(0x000000d98e900000,0x000000d98ea00000) (1024K)]
  0x0000027b59a6ef80 JavaThread "Unconstrained build operations Thread 39"        [_thread_blocked, id=11744, stack(0x000000d98ea00000,0x000000d98eb00000) (1024K)]
  0x0000027b59a72400 JavaThread "Unconstrained build operations Thread 40"        [_thread_blocked, id=20732, stack(0x000000d98eb00000,0x000000d98ec00000) (1024K)]
  0x0000027b59a709c0 JavaThread "Unconstrained build operations Thread 41"        [_thread_blocked, id=22812, stack(0x000000d98ec00000,0x000000d98ed00000) (1024K)]
  0x0000027b59a71d70 JavaThread "Unconstrained build operations Thread 42"        [_thread_blocked, id=4488, stack(0x000000d98ed00000,0x000000d98ee00000) (1024K)]
  0x0000027b59a72a90 JavaThread "Unconstrained build operations Thread 43"        [_thread_blocked, id=27284, stack(0x000000d98ee00000,0x000000d98ef00000) (1024K)]
  0x0000027b59a71050 JavaThread "Unconstrained build operations Thread 44"        [_thread_blocked, id=19516, stack(0x000000d98ef00000,0x000000d98f000000) (1024K)]
  0x0000027b59a716e0 JavaThread "Unconstrained build operations Thread 45"        [_thread_blocked, id=25208, stack(0x000000d98f000000,0x000000d98f100000) (1024K)]
  0x0000027b59a6f610 JavaThread "Unconstrained build operations Thread 46"        [_thread_blocked, id=23108, stack(0x000000d98f100000,0x000000d98f200000) (1024K)]
  0x0000027b59a73120 JavaThread "Unconstrained build operations Thread 47"        [_thread_blocked, id=19508, stack(0x000000d98f200000,0x000000d98f300000) (1024K)]
  0x0000027b59a6fca0 JavaThread "Unconstrained build operations Thread 48"        [_thread_blocked, id=26484, stack(0x000000d98f300000,0x000000d98f400000) (1024K)]
  0x0000027b59a73e40 JavaThread "build event listener"              [_thread_blocked, id=8716, stack(0x000000d98f400000,0x000000d98f500000) (1024K)]
  0x0000027b59a75f10 JavaThread "Memory manager"                    [_thread_blocked, id=5184, stack(0x000000d98f500000,0x000000d98f600000) (1024K)]
  0x0000027b5471cf60 JavaThread "build event listener"              [_thread_blocked, id=19416, stack(0x000000d98f600000,0x000000d98f700000) (1024K)]
  0x0000027b56a79d90 JavaThread "pool-3-thread-1"                   [_thread_blocked, id=16992, stack(0x000000d98f700000,0x000000d98f800000) (1024K)]
  0x0000027b56a7aab0 JavaThread "build event listener"              [_thread_blocked, id=17792, stack(0x000000d98f800000,0x000000d98f900000) (1024K)]
  0x0000027b5ad5e760 JavaThread "included builds"                   [_thread_blocked, id=22192, stack(0x000000d98f900000,0x000000d98fa00000) (1024K)]
  0x0000027b5ad5edf0 JavaThread "Execution worker"                  [_thread_blocked, id=10328, stack(0x000000d98fa00000,0x000000d98fb00000) (1024K)]
  0x0000027b5ad5c000 JavaThread "Execution worker Thread 2"         [_thread_blocked, id=16664, stack(0x000000d98fb00000,0x000000d98fc00000) (1024K)]
  0x0000027b5ad5b970 JavaThread "Execution worker Thread 3"         [_thread_blocked, id=27732, stack(0x000000d98fc00000,0x000000d98fd00000) (1024K)]
  0x0000027b5ad5f480 JavaThread "Execution worker Thread 4"         [_thread_blocked, id=24080, stack(0x000000d98fd00000,0x000000d98fe00000) (1024K)]
  0x0000027b5ad60830 JavaThread "Execution worker Thread 5"         [_thread_blocked, id=20052, stack(0x000000d98fe00000,0x000000d98ff00000) (1024K)]
  0x0000027b5ad5fb10 JavaThread "Execution worker Thread 6"         [_thread_blocked, id=1160, stack(0x000000d98ff00000,0x000000d990000000) (1024K)]
  0x0000027b5ad60ec0 JavaThread "Execution worker Thread 7"         [_thread_blocked, id=6408, stack(0x000000d990000000,0x000000d990100000) (1024K)]
  0x0000027b5ad62f90 JavaThread "Execution worker Thread 8"         [_thread_blocked, id=16584, stack(0x000000d990100000,0x000000d990200000) (1024K)]
  0x0000027b5ad61550 JavaThread "Execution worker Thread 9"         [_thread_blocked, id=27624, stack(0x000000d990200000,0x000000d990300000) (1024K)]
  0x0000027b5ad62900 JavaThread "Execution worker Thread 10"        [_thread_blocked, id=26512, stack(0x000000d990300000,0x000000d990400000) (1024K)]
  0x0000027b5ad61be0 JavaThread "Execution worker Thread 11"        [_thread_blocked, id=21748, stack(0x000000d990400000,0x000000d990500000) (1024K)]
  0x0000027b5ad601a0 JavaThread "Cache worker for execution history cache (C:\Users\franc\OneDrive\Escritorio\LevelUp\.gradle\8.13\executionHistory)"        [_thread_blocked, id=4796, stack(0x000000d990500000,0x000000d990600000) (1024K)]
  0x0000027b599376b0 JavaThread "Unconstrained build operations Thread 49"        [_thread_blocked, id=10988, stack(0x000000d990600000,0x000000d990700000) (1024K)]
  0x0000027b59938a60 JavaThread "Unconstrained build operations Thread 50"        [_thread_blocked, id=26460, stack(0x000000d990700000,0x000000d990800000) (1024K)]
  0x0000027b599390f0 JavaThread "Unconstrained build operations Thread 51"        [_thread_blocked, id=23584, stack(0x000000d990800000,0x000000d990900000) (1024K)]
  0x0000027b59937020 JavaThread "Unconstrained build operations Thread 52"        [_thread_blocked, id=24000, stack(0x000000d990900000,0x000000d990a00000) (1024K)]
  0x0000027b59936990 JavaThread "Unconstrained build operations Thread 53"        [_thread_blocked, id=1952, stack(0x000000d990a00000,0x000000d990b00000) (1024K)]
  0x0000027b599383d0 JavaThread "Unconstrained build operations Thread 54"        [_thread_blocked, id=13056, stack(0x000000d990b00000,0x000000d990c00000) (1024K)]
  0x0000027b59939780 JavaThread "Unconstrained build operations Thread 55"        [_thread_blocked, id=8780, stack(0x000000d990c00000,0x000000d990d00000) (1024K)]
  0x0000027b5993a4a0 JavaThread "Unconstrained build operations Thread 56"        [_thread_blocked, id=22464, stack(0x000000d990d00000,0x000000d990e00000) (1024K)]
  0x0000027b59939e10 JavaThread "Unconstrained build operations Thread 57"        [_thread_blocked, id=20260, stack(0x000000d990e00000,0x000000d990f00000) (1024K)]
  0x0000027b5993ab30 JavaThread "Unconstrained build operations Thread 58"        [_thread_blocked, id=832, stack(0x000000d990f00000,0x000000d991000000) (1024K)]
  0x0000027b5993b1c0 JavaThread "Unconstrained build operations Thread 59"        [_thread_blocked, id=912, stack(0x000000d991000000,0x000000d991100000) (1024K)]
  0x0000027b5993d920 JavaThread "Unconstrained build operations Thread 60"        [_thread_blocked, id=3596, stack(0x000000d991100000,0x000000d991200000) (1024K)]
  0x0000027b5993b850 JavaThread "Unconstrained build operations Thread 61"        [_thread_blocked, id=8432, stack(0x000000d991200000,0x000000d991300000) (1024K)]
  0x0000027b5993dfb0 JavaThread "Unconstrained build operations Thread 62"        [_thread_blocked, id=23300, stack(0x000000d991300000,0x000000d991400000) (1024K)]
  0x0000027b5993d290 JavaThread "Unconstrained build operations Thread 63"        [_thread_blocked, id=6244, stack(0x000000d991400000,0x000000d991500000) (1024K)]
  0x0000027b5993bee0 JavaThread "Unconstrained build operations Thread 64"        [_thread_blocked, id=21004, stack(0x000000d991500000,0x000000d991600000) (1024K)]
  0x0000027b5993c570 JavaThread "Unconstrained build operations Thread 65"        [_thread_blocked, id=5124, stack(0x000000d991600000,0x000000d991700000) (1024K)]
  0x0000027b5993cc00 JavaThread "Unconstrained build operations Thread 66"        [_thread_blocked, id=14676, stack(0x000000d991700000,0x000000d991800000) (1024K)]
  0x0000027b56a79070 JavaThread "Unconstrained build operations Thread 67"        [_thread_blocked, id=9376, stack(0x000000d991800000,0x000000d991900000) (1024K)]
  0x0000027b56a79700 JavaThread "Unconstrained build operations Thread 68"        [_thread_blocked, id=23064, stack(0x000000d991900000,0x000000d991a00000) (1024K)]
  0x0000027b56a7cb80 JavaThread "Unconstrained build operations Thread 69"        [_thread_blocked, id=10880, stack(0x000000d991a00000,0x000000d991b00000) (1024K)]
  0x0000027b56a7e5c0 JavaThread "Unconstrained build operations Thread 70"        [_thread_blocked, id=13088, stack(0x000000d991b00000,0x000000d991c00000) (1024K)]
  0x0000027b56a7df30 JavaThread "Unconstrained build operations Thread 71"        [_thread_blocked, id=20588, stack(0x000000d991c00000,0x000000d991d00000) (1024K)]
  0x0000027b56a7b140 JavaThread "Unconstrained build operations Thread 72"        [_thread_blocked, id=5616, stack(0x000000d991d00000,0x000000d991e00000) (1024K)]
  0x0000027b56a7ec50 JavaThread "Unconstrained build operations Thread 73"        [_thread_blocked, id=22424, stack(0x000000d991e00000,0x000000d991f00000) (1024K)]
  0x0000027b56a7b7d0 JavaThread "Unconstrained build operations Thread 74"        [_thread_blocked, id=18016, stack(0x000000d991f00000,0x000000d992000000) (1024K)]
  0x0000027b56a7f2e0 JavaThread "Unconstrained build operations Thread 75"        [_thread_blocked, id=7712, stack(0x000000d992000000,0x000000d992100000) (1024K)]
  0x0000027b56a7be60 JavaThread "Unconstrained build operations Thread 76"        [_thread_blocked, id=25456, stack(0x000000d992100000,0x000000d992200000) (1024K)]
  0x0000027b56a7f970 JavaThread "Unconstrained build operations Thread 77"        [_thread_blocked, id=20636, stack(0x000000d992200000,0x000000d992300000) (1024K)]
  0x0000027b56a80690 JavaThread "Unconstrained build operations Thread 78"        [_thread_blocked, id=3068, stack(0x000000d992300000,0x000000d992400000) (1024K)]
  0x0000027b56a80000 JavaThread "Unconstrained build operations Thread 79"        [_thread_blocked, id=9324, stack(0x000000d992400000,0x000000d992500000) (1024K)]
  0x0000027b5471dc80 JavaThread "Unconstrained build operations Thread 80"        [_thread_blocked, id=24388, stack(0x000000d992500000,0x000000d992600000) (1024K)]
  0x0000027b5471a800 JavaThread "Unconstrained build operations Thread 81"        [_thread_blocked, id=14324, stack(0x000000d992600000,0x000000d992700000) (1024K)]
  0x0000027b5471e310 JavaThread "Unconstrained build operations Thread 82"        [_thread_blocked, id=1752, stack(0x000000d992700000,0x000000d992800000) (1024K)]
  0x0000027b5471ae90 JavaThread "Unconstrained build operations Thread 83"        [_thread_blocked, id=11768, stack(0x000000d992800000,0x000000d992900000) (1024K)]
  0x0000027b5471f030 JavaThread "Unconstrained build operations Thread 84"        [_thread_blocked, id=9584, stack(0x000000d992900000,0x000000d992a00000) (1024K)]
  0x0000027b5471e9a0 JavaThread "Unconstrained build operations Thread 85"        [_thread_blocked, id=22644, stack(0x000000d992a00000,0x000000d992b00000) (1024K)]
  0x0000027b5471f6c0 JavaThread "Unconstrained build operations Thread 86"        [_thread_blocked, id=21464, stack(0x000000d992b00000,0x000000d992c00000) (1024K)]
  0x0000027b5471fd50 JavaThread "Unconstrained build operations Thread 87"        [_thread_blocked, id=18420, stack(0x000000d992c00000,0x000000d992d00000) (1024K)]
  0x0000027b5ad5cd20 JavaThread "Unconstrained build operations Thread 88"        [_thread_blocked, id=25740, stack(0x000000d992d00000,0x000000d992e00000) (1024K)]
  0x0000027b5ad5c690 JavaThread "Unconstrained build operations Thread 89"        [_thread_blocked, id=25652, stack(0x000000d992e00000,0x000000d992f00000) (1024K)]
  0x0000027b5ad5d3b0 JavaThread "Unconstrained build operations Thread 90"        [_thread_blocked, id=14352, stack(0x000000d992f00000,0x000000d993000000) (1024K)]
  0x0000027b5ad5da40 JavaThread "Unconstrained build operations Thread 91"        [_thread_blocked, id=26856, stack(0x000000d993000000,0x000000d993100000) (1024K)]
  0x0000027b5ad5e0d0 JavaThread "Unconstrained build operations Thread 92"        [_thread_blocked, id=22524, stack(0x000000d993100000,0x000000d993200000) (1024K)]
  0x0000027b59a75880 JavaThread "Unconstrained build operations Thread 93"        [_thread_blocked, id=28212, stack(0x000000d993200000,0x000000d993300000) (1024K)]
  0x0000027b59d540d0 JavaThread "Unconstrained build operations Thread 94"        [_thread_blocked, id=15076, stack(0x000000d993300000,0x000000d993400000) (1024K)]
  0x0000027b59d52000 JavaThread "Unconstrained build operations Thread 95"        [_thread_blocked, id=23820, stack(0x000000d993400000,0x000000d993500000) (1024K)]
  0x0000027b59d52d20 JavaThread "Unconstrained build operations Thread 96"        [_thread_blocked, id=17700, stack(0x000000d993500000,0x000000d993600000) (1024K)]
  0x0000027b59d54760 JavaThread "Unconstrained build operations Thread 97"        [_thread_blocked, id=17156, stack(0x000000d993600000,0x000000d993700000) (1024K)]
  0x0000027b59d533b0 JavaThread "Unconstrained build operations Thread 98"        [_thread_blocked, id=27412, stack(0x000000d993700000,0x000000d993800000) (1024K)]
  0x0000027b59d54df0 JavaThread "Unconstrained build operations Thread 99"        [_thread_blocked, id=25364, stack(0x000000d993800000,0x000000d993900000) (1024K)]
  0x0000027b59d51970 JavaThread "Unconstrained build operations Thread 100"        [_thread_blocked, id=15660, stack(0x000000d993900000,0x000000d993a00000) (1024K)]
  0x0000027b59d53a40 JavaThread "Unconstrained build operations Thread 101"        [_thread_blocked, id=22728, stack(0x000000d993a00000,0x000000d993b00000) (1024K)]
  0x0000027b59d52690 JavaThread "Unconstrained build operations Thread 102"        [_thread_blocked, id=28564, stack(0x000000d993b00000,0x000000d993c00000) (1024K)]
  0x0000027b59d56830 JavaThread "Unconstrained build operations Thread 103"        [_thread_blocked, id=10932, stack(0x000000d993c00000,0x000000d993d00000) (1024K)]
  0x0000027b59d55b10 JavaThread "Unconstrained build operations Thread 104"        [_thread_blocked, id=13740, stack(0x000000d993d00000,0x000000d993e00000) (1024K)]
  0x0000027b59d56ec0 JavaThread "Unconstrained build operations Thread 105"        [_thread_blocked, id=18112, stack(0x000000d993e00000,0x000000d993f00000) (1024K)]
  0x0000027b59d55480 JavaThread "Unconstrained build operations Thread 106"        [_thread_blocked, id=25532, stack(0x000000d993f00000,0x000000d994000000) (1024K)]
  0x0000027b59d58900 JavaThread "Unconstrained build operations Thread 107"        [_thread_blocked, id=27828, stack(0x000000d994000000,0x000000d994100000) (1024K)]
  0x0000027b59d57550 JavaThread "Unconstrained build operations Thread 108"        [_thread_blocked, id=23112, stack(0x000000d994100000,0x000000d994200000) (1024K)]
  0x0000027b59d58f90 JavaThread "Unconstrained build operations Thread 109"        [_thread_blocked, id=10924, stack(0x000000d994200000,0x000000d994300000) (1024K)]
  0x0000027b59d57be0 JavaThread "Unconstrained build operations Thread 110"        [_thread_blocked, id=28488, stack(0x000000d994300000,0x000000d994400000) (1024K)]
  0x0000027b59d59620 JavaThread "Unconstrained build operations Thread 111"        [_thread_blocked, id=22032, stack(0x000000d994400000,0x000000d994500000) (1024K)]
  0x0000027b59d561a0 JavaThread "Unconstrained build operations Thread 112"        [_thread_blocked, id=23788, stack(0x000000d994500000,0x000000d994600000) (1024K)]
  0x0000027b59d5a9d0 JavaThread "Unconstrained build operations Thread 113"        [_thread_blocked, id=21244, stack(0x000000d994600000,0x000000d994700000) (1024K)]
  0x0000027b59d5b060 JavaThread "Unconstrained build operations Thread 114"        [_thread_blocked, id=12956, stack(0x000000d994700000,0x000000d994800000) (1024K)]
  0x0000027b59d5b6f0 JavaThread "Unconstrained build operations Thread 115"        [_thread_blocked, id=22772, stack(0x000000d994800000,0x000000d994900000) (1024K)]
  0x0000027b59d58270 JavaThread "Unconstrained build operations Thread 116"        [_thread_blocked, id=3140, stack(0x000000d994900000,0x000000d994a00000) (1024K)]
  0x0000027b5a519ed0 JavaThread "Unconstrained build operations Thread 117"        [_thread_blocked, id=26268, stack(0x000000d994a00000,0x000000d994b00000) (1024K)]
  0x0000027b5a51b280 JavaThread "Unconstrained build operations Thread 118"        [_thread_blocked, id=15672, stack(0x000000d994b00000,0x000000d994c00000) (1024K)]
  0x0000027b5a51ccc0 JavaThread "Unconstrained build operations Thread 119"        [_thread_blocked, id=26244, stack(0x000000d994c00000,0x000000d994d00000) (1024K)]
  0x0000027b5a519840 JavaThread "Unconstrained build operations Thread 120"        [_thread_blocked, id=10992, stack(0x000000d994d00000,0x000000d994e00000) (1024K)]
  0x0000027b5a511500 JavaThread "WorkerExecutor Queue"              [_thread_blocked, id=20072, stack(0x000000d994e00000,0x000000d994f00000) (1024K)]
  0x0000027b5a511b90 JavaThread "RMI Scheduler(0)"           daemon [_thread_blocked, id=19768, stack(0x000000d994f00000,0x000000d995000000) (1024K)]
  0x0000027b5a5128b0 JavaThread "RMI GC Daemon"              daemon [_thread_blocked, id=8884, stack(0x000000d995100000,0x000000d995200000) (1024K)]
  0x0000027b5a510150 JavaThread "RMI TCP Accept-0"           daemon [_thread_in_native, id=24924, stack(0x000000d995200000,0x000000d995300000) (1024K)]
  0x0000027b5a513c60 JavaThread "RMI Reaper"                        [_thread_blocked, id=26764, stack(0x000000d995300000,0x000000d995400000) (1024K)]
  0x0000027b5a5107e0 JavaThread "RMI TCP Connection(1)-127.0.0.1" daemon [_thread_in_native, id=15988, stack(0x000000d995400000,0x000000d995500000) (1024K)]
Total: 186

Other Threads:
=>0x0000027b4db6c310 VMThread "VM Thread"                           [id=2284, stack(0x000000d988f00000,0x000000d989000000) (1024K)]
  0x0000027b4db60da0 WatcherThread "VM Periodic Task Thread"        [id=8792, stack(0x000000d988e00000,0x000000d988f00000) (1024K)]
  0x0000027b35fe4c80 WorkerThread "GC Thread#0"                     [id=7160, stack(0x000000d988900000,0x000000d988a00000) (1024K)]
  0x0000027b522da150 WorkerThread "GC Thread#1"                     [id=1608, stack(0x000000d989c00000,0x000000d989d00000) (1024K)]
  0x0000027b52701800 WorkerThread "GC Thread#2"                     [id=16040, stack(0x000000d989d00000,0x000000d989e00000) (1024K)]
  0x0000027b523c1720 WorkerThread "GC Thread#3"                     [id=12580, stack(0x000000d989e00000,0x000000d989f00000) (1024K)]
  0x0000027b5254bd80 WorkerThread "GC Thread#4"                     [id=10016, stack(0x000000d989f00000,0x000000d98a000000) (1024K)]
  0x0000027b5254c120 WorkerThread "GC Thread#5"                     [id=4672, stack(0x000000d98a000000,0x000000d98a100000) (1024K)]
  0x0000027b525c0db0 WorkerThread "GC Thread#6"                     [id=25996, stack(0x000000d98a200000,0x000000d98a300000) (1024K)]
  0x0000027b53deb010 WorkerThread "GC Thread#7"                     [id=3800, stack(0x000000d98a300000,0x000000d98a400000) (1024K)]
  0x0000027b52f92480 WorkerThread "GC Thread#8"                     [id=24536, stack(0x000000d98a400000,0x000000d98a500000) (1024K)]
  0x0000027b53fb59a0 WorkerThread "GC Thread#9"                     [id=12912, stack(0x000000d98ae00000,0x000000d98af00000) (1024K)]
  0x0000027b35ff5b70 ConcurrentGCThread "G1 Main Marker"            [id=5664, stack(0x000000d988a00000,0x000000d988b00000) (1024K)]
  0x0000027b35ff83d0 WorkerThread "G1 Conc#0"                       [id=25980, stack(0x000000d988b00000,0x000000d988c00000) (1024K)]
  0x0000027b53fb6bc0 WorkerThread "G1 Conc#1"                       [id=14192, stack(0x000000d98af00000,0x000000d98b000000) (1024K)]
  0x0000027b53fb5600 WorkerThread "G1 Conc#2"                       [id=8352, stack(0x000000d98b000000,0x000000d98b100000) (1024K)]
  0x0000027b4d9d6250 ConcurrentGCThread "G1 Refine#0"               [id=16460, stack(0x000000d988c00000,0x000000d988d00000) (1024K)]
  0x0000027b4d9d7b80 ConcurrentGCThread "G1 Service"                [id=18448, stack(0x000000d988d00000,0x000000d988e00000) (1024K)]
Total: 18

Threads with active compile tasks:
C2 CompilerThread0  22852 23506 %     4       com.android.tools.r8.internal.ed0::b @ 454 (3604 bytes)
C2 CompilerThread1  22852 23698       4       com.android.tools.r8.internal.r32::a (3042 bytes)
C2 CompilerThread2  22852 23523       4       com.android.tools.r8.internal.r32::a (2024 bytes)
Total: 3

VM state: at safepoint (normal execution)

VM Mutex/Monitor currently owned by a thread:  ([mutex/lock_event])
[0x00007fff863585b8] Threads_lock - owner thread: 0x0000027b4db6c310
[0x00007fff863586b8] Heap_lock - owner thread: 0x0000027b56a7b140

Heap address: 0x0000000080000000, size: 2048 MB, Compressed Oops mode: 32-bit

CDS archive(s) not mapped
Compressed class space mapped at: 0x0000000100000000-0x0000000140000000, reserved size: 1073741824
Narrow klass base: 0x0000000000000000, Narrow klass shift: 3, Narrow klass range: 0x140000000

GC Precious Log:
 CardTable entry size: 512
 Card Set container configuration: InlinePtr #cards 5 size 8 Array Of Cards #cards 12 size 40 Howl #buckets 4 coarsen threshold 1843 Howl Bitmap #cards 512 size 80 coarsen threshold 460 Card regions per heap region 1 cards per card region 2048
 CPUs: 12 total, 12 available
 Memory: 16022M
 Large Page Support: Disabled
 NUMA Support: Disabled
 Compressed Oops: Enabled (32-bit)
 Heap Region Size: 1M
 Heap Min Capacity: 8M
 Heap Initial Capacity: 252M
 Heap Max Capacity: 2G
 Pre-touch: Disabled
 Parallel Workers: 10
 Concurrent Workers: 3
 Concurrent Refinement Workers: 10
 Periodic GC: Disabled

Heap:
 garbage-first heap   total 786432K, used 348144K [0x0000000080000000, 0x0000000100000000)
  region size 1024K, 34 young (34816K), 34 survivors (34816K)
 Metaspace       used 152457K, committed 154880K, reserved 1245184K
  class space    used 21634K, committed 22848K, reserved 1048576K

Heap Regions: E=young(eden), S=young(survivor), O=old, HS=humongous(starts), HC=humongous(continues), CS=collection set, F=free, TAMS=top-at-mark-start, PB=parsable bottom
|   0|0x0000000080000000, 0x0000000080100000, 0x0000000080100000|100%|HS|  |TAMS 0x0000000080000000| PB 0x0000000080000000| Complete 
|   1|0x0000000080100000, 0x0000000080200000, 0x0000000080200000|100%|HC|  |TAMS 0x0000000080100000| PB 0x0000000080100000| Complete 
|   2|0x0000000080200000, 0x0000000080300000, 0x0000000080300000|100%|HC|  |TAMS 0x0000000080200000| PB 0x0000000080200000| Complete 
|   3|0x0000000080300000, 0x0000000080400000, 0x0000000080400000|100%| O|  |TAMS 0x0000000080300000| PB 0x0000000080300000| Untracked 
|   4|0x0000000080400000, 0x0000000080500000, 0x0000000080500000|100%| O|  |TAMS 0x0000000080400000| PB 0x0000000080400000| Untracked 
|   5|0x0000000080500000, 0x0000000080600000, 0x0000000080600000|100%| O|  |TAMS 0x0000000080500000| PB 0x0000000080500000| Untracked 
|   6|0x0000000080600000, 0x0000000080700000, 0x0000000080700000|100%|HS|  |TAMS 0x0000000080600000| PB 0x0000000080600000| Complete 
|   7|0x0000000080700000, 0x0000000080800000, 0x0000000080800000|100%| O|  |TAMS 0x0000000080700000| PB 0x0000000080700000| Untracked 
|   8|0x0000000080800000, 0x0000000080900000, 0x0000000080900000|100%| O|  |TAMS 0x0000000080800000| PB 0x0000000080800000| Untracked 
|   9|0x0000000080900000, 0x0000000080a00000, 0x0000000080a00000|100%| O|  |TAMS 0x0000000080900000| PB 0x0000000080900000| Untracked 
|  10|0x0000000080a00000, 0x0000000080b00000, 0x0000000080b00000|100%| O|  |TAMS 0x0000000080a00000| PB 0x0000000080a00000| Untracked 
|  11|0x0000000080b00000, 0x0000000080c00000, 0x0000000080c00000|100%| O|  |TAMS 0x0000000080b00000| PB 0x0000000080b00000| Untracked 
|  12|0x0000000080c00000, 0x0000000080d00000, 0x0000000080d00000|100%| O|  |TAMS 0x0000000080c00000| PB 0x0000000080c00000| Untracked 
|  13|0x0000000080d00000, 0x0000000080e00000, 0x0000000080e00000|100%| O|  |TAMS 0x0000000080d00000| PB 0x0000000080d00000| Untracked 
|  14|0x0000000080e00000, 0x0000000080f00000, 0x0000000080f00000|100%| O|  |TAMS 0x0000000080e00000| PB 0x0000000080e00000| Untracked 
|  15|0x0000000080f00000, 0x0000000081000000, 0x0000000081000000|100%| O|  |TAMS 0x0000000080f00000| PB 0x0000000080f00000| Untracked 
|  16|0x0000000081000000, 0x0000000081100000, 0x0000000081100000|100%| O|  |TAMS 0x0000000081000000| PB 0x0000000081000000| Untracked 
|  17|0x0000000081100000, 0x0000000081200000, 0x0000000081200000|100%| O|  |TAMS 0x0000000081100000| PB 0x0000000081100000| Untracked 
|  18|0x0000000081200000, 0x0000000081300000, 0x0000000081300000|100%| O|  |TAMS 0x0000000081200000| PB 0x0000000081200000| Untracked 
|  19|0x0000000081300000, 0x0000000081400000, 0x0000000081400000|100%| O|  |TAMS 0x0000000081300000| PB 0x0000000081300000| Untracked 
|  20|0x0000000081400000, 0x0000000081500000, 0x0000000081500000|100%| O|  |TAMS 0x0000000081400000| PB 0x0000000081400000| Untracked 
|  21|0x0000000081500000, 0x0000000081600000, 0x0000000081600000|100%| O|  |TAMS 0x0000000081500000| PB 0x0000000081500000| Untracked 
|  22|0x0000000081600000, 0x0000000081700000, 0x0000000081700000|100%| O|  |TAMS 0x0000000081600000| PB 0x0000000081600000| Untracked 
|  23|0x0000000081700000, 0x0000000081800000, 0x0000000081800000|100%| O|  |TAMS 0x0000000081700000| PB 0x0000000081700000| Untracked 
|  24|0x0000000081800000, 0x0000000081900000, 0x0000000081900000|100%| O|  |TAMS 0x0000000081800000| PB 0x0000000081800000| Untracked 
|  25|0x0000000081900000, 0x0000000081a00000, 0x0000000081a00000|100%| O|  |TAMS 0x0000000081900000| PB 0x0000000081900000| Untracked 
|  26|0x0000000081a00000, 0x0000000081b00000, 0x0000000081b00000|100%| O|  |TAMS 0x0000000081a00000| PB 0x0000000081a00000| Untracked 
|  27|0x0000000081b00000, 0x0000000081c00000, 0x0000000081c00000|100%| O|  |TAMS 0x0000000081b00000| PB 0x0000000081b00000| Untracked 
|  28|0x0000000081c00000, 0x0000000081d00000, 0x0000000081d00000|100%| O|  |TAMS 0x0000000081c00000| PB 0x0000000081c00000| Untracked 
|  29|0x0000000081d00000, 0x0000000081e00000, 0x0000000081e00000|100%| O|  |TAMS 0x0000000081d00000| PB 0x0000000081d00000| Untracked 
|  30|0x0000000081e00000, 0x0000000081f00000, 0x0000000081f00000|100%| O|  |TAMS 0x0000000081e00000| PB 0x0000000081e00000| Untracked 
|  31|0x0000000081f00000, 0x0000000082000000, 0x0000000082000000|100%| O|  |TAMS 0x0000000081f00000| PB 0x0000000081f00000| Untracked 
|  32|0x0000000082000000, 0x0000000082100000, 0x0000000082100000|100%| O|  |TAMS 0x0000000082000000| PB 0x0000000082000000| Untracked 
|  33|0x0000000082100000, 0x0000000082200000, 0x0000000082200000|100%| O|  |TAMS 0x0000000082100000| PB 0x0000000082100000| Untracked 
|  34|0x0000000082200000, 0x0000000082300000, 0x0000000082300000|100%| O|  |TAMS 0x0000000082200000| PB 0x0000000082200000| Untracked 
|  35|0x0000000082300000, 0x0000000082400000, 0x0000000082400000|100%| O|  |TAMS 0x0000000082300000| PB 0x0000000082300000| Untracked 
|  36|0x0000000082400000, 0x0000000082500000, 0x0000000082500000|100%| O|  |TAMS 0x0000000082400000| PB 0x0000000082400000| Untracked 
|  37|0x0000000082500000, 0x0000000082600000, 0x0000000082600000|100%| O|  |TAMS 0x0000000082500000| PB 0x0000000082500000| Untracked 
|  38|0x0000000082600000, 0x0000000082700000, 0x0000000082700000|100%|HS|  |TAMS 0x0000000082600000| PB 0x0000000082600000| Complete 
|  39|0x0000000082700000, 0x0000000082800000, 0x0000000082800000|100%|HC|  |TAMS 0x0000000082700000| PB 0x0000000082700000| Complete 
|  40|0x0000000082800000, 0x0000000082900000, 0x0000000082900000|100%| O|  |TAMS 0x0000000082800000| PB 0x0000000082800000| Untracked 
|  41|0x0000000082900000, 0x0000000082a00000, 0x0000000082a00000|100%| O|  |TAMS 0x0000000082900000| PB 0x0000000082900000| Untracked 
|  42|0x0000000082a00000, 0x0000000082b00000, 0x0000000082b00000|100%| O|  |TAMS 0x0000000082a00000| PB 0x0000000082a00000| Untracked 
|  43|0x0000000082b00000, 0x0000000082c00000, 0x0000000082c00000|100%| O|  |TAMS 0x0000000082b00000| PB 0x0000000082b00000| Untracked 
|  44|0x0000000082c00000, 0x0000000082d00000, 0x0000000082d00000|100%| O|  |TAMS 0x0000000082c00000| PB 0x0000000082c00000| Untracked 
|  45|0x0000000082d00000, 0x0000000082e00000, 0x0000000082e00000|100%| O|  |TAMS 0x0000000082d00000| PB 0x0000000082d00000| Untracked 
|  46|0x0000000082e00000, 0x0000000082f00000, 0x0000000082f00000|100%| O|  |TAMS 0x0000000082e00000| PB 0x0000000082e00000| Untracked 
|  47|0x0000000082f00000, 0x0000000083000000, 0x0000000083000000|100%| O|  |TAMS 0x0000000082f00000| PB 0x0000000082f00000| Untracked 
|  48|0x0000000083000000, 0x0000000083100000, 0x0000000083100000|100%| O|  |TAMS 0x0000000083000000| PB 0x0000000083000000| Untracked 
|  49|0x0000000083100000, 0x0000000083200000, 0x0000000083200000|100%| O|  |TAMS 0x0000000083100000| PB 0x0000000083100000| Untracked 
|  50|0x0000000083200000, 0x0000000083300000, 0x0000000083300000|100%| O|  |TAMS 0x0000000083200000| PB 0x0000000083200000| Untracked 
|  51|0x0000000083300000, 0x0000000083400000, 0x0000000083400000|100%|HS|  |TAMS 0x0000000083300000| PB 0x0000000083300000| Complete 
|  52|0x0000000083400000, 0x0000000083500000, 0x0000000083500000|100%| O|  |TAMS 0x0000000083400000| PB 0x0000000083400000| Untracked 
|  53|0x0000000083500000, 0x0000000083600000, 0x0000000083600000|100%| O|  |TAMS 0x0000000083500000| PB 0x0000000083500000| Untracked 
|  54|0x0000000083600000, 0x0000000083700000, 0x0000000083700000|100%|HS|  |TAMS 0x0000000083600000| PB 0x0000000083600000| Complete 
|  55|0x0000000083700000, 0x0000000083800000, 0x0000000083800000|100%|HS|  |TAMS 0x0000000083700000| PB 0x0000000083700000| Complete 
|  56|0x0000000083800000, 0x0000000083900000, 0x0000000083900000|100%|HC|  |TAMS 0x0000000083800000| PB 0x0000000083800000| Complete 
|  57|0x0000000083900000, 0x0000000083a00000, 0x0000000083a00000|100%|HS|  |TAMS 0x0000000083900000| PB 0x0000000083900000| Complete 
|  58|0x0000000083a00000, 0x0000000083b00000, 0x0000000083b00000|100%| O|  |TAMS 0x0000000083a00000| PB 0x0000000083a00000| Untracked 
|  59|0x0000000083b00000, 0x0000000083c00000, 0x0000000083c00000|100%|HS|  |TAMS 0x0000000083b00000| PB 0x0000000083b00000| Complete 
|  60|0x0000000083c00000, 0x0000000083d00000, 0x0000000083d00000|100%|HC|  |TAMS 0x0000000083c00000| PB 0x0000000083c00000| Complete 
|  61|0x0000000083d00000, 0x0000000083e00000, 0x0000000083e00000|100%|HS|  |TAMS 0x0000000083d00000| PB 0x0000000083d00000| Complete 
|  62|0x0000000083e00000, 0x0000000083f00000, 0x0000000083f00000|100%| O|  |TAMS 0x0000000083e00000| PB 0x0000000083e00000| Untracked 
|  63|0x0000000083f00000, 0x0000000084000000, 0x0000000084000000|100%| O|  |TAMS 0x0000000083f00000| PB 0x0000000083f00000| Untracked 
|  64|0x0000000084000000, 0x0000000084100000, 0x0000000084100000|100%| O|  |TAMS 0x0000000084000000| PB 0x0000000084000000| Untracked 
|  65|0x0000000084100000, 0x0000000084200000, 0x0000000084200000|100%| O|  |TAMS 0x0000000084100000| PB 0x0000000084100000| Untracked 
|  66|0x0000000084200000, 0x0000000084300000, 0x0000000084300000|100%| O|  |TAMS 0x0000000084200000| PB 0x0000000084200000| Untracked 
|  67|0x0000000084300000, 0x0000000084400000, 0x0000000084400000|100%|HS|  |TAMS 0x0000000084300000| PB 0x0000000084300000| Complete 
|  68|0x0000000084400000, 0x0000000084500000, 0x0000000084500000|100%|HC|  |TAMS 0x0000000084400000| PB 0x0000000084400000| Complete 
|  69|0x0000000084500000, 0x0000000084600000, 0x0000000084600000|100%|HC|  |TAMS 0x0000000084500000| PB 0x0000000084500000| Complete 
|  70|0x0000000084600000, 0x0000000084700000, 0x0000000084700000|100%|HS|  |TAMS 0x0000000084600000| PB 0x0000000084600000| Complete 
|  71|0x0000000084700000, 0x0000000084800000, 0x0000000084800000|100%|HS|  |TAMS 0x0000000084700000| PB 0x0000000084700000| Complete 
|  72|0x0000000084800000, 0x0000000084900000, 0x0000000084900000|100%|HS|  |TAMS 0x0000000084800000| PB 0x0000000084800000| Complete 
|  73|0x0000000084900000, 0x0000000084a00000, 0x0000000084a00000|100%|HC|  |TAMS 0x0000000084900000| PB 0x0000000084900000| Complete 
|  74|0x0000000084a00000, 0x0000000084b00000, 0x0000000084b00000|100%|HC|  |TAMS 0x0000000084a00000| PB 0x0000000084a00000| Complete 
|  75|0x0000000084b00000, 0x0000000084c00000, 0x0000000084c00000|100%|HS|  |TAMS 0x0000000084b00000| PB 0x0000000084b00000| Complete 
|  76|0x0000000084c00000, 0x0000000084d00000, 0x0000000084d00000|100%| O|  |TAMS 0x0000000084c00000| PB 0x0000000084c00000| Untracked 
|  77|0x0000000084d00000, 0x0000000084e00000, 0x0000000084e00000|100%| O|  |TAMS 0x0000000084d00000| PB 0x0000000084d00000| Untracked 
|  78|0x0000000084e00000, 0x0000000084f00000, 0x0000000084f00000|100%| O|  |TAMS 0x0000000084e00000| PB 0x0000000084e00000| Untracked 
|  79|0x0000000084f00000, 0x0000000085000000, 0x0000000085000000|100%| O|  |TAMS 0x0000000084f00000| PB 0x0000000084f00000| Untracked 
|  80|0x0000000085000000, 0x0000000085100000, 0x0000000085100000|100%| O|  |TAMS 0x0000000085000000| PB 0x0000000085000000| Untracked 
|  81|0x0000000085100000, 0x0000000085200000, 0x0000000085200000|100%| O|  |TAMS 0x0000000085100000| PB 0x0000000085100000| Untracked 
|  82|0x0000000085200000, 0x0000000085300000, 0x0000000085300000|100%| O|  |TAMS 0x0000000085200000| PB 0x0000000085200000| Untracked 
|  83|0x0000000085300000, 0x0000000085400000, 0x0000000085400000|100%| O|  |TAMS 0x0000000085300000| PB 0x0000000085300000| Untracked 
|  84|0x0000000085400000, 0x0000000085500000, 0x0000000085500000|100%| O|  |TAMS 0x0000000085400000| PB 0x0000000085400000| Untracked 
|  85|0x0000000085500000, 0x0000000085600000, 0x0000000085600000|100%| O|  |TAMS 0x0000000085500000| PB 0x0000000085500000| Untracked 
|  86|0x0000000085600000, 0x0000000085700000, 0x0000000085700000|100%| O|  |TAMS 0x0000000085600000| PB 0x0000000085600000| Untracked 
|  87|0x0000000085700000, 0x0000000085800000, 0x0000000085800000|100%| O|  |TAMS 0x0000000085700000| PB 0x0000000085700000| Untracked 
|  88|0x0000000085800000, 0x0000000085900000, 0x0000000085900000|100%| O|  |TAMS 0x0000000085800000| PB 0x0000000085800000| Untracked 
|  89|0x0000000085900000, 0x0000000085a00000, 0x0000000085a00000|100%| O|  |TAMS 0x0000000085900000| PB 0x0000000085900000| Untracked 
|  90|0x0000000085a00000, 0x0000000085b00000, 0x0000000085b00000|100%| O|  |TAMS 0x0000000085a00000| PB 0x0000000085a00000| Untracked 
|  91|0x0000000085b00000, 0x0000000085c00000, 0x0000000085c00000|100%| O|  |TAMS 0x0000000085b00000| PB 0x0000000085b00000| Untracked 
|  92|0x0000000085c00000, 0x0000000085d00000, 0x0000000085d00000|100%| O|  |TAMS 0x0000000085c00000| PB 0x0000000085c00000| Untracked 
|  93|0x0000000085d00000, 0x0000000085e00000, 0x0000000085e00000|100%| O|  |TAMS 0x0000000085d00000| PB 0x0000000085d00000| Untracked 
|  94|0x0000000085e00000, 0x0000000085f00000, 0x0000000085f00000|100%| O|  |TAMS 0x0000000085e00000| PB 0x0000000085e00000| Untracked 
|  95|0x0000000085f00000, 0x0000000086000000, 0x0000000086000000|100%| O|  |TAMS 0x0000000085f00000| PB 0x0000000085f00000| Untracked 
|  96|0x0000000086000000, 0x0000000086100000, 0x0000000086100000|100%| O|  |TAMS 0x0000000086000000| PB 0x0000000086000000| Untracked 
|  97|0x0000000086100000, 0x0000000086200000, 0x0000000086200000|100%| O|  |TAMS 0x0000000086100000| PB 0x0000000086100000| Untracked 
|  98|0x0000000086200000, 0x0000000086300000, 0x0000000086300000|100%| O|  |TAMS 0x0000000086200000| PB 0x0000000086200000| Untracked 
|  99|0x0000000086300000, 0x0000000086400000, 0x0000000086400000|100%| O|  |TAMS 0x0000000086300000| PB 0x0000000086300000| Untracked 
| 100|0x0000000086400000, 0x0000000086500000, 0x0000000086500000|100%| O|  |TAMS 0x0000000086400000| PB 0x0000000086400000| Untracked 
| 101|0x0000000086500000, 0x0000000086600000, 0x0000000086600000|100%| O|  |TAMS 0x0000000086500000| PB 0x0000000086500000| Untracked 
| 102|0x0000000086600000, 0x0000000086700000, 0x0000000086700000|100%| O|  |TAMS 0x0000000086600000| PB 0x0000000086600000| Untracked 
| 103|0x0000000086700000, 0x0000000086800000, 0x0000000086800000|100%| O|  |TAMS 0x0000000086700000| PB 0x0000000086700000| Untracked 
| 104|0x0000000086800000, 0x0000000086900000, 0x0000000086900000|100%| O|  |TAMS 0x0000000086800000| PB 0x0000000086800000| Untracked 
| 105|0x0000000086900000, 0x0000000086a00000, 0x0000000086a00000|100%| O|  |TAMS 0x0000000086900000| PB 0x0000000086900000| Untracked 
| 106|0x0000000086a00000, 0x0000000086b00000, 0x0000000086b00000|100%| O|  |TAMS 0x0000000086a00000| PB 0x0000000086a00000| Untracked 
| 107|0x0000000086b00000, 0x0000000086c00000, 0x0000000086c00000|100%| O|  |TAMS 0x0000000086b00000| PB 0x0000000086b00000| Untracked 
| 108|0x0000000086c00000, 0x0000000086d00000, 0x0000000086d00000|100%| O|  |TAMS 0x0000000086c00000| PB 0x0000000086c00000| Untracked 
| 109|0x0000000086d00000, 0x0000000086e00000, 0x0000000086e00000|100%| O|  |TAMS 0x0000000086d00000| PB 0x0000000086d00000| Untracked 
| 110|0x0000000086e00000, 0x0000000086f00000, 0x0000000086f00000|100%| O|  |TAMS 0x0000000086e00000| PB 0x0000000086e00000| Untracked 
| 111|0x0000000086f00000, 0x0000000087000000, 0x0000000087000000|100%| O|  |TAMS 0x0000000086f00000| PB 0x0000000086f00000| Untracked 
| 112|0x0000000087000000, 0x0000000087100000, 0x0000000087100000|100%| O|  |TAMS 0x0000000087000000| PB 0x0000000087000000| Untracked 
| 113|0x0000000087100000, 0x0000000087200000, 0x0000000087200000|100%| O|  |TAMS 0x0000000087100000| PB 0x0000000087100000| Untracked 
| 114|0x0000000087200000, 0x0000000087300000, 0x0000000087300000|100%| O|  |TAMS 0x0000000087200000| PB 0x0000000087200000| Untracked 
| 115|0x0000000087300000, 0x0000000087400000, 0x0000000087400000|100%| O|  |TAMS 0x0000000087300000| PB 0x0000000087300000| Untracked 
| 116|0x0000000087400000, 0x0000000087500000, 0x0000000087500000|100%| O|  |TAMS 0x0000000087400000| PB 0x0000000087400000| Untracked 
| 117|0x0000000087500000, 0x0000000087600000, 0x0000000087600000|100%| O|  |TAMS 0x0000000087500000| PB 0x0000000087500000| Untracked 
| 118|0x0000000087600000, 0x0000000087700000, 0x0000000087700000|100%| O|  |TAMS 0x0000000087600000| PB 0x0000000087600000| Untracked 
| 119|0x0000000087700000, 0x0000000087800000, 0x0000000087800000|100%| O|  |TAMS 0x0000000087700000| PB 0x0000000087700000| Untracked 
| 120|0x0000000087800000, 0x0000000087900000, 0x0000000087900000|100%| O|  |TAMS 0x0000000087800000| PB 0x0000000087800000| Untracked 
| 121|0x0000000087900000, 0x0000000087a00000, 0x0000000087a00000|100%| O|  |TAMS 0x0000000087900000| PB 0x0000000087900000| Untracked 
| 122|0x0000000087a00000, 0x0000000087b00000, 0x0000000087b00000|100%| O|  |TAMS 0x0000000087a00000| PB 0x0000000087a00000| Untracked 
| 123|0x0000000087b00000, 0x0000000087c00000, 0x0000000087c00000|100%| O|  |TAMS 0x0000000087b00000| PB 0x0000000087b00000| Untracked 
| 124|0x0000000087c00000, 0x0000000087d00000, 0x0000000087d00000|100%| O|  |TAMS 0x0000000087c00000| PB 0x0000000087c00000| Untracked 
| 125|0x0000000087d00000, 0x0000000087e00000, 0x0000000087e00000|100%| O|  |TAMS 0x0000000087d00000| PB 0x0000000087d00000| Untracked 
| 126|0x0000000087e00000, 0x0000000087f00000, 0x0000000087f00000|100%| O|  |TAMS 0x0000000087e00000| PB 0x0000000087e00000| Untracked 
| 127|0x0000000087f00000, 0x0000000088000000, 0x0000000088000000|100%| O|  |TAMS 0x0000000087f00000| PB 0x0000000087f00000| Untracked 
| 128|0x0000000088000000, 0x0000000088100000, 0x0000000088100000|100%| O|  |TAMS 0x0000000088000000| PB 0x0000000088000000| Untracked 
| 129|0x0000000088100000, 0x0000000088200000, 0x0000000088200000|100%| O|  |TAMS 0x0000000088100000| PB 0x0000000088100000| Untracked 
| 130|0x0000000088200000, 0x0000000088300000, 0x0000000088300000|100%| O|  |TAMS 0x0000000088200000| PB 0x0000000088200000| Untracked 
| 131|0x0000000088300000, 0x0000000088400000, 0x0000000088400000|100%| O|  |TAMS 0x0000000088300000| PB 0x0000000088300000| Untracked 
| 132|0x0000000088400000, 0x0000000088500000, 0x0000000088500000|100%| O|  |TAMS 0x0000000088400000| PB 0x0000000088400000| Untracked 
| 133|0x0000000088500000, 0x0000000088600000, 0x0000000088600000|100%| O|  |TAMS 0x0000000088500000| PB 0x0000000088500000| Untracked 
| 134|0x0000000088600000, 0x0000000088700000, 0x0000000088700000|100%| O|  |TAMS 0x0000000088600000| PB 0x0000000088600000| Untracked 
| 135|0x0000000088700000, 0x0000000088800000, 0x0000000088800000|100%| O|  |TAMS 0x0000000088700000| PB 0x0000000088700000| Untracked 
| 136|0x0000000088800000, 0x0000000088900000, 0x0000000088900000|100%| O|  |TAMS 0x0000000088800000| PB 0x0000000088800000| Untracked 
| 137|0x0000000088900000, 0x0000000088a00000, 0x0000000088a00000|100%| O|  |TAMS 0x0000000088900000| PB 0x0000000088900000| Untracked 
| 138|0x0000000088a00000, 0x0000000088a00000, 0x0000000088b00000|  0%| F|  |TAMS 0x0000000088a00000| PB 0x0000000088a00000| Untracked 
| 139|0x0000000088b00000, 0x0000000088b00000, 0x0000000088c00000|  0%| F|  |TAMS 0x0000000088b00000| PB 0x0000000088b00000| Untracked 
| 140|0x0000000088c00000, 0x0000000088c00000, 0x0000000088d00000|  0%| F|  |TAMS 0x0000000088c00000| PB 0x0000000088c00000| Untracked 
| 141|0x0000000088d00000, 0x0000000088e00000, 0x0000000088e00000|100%| O|  |TAMS 0x0000000088d00000| PB 0x0000000088d00000| Untracked 
| 142|0x0000000088e00000, 0x0000000088f00000, 0x0000000088f00000|100%| O|  |TAMS 0x0000000088e00000| PB 0x0000000088e00000| Untracked 
| 143|0x0000000088f00000, 0x0000000089000000, 0x0000000089000000|100%| O|  |TAMS 0x0000000088f00000| PB 0x0000000088f00000| Untracked 
| 144|0x0000000089000000, 0x0000000089100000, 0x0000000089100000|100%| O|  |TAMS 0x0000000089000000| PB 0x0000000089000000| Untracked 
| 145|0x0000000089100000, 0x0000000089200000, 0x0000000089200000|100%| O|  |TAMS 0x0000000089100000| PB 0x0000000089100000| Untracked 
| 146|0x0000000089200000, 0x0000000089300000, 0x0000000089300000|100%| O|  |TAMS 0x0000000089200000| PB 0x0000000089200000| Untracked 
| 147|0x0000000089300000, 0x0000000089400000, 0x0000000089400000|100%| O|  |TAMS 0x0000000089300000| PB 0x0000000089300000| Untracked 
| 148|0x0000000089400000, 0x0000000089500000, 0x0000000089500000|100%| O|  |TAMS 0x0000000089400000| PB 0x0000000089400000| Untracked 
| 149|0x0000000089500000, 0x0000000089600000, 0x0000000089600000|100%| O|  |TAMS 0x0000000089500000| PB 0x0000000089500000| Untracked 
| 150|0x0000000089600000, 0x0000000089700000, 0x0000000089700000|100%| O|  |TAMS 0x0000000089600000| PB 0x0000000089600000| Untracked 
| 151|0x0000000089700000, 0x0000000089700000, 0x0000000089800000|  0%| F|  |TAMS 0x0000000089700000| PB 0x0000000089700000| Untracked 
| 152|0x0000000089800000, 0x0000000089900000, 0x0000000089900000|100%| O|  |TAMS 0x0000000089800000| PB 0x0000000089800000| Untracked 
| 153|0x0000000089900000, 0x0000000089a00000, 0x0000000089a00000|100%| O|  |TAMS 0x0000000089900000| PB 0x0000000089900000| Untracked 
| 154|0x0000000089a00000, 0x0000000089b00000, 0x0000000089b00000|100%| O|  |TAMS 0x0000000089a00000| PB 0x0000000089a00000| Untracked 
| 155|0x0000000089b00000, 0x0000000089c00000, 0x0000000089c00000|100%| O|  |TAMS 0x0000000089b00000| PB 0x0000000089b00000| Untracked 
| 156|0x0000000089c00000, 0x0000000089d00000, 0x0000000089d00000|100%| O|  |TAMS 0x0000000089c00000| PB 0x0000000089c00000| Untracked 
| 157|0x0000000089d00000, 0x0000000089e00000, 0x0000000089e00000|100%| O|  |TAMS 0x0000000089d00000| PB 0x0000000089d00000| Untracked 
| 158|0x0000000089e00000, 0x0000000089f00000, 0x0000000089f00000|100%| O|  |TAMS 0x0000000089e00000| PB 0x0000000089e00000| Untracked 
| 159|0x0000000089f00000, 0x000000008a000000, 0x000000008a000000|100%| O|  |TAMS 0x0000000089f00000| PB 0x0000000089f00000| Untracked 
| 160|0x000000008a000000, 0x000000008a100000, 0x000000008a100000|100%| O|  |TAMS 0x000000008a000000| PB 0x000000008a000000| Untracked 
| 161|0x000000008a100000, 0x000000008a200000, 0x000000008a200000|100%| O|  |TAMS 0x000000008a100000| PB 0x000000008a100000| Untracked 
| 162|0x000000008a200000, 0x000000008a300000, 0x000000008a300000|100%| O|  |TAMS 0x000000008a200000| PB 0x000000008a200000| Untracked 
| 163|0x000000008a300000, 0x000000008a400000, 0x000000008a400000|100%| O|  |TAMS 0x000000008a300000| PB 0x000000008a300000| Untracked 
| 164|0x000000008a400000, 0x000000008a500000, 0x000000008a500000|100%| O|  |TAMS 0x000000008a400000| PB 0x000000008a400000| Untracked 
| 165|0x000000008a500000, 0x000000008a600000, 0x000000008a600000|100%| O|  |TAMS 0x000000008a500000| PB 0x000000008a500000| Untracked 
| 166|0x000000008a600000, 0x000000008a700000, 0x000000008a700000|100%| O|  |TAMS 0x000000008a600000| PB 0x000000008a600000| Untracked 
| 167|0x000000008a700000, 0x000000008a800000, 0x000000008a800000|100%| O|  |TAMS 0x000000008a700000| PB 0x000000008a700000| Untracked 
| 168|0x000000008a800000, 0x000000008a900000, 0x000000008a900000|100%| O|  |TAMS 0x000000008a800000| PB 0x000000008a800000| Untracked 
| 169|0x000000008a900000, 0x000000008aa00000, 0x000000008aa00000|100%| O|  |TAMS 0x000000008a900000| PB 0x000000008a900000| Untracked 
| 170|0x000000008aa00000, 0x000000008ab00000, 0x000000008ab00000|100%| O|  |TAMS 0x000000008aa00000| PB 0x000000008aa00000| Untracked 
| 171|0x000000008ab00000, 0x000000008ac00000, 0x000000008ac00000|100%| O|  |TAMS 0x000000008ab00000| PB 0x000000008ab00000| Untracked 
| 172|0x000000008ac00000, 0x000000008ad00000, 0x000000008ad00000|100%| O|  |TAMS 0x000000008ac00000| PB 0x000000008ac00000| Untracked 
| 173|0x000000008ad00000, 0x000000008ae00000, 0x000000008ae00000|100%| O|  |TAMS 0x000000008ad00000| PB 0x000000008ad00000| Untracked 
| 174|0x000000008ae00000, 0x000000008af00000, 0x000000008af00000|100%| O|  |TAMS 0x000000008ae00000| PB 0x000000008ae00000| Untracked 
| 175|0x000000008af00000, 0x000000008b000000, 0x000000008b000000|100%| O|  |TAMS 0x000000008af00000| PB 0x000000008af00000| Untracked 
| 176|0x000000008b000000, 0x000000008b100000, 0x000000008b100000|100%| O|  |TAMS 0x000000008b000000| PB 0x000000008b000000| Untracked 
| 177|0x000000008b100000, 0x000000008b200000, 0x000000008b200000|100%| O|  |TAMS 0x000000008b100000| PB 0x000000008b100000| Untracked 
| 178|0x000000008b200000, 0x000000008b300000, 0x000000008b300000|100%| O|  |TAMS 0x000000008b200000| PB 0x000000008b200000| Untracked 
| 179|0x000000008b300000, 0x000000008b400000, 0x000000008b400000|100%| O|  |TAMS 0x000000008b300000| PB 0x000000008b300000| Untracked 
| 180|0x000000008b400000, 0x000000008b500000, 0x000000008b500000|100%| O|  |TAMS 0x000000008b400000| PB 0x000000008b400000| Untracked 
| 181|0x000000008b500000, 0x000000008b600000, 0x000000008b600000|100%| O|  |TAMS 0x000000008b500000| PB 0x000000008b500000| Untracked 
| 182|0x000000008b600000, 0x000000008b700000, 0x000000008b700000|100%| O|  |TAMS 0x000000008b600000| PB 0x000000008b600000| Untracked 
| 183|0x000000008b700000, 0x000000008b800000, 0x000000008b800000|100%| O|  |TAMS 0x000000008b700000| PB 0x000000008b700000| Untracked 
| 184|0x000000008b800000, 0x000000008b900000, 0x000000008b900000|100%| O|  |TAMS 0x000000008b800000| PB 0x000000008b800000| Untracked 
| 185|0x000000008b900000, 0x000000008ba00000, 0x000000008ba00000|100%| O|  |TAMS 0x000000008b900000| PB 0x000000008b900000| Untracked 
| 186|0x000000008ba00000, 0x000000008bb00000, 0x000000008bb00000|100%| O|  |TAMS 0x000000008ba00000| PB 0x000000008ba00000| Untracked 
| 187|0x000000008bb00000, 0x000000008bc00000, 0x000000008bc00000|100%| O|  |TAMS 0x000000008bb00000| PB 0x000000008bb00000| Untracked 
| 188|0x000000008bc00000, 0x000000008bd00000, 0x000000008bd00000|100%| O|  |TAMS 0x000000008bc00000| PB 0x000000008bc00000| Untracked 
| 189|0x000000008bd00000, 0x000000008be00000, 0x000000008be00000|100%| O|  |TAMS 0x000000008bd00000| PB 0x000000008bd00000| Untracked 
| 190|0x000000008be00000, 0x000000008bf00000, 0x000000008bf00000|100%| O|  |TAMS 0x000000008be00000| PB 0x000000008be00000| Untracked 
| 191|0x000000008bf00000, 0x000000008c000000, 0x000000008c000000|100%| O|  |TAMS 0x000000008bf00000| PB 0x000000008bf00000| Untracked 
| 192|0x000000008c000000, 0x000000008c100000, 0x000000008c100000|100%| O|  |TAMS 0x000000008c000000| PB 0x000000008c000000| Untracked 
| 193|0x000000008c100000, 0x000000008c200000, 0x000000008c200000|100%| O|  |TAMS 0x000000008c100000| PB 0x000000008c100000| Untracked 
| 194|0x000000008c200000, 0x000000008c300000, 0x000000008c300000|100%| O|  |TAMS 0x000000008c200000| PB 0x000000008c200000| Untracked 
| 195|0x000000008c300000, 0x000000008c400000, 0x000000008c400000|100%| O|  |TAMS 0x000000008c300000| PB 0x000000008c300000| Untracked 
| 196|0x000000008c400000, 0x000000008c500000, 0x000000008c500000|100%| O|  |TAMS 0x000000008c400000| PB 0x000000008c400000| Untracked 
| 197|0x000000008c500000, 0x000000008c600000, 0x000000008c600000|100%| O|  |TAMS 0x000000008c500000| PB 0x000000008c500000| Untracked 
| 198|0x000000008c600000, 0x000000008c700000, 0x000000008c700000|100%| O|  |TAMS 0x000000008c600000| PB 0x000000008c600000| Untracked 
| 199|0x000000008c700000, 0x000000008c800000, 0x000000008c800000|100%| O|  |TAMS 0x000000008c700000| PB 0x000000008c700000| Untracked 
| 200|0x000000008c800000, 0x000000008c900000, 0x000000008c900000|100%| O|  |TAMS 0x000000008c800000| PB 0x000000008c800000| Untracked 
| 201|0x000000008c900000, 0x000000008ca00000, 0x000000008ca00000|100%| O|  |TAMS 0x000000008c900000| PB 0x000000008c900000| Untracked 
| 202|0x000000008ca00000, 0x000000008cb00000, 0x000000008cb00000|100%| O|  |TAMS 0x000000008ca00000| PB 0x000000008ca00000| Untracked 
| 203|0x000000008cb00000, 0x000000008cc00000, 0x000000008cc00000|100%| O|  |TAMS 0x000000008cb00000| PB 0x000000008cb00000| Untracked 
| 204|0x000000008cc00000, 0x000000008cd00000, 0x000000008cd00000|100%| O|  |TAMS 0x000000008cc00000| PB 0x000000008cc00000| Untracked 
| 205|0x000000008cd00000, 0x000000008ce00000, 0x000000008ce00000|100%| O|  |TAMS 0x000000008cd00000| PB 0x000000008cd00000| Untracked 
| 206|0x000000008ce00000, 0x000000008cf00000, 0x000000008cf00000|100%| O|  |TAMS 0x000000008ce00000| PB 0x000000008ce00000| Untracked 
| 207|0x000000008cf00000, 0x000000008d000000, 0x000000008d000000|100%| O|  |TAMS 0x000000008cf00000| PB 0x000000008cf00000| Untracked 
| 208|0x000000008d000000, 0x000000008d100000, 0x000000008d100000|100%| O|  |TAMS 0x000000008d000000| PB 0x000000008d000000| Untracked 
| 209|0x000000008d100000, 0x000000008d200000, 0x000000008d200000|100%| O|  |TAMS 0x000000008d100000| PB 0x000000008d100000| Untracked 
| 210|0x000000008d200000, 0x000000008d300000, 0x000000008d300000|100%| O|  |TAMS 0x000000008d200000| PB 0x000000008d200000| Untracked 
| 211|0x000000008d300000, 0x000000008d400000, 0x000000008d400000|100%| O|  |TAMS 0x000000008d300000| PB 0x000000008d300000| Untracked 
| 212|0x000000008d400000, 0x000000008d500000, 0x000000008d500000|100%| O|  |TAMS 0x000000008d400000| PB 0x000000008d400000| Untracked 
| 213|0x000000008d500000, 0x000000008d600000, 0x000000008d600000|100%| O|  |TAMS 0x000000008d500000| PB 0x000000008d500000| Untracked 
| 214|0x000000008d600000, 0x000000008d700000, 0x000000008d700000|100%| O|  |TAMS 0x000000008d600000| PB 0x000000008d600000| Untracked 
| 215|0x000000008d700000, 0x000000008d800000, 0x000000008d800000|100%| O|  |TAMS 0x000000008d700000| PB 0x000000008d700000| Untracked 
| 216|0x000000008d800000, 0x000000008d900000, 0x000000008d900000|100%| O|  |TAMS 0x000000008d800000| PB 0x000000008d800000| Untracked 
| 217|0x000000008d900000, 0x000000008da00000, 0x000000008da00000|100%| O|  |TAMS 0x000000008d900000| PB 0x000000008d900000| Untracked 
| 218|0x000000008da00000, 0x000000008db00000, 0x000000008db00000|100%| O|  |TAMS 0x000000008da00000| PB 0x000000008da00000| Untracked 
| 219|0x000000008db00000, 0x000000008dc00000, 0x000000008dc00000|100%| O|  |TAMS 0x000000008db00000| PB 0x000000008db00000| Untracked 
| 220|0x000000008dc00000, 0x000000008dd00000, 0x000000008dd00000|100%| O|  |TAMS 0x000000008dc00000| PB 0x000000008dc00000| Untracked 
| 221|0x000000008dd00000, 0x000000008de00000, 0x000000008de00000|100%| O|  |TAMS 0x000000008dd00000| PB 0x000000008dd00000| Untracked 
| 222|0x000000008de00000, 0x000000008df00000, 0x000000008df00000|100%| O|  |TAMS 0x000000008de00000| PB 0x000000008de00000| Untracked 
| 223|0x000000008df00000, 0x000000008e000000, 0x000000008e000000|100%| O|  |TAMS 0x000000008df00000| PB 0x000000008df00000| Untracked 
| 224|0x000000008e000000, 0x000000008e100000, 0x000000008e100000|100%| O|  |TAMS 0x000000008e000000| PB 0x000000008e000000| Untracked 
| 225|0x000000008e100000, 0x000000008e200000, 0x000000008e200000|100%| O|  |TAMS 0x000000008e100000| PB 0x000000008e100000| Untracked 
| 226|0x000000008e200000, 0x000000008e300000, 0x000000008e300000|100%| O|  |TAMS 0x000000008e200000| PB 0x000000008e200000| Untracked 
| 227|0x000000008e300000, 0x000000008e400000, 0x000000008e400000|100%| O|  |TAMS 0x000000008e300000| PB 0x000000008e300000| Untracked 
| 228|0x000000008e400000, 0x000000008e500000, 0x000000008e500000|100%| O|  |TAMS 0x000000008e400000| PB 0x000000008e400000| Untracked 
| 229|0x000000008e500000, 0x000000008e600000, 0x000000008e600000|100%| O|  |TAMS 0x000000008e500000| PB 0x000000008e500000| Untracked 
| 230|0x000000008e600000, 0x000000008e700000, 0x000000008e700000|100%| O|  |TAMS 0x000000008e600000| PB 0x000000008e600000| Untracked 
| 231|0x000000008e700000, 0x000000008e800000, 0x000000008e800000|100%| O|  |TAMS 0x000000008e700000| PB 0x000000008e700000| Untracked 
| 232|0x000000008e800000, 0x000000008e900000, 0x000000008e900000|100%| O|  |TAMS 0x000000008e800000| PB 0x000000008e800000| Untracked 
| 233|0x000000008e900000, 0x000000008ea00000, 0x000000008ea00000|100%| O|  |TAMS 0x000000008e900000| PB 0x000000008e900000| Untracked 
| 234|0x000000008ea00000, 0x000000008eb00000, 0x000000008eb00000|100%| O|  |TAMS 0x000000008ea00000| PB 0x000000008ea00000| Untracked 
| 235|0x000000008eb00000, 0x000000008ec00000, 0x000000008ec00000|100%| O|  |TAMS 0x000000008eb00000| PB 0x000000008eb00000| Untracked 
| 236|0x000000008ec00000, 0x000000008ed00000, 0x000000008ed00000|100%| O|  |TAMS 0x000000008ec00000| PB 0x000000008ec00000| Untracked 
| 237|0x000000008ed00000, 0x000000008ee00000, 0x000000008ee00000|100%| O|  |TAMS 0x000000008ed00000| PB 0x000000008ed00000| Untracked 
| 238|0x000000008ee00000, 0x000000008ef00000, 0x000000008ef00000|100%| O|  |TAMS 0x000000008ee00000| PB 0x000000008ee00000| Untracked 
| 239|0x000000008ef00000, 0x000000008f000000, 0x000000008f000000|100%| O|  |TAMS 0x000000008ef00000| PB 0x000000008ef00000| Untracked 
| 240|0x000000008f000000, 0x000000008f100000, 0x000000008f100000|100%| O|  |TAMS 0x000000008f000000| PB 0x000000008f000000| Untracked 
| 241|0x000000008f100000, 0x000000008f200000, 0x000000008f200000|100%| O|  |TAMS 0x000000008f100000| PB 0x000000008f100000| Untracked 
| 242|0x000000008f200000, 0x000000008f300000, 0x000000008f300000|100%| O|  |TAMS 0x000000008f200000| PB 0x000000008f200000| Untracked 
| 243|0x000000008f300000, 0x000000008f400000, 0x000000008f400000|100%| O|  |TAMS 0x000000008f300000| PB 0x000000008f300000| Untracked 
| 244|0x000000008f400000, 0x000000008f500000, 0x000000008f500000|100%| O|  |TAMS 0x000000008f400000| PB 0x000000008f400000| Untracked 
| 245|0x000000008f500000, 0x000000008f600000, 0x000000008f600000|100%| O|  |TAMS 0x000000008f500000| PB 0x000000008f500000| Untracked 
| 246|0x000000008f600000, 0x000000008f700000, 0x000000008f700000|100%| O|  |TAMS 0x000000008f600000| PB 0x000000008f600000| Untracked 
| 247|0x000000008f700000, 0x000000008f800000, 0x000000008f800000|100%| O|  |TAMS 0x000000008f700000| PB 0x000000008f700000| Untracked 
| 248|0x000000008f800000, 0x000000008f900000, 0x000000008f900000|100%| O|  |TAMS 0x000000008f800000| PB 0x000000008f800000| Untracked 
| 249|0x000000008f900000, 0x000000008fa00000, 0x000000008fa00000|100%| O|  |TAMS 0x000000008f900000| PB 0x000000008f900000| Untracked 
| 250|0x000000008fa00000, 0x000000008fb00000, 0x000000008fb00000|100%| O|  |TAMS 0x000000008fa00000| PB 0x000000008fa00000| Untracked 
| 251|0x000000008fb00000, 0x000000008fc00000, 0x000000008fc00000|100%| O|  |TAMS 0x000000008fb00000| PB 0x000000008fb00000| Untracked 
| 252|0x000000008fc00000, 0x000000008fd00000, 0x000000008fd00000|100%| O|  |TAMS 0x000000008fc00000| PB 0x000000008fc00000| Untracked 
| 253|0x000000008fd00000, 0x000000008fd00000, 0x000000008fe00000|  0%| F|  |TAMS 0x000000008fd00000| PB 0x000000008fd00000| Untracked 
| 254|0x000000008fe00000, 0x000000008ff00000, 0x000000008ff00000|100%| O|  |TAMS 0x000000008fe00000| PB 0x000000008fe00000| Untracked 
| 255|0x000000008ff00000, 0x0000000090000000, 0x0000000090000000|100%| O|  |TAMS 0x000000008ff00000| PB 0x000000008ff00000| Untracked 
| 256|0x0000000090000000, 0x0000000090100000, 0x0000000090100000|100%| O|  |TAMS 0x0000000090000000| PB 0x0000000090000000| Untracked 
| 257|0x0000000090100000, 0x0000000090100000, 0x0000000090200000|  0%| F|  |TAMS 0x0000000090100000| PB 0x0000000090100000| Untracked 
| 258|0x0000000090200000, 0x0000000090300000, 0x0000000090300000|100%| O|  |TAMS 0x0000000090200000| PB 0x0000000090200000| Untracked 
| 259|0x0000000090300000, 0x0000000090400000, 0x0000000090400000|100%| O|  |TAMS 0x0000000090300000| PB 0x0000000090300000| Untracked 
| 260|0x0000000090400000, 0x0000000090500000, 0x0000000090500000|100%| O|  |TAMS 0x0000000090400000| PB 0x0000000090400000| Untracked 
| 261|0x0000000090500000, 0x0000000090600000, 0x0000000090600000|100%| O|  |TAMS 0x0000000090500000| PB 0x0000000090500000| Untracked 
| 262|0x0000000090600000, 0x0000000090700000, 0x0000000090700000|100%| O|  |TAMS 0x0000000090600000| PB 0x0000000090600000| Untracked 
| 263|0x0000000090700000, 0x0000000090800000, 0x0000000090800000|100%| O|  |TAMS 0x0000000090700000| PB 0x0000000090700000| Untracked 
| 264|0x0000000090800000, 0x0000000090900000, 0x0000000090900000|100%| O|  |TAMS 0x0000000090800000| PB 0x0000000090800000| Untracked 
| 265|0x0000000090900000, 0x0000000090900000, 0x0000000090a00000|  0%| F|  |TAMS 0x0000000090900000| PB 0x0000000090900000| Untracked 
| 266|0x0000000090a00000, 0x0000000090b00000, 0x0000000090b00000|100%| O|  |TAMS 0x0000000090a00000| PB 0x0000000090a00000| Untracked 
| 267|0x0000000090b00000, 0x0000000090c00000, 0x0000000090c00000|100%| O|  |TAMS 0x0000000090b00000| PB 0x0000000090b00000| Untracked 
| 268|0x0000000090c00000, 0x0000000090d00000, 0x0000000090d00000|100%| O|  |TAMS 0x0000000090c00000| PB 0x0000000090c00000| Untracked 
| 269|0x0000000090d00000, 0x0000000090e00000, 0x0000000090e00000|100%| O|  |TAMS 0x0000000090d00000| PB 0x0000000090d00000| Untracked 
| 270|0x0000000090e00000, 0x0000000090f00000, 0x0000000090f00000|100%| O|  |TAMS 0x0000000090e00000| PB 0x0000000090e00000| Untracked 
| 271|0x0000000090f00000, 0x0000000091000000, 0x0000000091000000|100%| O|  |TAMS 0x0000000090f00000| PB 0x0000000090f00000| Untracked 
| 272|0x0000000091000000, 0x0000000091100000, 0x0000000091100000|100%| O|  |TAMS 0x0000000091000000| PB 0x0000000091000000| Untracked 
| 273|0x0000000091100000, 0x00000000911fc318, 0x0000000091200000| 98%| O|  |TAMS 0x0000000091100000| PB 0x0000000091100000| Untracked 
| 274|0x0000000091200000, 0x0000000091200000, 0x0000000091300000|  0%| F|  |TAMS 0x0000000091200000| PB 0x0000000091200000| Untracked 
| 275|0x0000000091300000, 0x0000000091400000, 0x0000000091400000|100%| O|  |TAMS 0x0000000091300000| PB 0x0000000091300000| Untracked 
| 276|0x0000000091400000, 0x0000000091500000, 0x0000000091500000|100%| O|  |TAMS 0x0000000091400000| PB 0x0000000091400000| Untracked 
| 277|0x0000000091500000, 0x0000000091600000, 0x0000000091600000|100%| O|  |TAMS 0x0000000091500000| PB 0x0000000091500000| Untracked 
| 278|0x0000000091600000, 0x0000000091700000, 0x0000000091700000|100%| O|  |TAMS 0x0000000091600000| PB 0x0000000091600000| Untracked 
| 279|0x0000000091700000, 0x0000000091800000, 0x0000000091800000|100%| O|  |TAMS 0x0000000091700000| PB 0x0000000091700000| Untracked 
| 280|0x0000000091800000, 0x0000000091900000, 0x0000000091900000|100%| O|  |TAMS 0x0000000091800000| PB 0x0000000091800000| Untracked 
| 281|0x0000000091900000, 0x0000000091a00000, 0x0000000091a00000|100%| O|  |TAMS 0x0000000091900000| PB 0x0000000091900000| Untracked 
| 282|0x0000000091a00000, 0x0000000091b00000, 0x0000000091b00000|100%| O|  |TAMS 0x0000000091a00000| PB 0x0000000091a00000| Untracked 
| 283|0x0000000091b00000, 0x0000000091c00000, 0x0000000091c00000|100%| O|  |TAMS 0x0000000091b00000| PB 0x0000000091b00000| Untracked 
| 284|0x0000000091c00000, 0x0000000091d00000, 0x0000000091d00000|100%| O|  |TAMS 0x0000000091c00000| PB 0x0000000091c00000| Untracked 
| 285|0x0000000091d00000, 0x0000000091d00000, 0x0000000091e00000|  0%| F|  |TAMS 0x0000000091d00000| PB 0x0000000091d00000| Untracked 
| 286|0x0000000091e00000, 0x0000000091f00000, 0x0000000091f00000|100%| O|  |TAMS 0x0000000091e00000| PB 0x0000000091e00000| Untracked 
| 287|0x0000000091f00000, 0x0000000092000000, 0x0000000092000000|100%| O|  |TAMS 0x0000000091f00000| PB 0x0000000091f00000| Untracked 
| 288|0x0000000092000000, 0x0000000092000000, 0x0000000092100000|  0%| F|  |TAMS 0x0000000092000000| PB 0x0000000092000000| Untracked 
| 289|0x0000000092100000, 0x0000000092100000, 0x0000000092200000|  0%| F|  |TAMS 0x0000000092100000| PB 0x0000000092100000| Untracked 
| 290|0x0000000092200000, 0x0000000092300000, 0x0000000092300000|100%| O|  |TAMS 0x0000000092200000| PB 0x0000000092200000| Untracked 
| 291|0x0000000092300000, 0x0000000092400000, 0x0000000092400000|100%| O|  |TAMS 0x0000000092300000| PB 0x0000000092300000| Untracked 
| 292|0x0000000092400000, 0x0000000092400000, 0x0000000092500000|  0%| F|  |TAMS 0x0000000092400000| PB 0x0000000092400000| Untracked 
| 293|0x0000000092500000, 0x0000000092600000, 0x0000000092600000|100%| O|  |TAMS 0x0000000092500000| PB 0x0000000092500000| Untracked 
| 294|0x0000000092600000, 0x0000000092600000, 0x0000000092700000|  0%| F|  |TAMS 0x0000000092600000| PB 0x0000000092600000| Untracked 
| 295|0x0000000092700000, 0x0000000092700000, 0x0000000092800000|  0%| F|  |TAMS 0x0000000092700000| PB 0x0000000092700000| Untracked 
| 296|0x0000000092800000, 0x0000000092800000, 0x0000000092900000|  0%| F|  |TAMS 0x0000000092800000| PB 0x0000000092800000| Untracked 
| 297|0x0000000092900000, 0x0000000092900000, 0x0000000092a00000|  0%| F|  |TAMS 0x0000000092900000| PB 0x0000000092900000| Untracked 
| 298|0x0000000092a00000, 0x0000000092a00000, 0x0000000092b00000|  0%| F|  |TAMS 0x0000000092a00000| PB 0x0000000092a00000| Untracked 
| 299|0x0000000092b00000, 0x0000000092b00000, 0x0000000092c00000|  0%| F|  |TAMS 0x0000000092b00000| PB 0x0000000092b00000| Untracked 
| 300|0x0000000092c00000, 0x0000000092c00000, 0x0000000092d00000|  0%| F|  |TAMS 0x0000000092c00000| PB 0x0000000092c00000| Untracked 
| 301|0x0000000092d00000, 0x0000000092d00000, 0x0000000092e00000|  0%| F|  |TAMS 0x0000000092d00000| PB 0x0000000092d00000| Untracked 
| 302|0x0000000092e00000, 0x0000000092f00000, 0x0000000092f00000|100%| O|  |TAMS 0x0000000092e00000| PB 0x0000000092e00000| Untracked 
| 303|0x0000000092f00000, 0x0000000092f00000, 0x0000000093000000|  0%| F|  |TAMS 0x0000000092f00000| PB 0x0000000092f00000| Untracked 
| 304|0x0000000093000000, 0x0000000093000000, 0x0000000093100000|  0%| F|  |TAMS 0x0000000093000000| PB 0x0000000093000000| Untracked 
| 305|0x0000000093100000, 0x0000000093100000, 0x0000000093200000|  0%| F|  |TAMS 0x0000000093100000| PB 0x0000000093100000| Untracked 
| 306|0x0000000093200000, 0x0000000093200000, 0x0000000093300000|  0%| F|  |TAMS 0x0000000093200000| PB 0x0000000093200000| Untracked 
| 307|0x0000000093300000, 0x0000000093300000, 0x0000000093400000|  0%| F|  |TAMS 0x0000000093300000| PB 0x0000000093300000| Untracked 
| 308|0x0000000093400000, 0x0000000093400000, 0x0000000093500000|  0%| F|  |TAMS 0x0000000093400000| PB 0x0000000093400000| Untracked 
| 309|0x0000000093500000, 0x0000000093500000, 0x0000000093600000|  0%| F|  |TAMS 0x0000000093500000| PB 0x0000000093500000| Untracked 
| 310|0x0000000093600000, 0x0000000093600000, 0x0000000093700000|  0%| F|  |TAMS 0x0000000093600000| PB 0x0000000093600000| Untracked 
| 311|0x0000000093700000, 0x0000000093800000, 0x0000000093800000|100%| O|  |TAMS 0x0000000093700000| PB 0x0000000093700000| Untracked 
| 312|0x0000000093800000, 0x0000000093800000, 0x0000000093900000|  0%| F|  |TAMS 0x0000000093800000| PB 0x0000000093800000| Untracked 
| 313|0x0000000093900000, 0x0000000093a00000, 0x0000000093a00000|100%| O|  |TAMS 0x0000000093900000| PB 0x0000000093900000| Untracked 
| 314|0x0000000093a00000, 0x0000000093a00000, 0x0000000093b00000|  0%| F|  |TAMS 0x0000000093a00000| PB 0x0000000093a00000| Untracked 
| 315|0x0000000093b00000, 0x0000000093b00000, 0x0000000093c00000|  0%| F|  |TAMS 0x0000000093b00000| PB 0x0000000093b00000| Untracked 
| 316|0x0000000093c00000, 0x0000000093d00000, 0x0000000093d00000|100%| S|CS|TAMS 0x0000000093c00000| PB 0x0000000093c00000| Complete 
| 317|0x0000000093d00000, 0x0000000093e00000, 0x0000000093e00000|100%| O|  |TAMS 0x0000000093d00000| PB 0x0000000093d00000| Untracked 
| 318|0x0000000093e00000, 0x0000000093f00000, 0x0000000093f00000|100%| O|  |TAMS 0x0000000093e00000| PB 0x0000000093e00000| Untracked 
| 319|0x0000000093f00000, 0x0000000094000000, 0x0000000094000000|100%| S|CS|TAMS 0x0000000093f00000| PB 0x0000000093f00000| Complete 
| 320|0x0000000094000000, 0x0000000094100000, 0x0000000094100000|100%| S|CS|TAMS 0x0000000094000000| PB 0x0000000094000000| Complete 
| 321|0x0000000094100000, 0x0000000094200000, 0x0000000094200000|100%| O|  |TAMS 0x0000000094100000| PB 0x0000000094100000| Untracked 
| 322|0x0000000094200000, 0x0000000094300000, 0x0000000094300000|100%| O|  |TAMS 0x0000000094200000| PB 0x0000000094200000| Untracked 
| 323|0x0000000094300000, 0x0000000094400000, 0x0000000094400000|100%| O|  |TAMS 0x0000000094300000| PB 0x0000000094300000| Untracked 
| 324|0x0000000094400000, 0x0000000094500000, 0x0000000094500000|100%| O|  |TAMS 0x0000000094400000| PB 0x0000000094400000| Untracked 
| 325|0x0000000094500000, 0x0000000094600000, 0x0000000094600000|100%| O|  |TAMS 0x0000000094500000| PB 0x0000000094500000| Untracked 
| 326|0x0000000094600000, 0x0000000094700000, 0x0000000094700000|100%| O|  |TAMS 0x0000000094600000| PB 0x0000000094600000| Untracked 
| 327|0x0000000094700000, 0x0000000094700000, 0x0000000094800000|  0%| F|  |TAMS 0x0000000094700000| PB 0x0000000094700000| Untracked 
| 328|0x0000000094800000, 0x0000000094800000, 0x0000000094900000|  0%| F|  |TAMS 0x0000000094800000| PB 0x0000000094800000| Untracked 
| 329|0x0000000094900000, 0x0000000094a00000, 0x0000000094a00000|100%| S|CS|TAMS 0x0000000094900000| PB 0x0000000094900000| Complete 
| 330|0x0000000094a00000, 0x0000000094a00000, 0x0000000094b00000|  0%| F|  |TAMS 0x0000000094a00000| PB 0x0000000094a00000| Untracked 
| 331|0x0000000094b00000, 0x0000000094c00000, 0x0000000094c00000|100%| O|  |TAMS 0x0000000094b00000| PB 0x0000000094b00000| Untracked 
| 332|0x0000000094c00000, 0x0000000094d00000, 0x0000000094d00000|100%| O|  |TAMS 0x0000000094c00000| PB 0x0000000094c00000| Untracked 
| 333|0x0000000094d00000, 0x0000000094d00000, 0x0000000094e00000|  0%| F|  |TAMS 0x0000000094d00000| PB 0x0000000094d00000| Untracked 
| 334|0x0000000094e00000, 0x0000000094f00000, 0x0000000094f00000|100%| O|  |TAMS 0x0000000094e00000| PB 0x0000000094e00000| Untracked 
| 335|0x0000000094f00000, 0x0000000094f00000, 0x0000000095000000|  0%| F|  |TAMS 0x0000000094f00000| PB 0x0000000094f00000| Untracked 
| 336|0x0000000095000000, 0x0000000095000000, 0x0000000095100000|  0%| F|  |TAMS 0x0000000095000000| PB 0x0000000095000000| Untracked 
| 337|0x0000000095100000, 0x0000000095200000, 0x0000000095200000|100%| S|CS|TAMS 0x0000000095100000| PB 0x0000000095100000| Complete 
| 338|0x0000000095200000, 0x0000000095300000, 0x0000000095300000|100%| S|CS|TAMS 0x0000000095200000| PB 0x0000000095200000| Complete 
| 339|0x0000000095300000, 0x0000000095300000, 0x0000000095400000|  0%| F|  |TAMS 0x0000000095300000| PB 0x0000000095300000| Untracked 
| 340|0x0000000095400000, 0x0000000095400000, 0x0000000095500000|  0%| F|  |TAMS 0x0000000095400000| PB 0x0000000095400000| Untracked 
| 341|0x0000000095500000, 0x0000000095500000, 0x0000000095600000|  0%| F|  |TAMS 0x0000000095500000| PB 0x0000000095500000| Untracked 
| 342|0x0000000095600000, 0x0000000095600000, 0x0000000095700000|  0%| F|  |TAMS 0x0000000095600000| PB 0x0000000095600000| Untracked 
| 343|0x0000000095700000, 0x0000000095800000, 0x0000000095800000|100%| O|  |TAMS 0x0000000095700000| PB 0x0000000095700000| Untracked 
| 344|0x0000000095800000, 0x0000000095800000, 0x0000000095900000|  0%| F|  |TAMS 0x0000000095800000| PB 0x0000000095800000| Untracked 
| 345|0x0000000095900000, 0x0000000095a00000, 0x0000000095a00000|100%| O|  |TAMS 0x0000000095900000| PB 0x0000000095900000| Untracked 
| 346|0x0000000095a00000, 0x0000000095b00000, 0x0000000095b00000|100%| O|  |TAMS 0x0000000095a00000| PB 0x0000000095a00000| Untracked 
| 347|0x0000000095b00000, 0x0000000095c00000, 0x0000000095c00000|100%| O|  |TAMS 0x0000000095b00000| PB 0x0000000095b00000| Untracked 
| 348|0x0000000095c00000, 0x0000000095c00000, 0x0000000095d00000|  0%| F|  |TAMS 0x0000000095c00000| PB 0x0000000095c00000| Untracked 
| 349|0x0000000095d00000, 0x0000000095d00000, 0x0000000095e00000|  0%| F|  |TAMS 0x0000000095d00000| PB 0x0000000095d00000| Untracked 
| 350|0x0000000095e00000, 0x0000000095e00000, 0x0000000095f00000|  0%| F|  |TAMS 0x0000000095e00000| PB 0x0000000095e00000| Untracked 
| 351|0x0000000095f00000, 0x0000000096000000, 0x0000000096000000|100%| O|  |TAMS 0x0000000095f00000| PB 0x0000000095f00000| Untracked 
| 352|0x0000000096000000, 0x0000000096000000, 0x0000000096100000|  0%| F|  |TAMS 0x0000000096000000| PB 0x0000000096000000| Untracked 
| 353|0x0000000096100000, 0x0000000096100000, 0x0000000096200000|  0%| F|  |TAMS 0x0000000096100000| PB 0x0000000096100000| Untracked 
| 354|0x0000000096200000, 0x0000000096200000, 0x0000000096300000|  0%| F|  |TAMS 0x0000000096200000| PB 0x0000000096200000| Untracked 
| 355|0x0000000096300000, 0x0000000096300000, 0x0000000096400000|  0%| F|  |TAMS 0x0000000096300000| PB 0x0000000096300000| Untracked 
| 356|0x0000000096400000, 0x0000000096400000, 0x0000000096500000|  0%| F|  |TAMS 0x0000000096400000| PB 0x0000000096400000| Untracked 
| 357|0x0000000096500000, 0x0000000096500000, 0x0000000096600000|  0%| F|  |TAMS 0x0000000096500000| PB 0x0000000096500000| Untracked 
| 358|0x0000000096600000, 0x0000000096600000, 0x0000000096700000|  0%| F|  |TAMS 0x0000000096600000| PB 0x0000000096600000| Untracked 
| 359|0x0000000096700000, 0x0000000096700000, 0x0000000096800000|  0%| F|  |TAMS 0x0000000096700000| PB 0x0000000096700000| Untracked 
| 360|0x0000000096800000, 0x0000000096800000, 0x0000000096900000|  0%| F|  |TAMS 0x0000000096800000| PB 0x0000000096800000| Untracked 
| 361|0x0000000096900000, 0x0000000096900000, 0x0000000096a00000|  0%| F|  |TAMS 0x0000000096900000| PB 0x0000000096900000| Untracked 
| 362|0x0000000096a00000, 0x0000000096a00000, 0x0000000096b00000|  0%| F|  |TAMS 0x0000000096a00000| PB 0x0000000096a00000| Untracked 
| 363|0x0000000096b00000, 0x0000000096b00000, 0x0000000096c00000|  0%| F|  |TAMS 0x0000000096b00000| PB 0x0000000096b00000| Untracked 
| 364|0x0000000096c00000, 0x0000000096c00000, 0x0000000096d00000|  0%| F|  |TAMS 0x0000000096c00000| PB 0x0000000096c00000| Untracked 
| 365|0x0000000096d00000, 0x0000000096d00000, 0x0000000096e00000|  0%| F|  |TAMS 0x0000000096d00000| PB 0x0000000096d00000| Untracked 
| 366|0x0000000096e00000, 0x0000000096e00000, 0x0000000096f00000|  0%| F|  |TAMS 0x0000000096e00000| PB 0x0000000096e00000| Untracked 
| 367|0x0000000096f00000, 0x0000000096f00000, 0x0000000097000000|  0%| F|  |TAMS 0x0000000096f00000| PB 0x0000000096f00000| Untracked 
| 368|0x0000000097000000, 0x0000000097000000, 0x0000000097100000|  0%| F|  |TAMS 0x0000000097000000| PB 0x0000000097000000| Untracked 
| 369|0x0000000097100000, 0x0000000097100000, 0x0000000097200000|  0%| F|  |TAMS 0x0000000097100000| PB 0x0000000097100000| Untracked 
| 370|0x0000000097200000, 0x0000000097300000, 0x0000000097300000|100%| S|CS|TAMS 0x0000000097200000| PB 0x0000000097200000| Complete 
| 371|0x0000000097300000, 0x0000000097400000, 0x0000000097400000|100%| S|CS|TAMS 0x0000000097300000| PB 0x0000000097300000| Complete 
| 372|0x0000000097400000, 0x0000000097500000, 0x0000000097500000|100%| S|CS|TAMS 0x0000000097400000| PB 0x0000000097400000| Complete 
| 373|0x0000000097500000, 0x0000000097600000, 0x0000000097600000|100%| S|CS|TAMS 0x0000000097500000| PB 0x0000000097500000| Complete 
| 374|0x0000000097600000, 0x0000000097700000, 0x0000000097700000|100%| S|CS|TAMS 0x0000000097600000| PB 0x0000000097600000| Complete 
| 375|0x0000000097700000, 0x0000000097800000, 0x0000000097800000|100%| S|CS|TAMS 0x0000000097700000| PB 0x0000000097700000| Complete 
| 376|0x0000000097800000, 0x0000000097900000, 0x0000000097900000|100%| S|CS|TAMS 0x0000000097800000| PB 0x0000000097800000| Complete 
| 377|0x0000000097900000, 0x0000000097a00000, 0x0000000097a00000|100%| S|CS|TAMS 0x0000000097900000| PB 0x0000000097900000| Complete 
| 378|0x0000000097a00000, 0x0000000097b00000, 0x0000000097b00000|100%| S|CS|TAMS 0x0000000097a00000| PB 0x0000000097a00000| Complete 
| 379|0x0000000097b00000, 0x0000000097c00000, 0x0000000097c00000|100%| S|CS|TAMS 0x0000000097b00000| PB 0x0000000097b00000| Complete 
| 380|0x0000000097c00000, 0x0000000097d00000, 0x0000000097d00000|100%| S|CS|TAMS 0x0000000097c00000| PB 0x0000000097c00000| Complete 
| 381|0x0000000097d00000, 0x0000000097e00000, 0x0000000097e00000|100%| S|CS|TAMS 0x0000000097d00000| PB 0x0000000097d00000| Complete 
| 382|0x0000000097e00000, 0x0000000097f00000, 0x0000000097f00000|100%| S|CS|TAMS 0x0000000097e00000| PB 0x0000000097e00000| Complete 
| 383|0x0000000097f00000, 0x0000000098000000, 0x0000000098000000|100%| S|CS|TAMS 0x0000000097f00000| PB 0x0000000097f00000| Complete 
| 384|0x0000000098000000, 0x0000000098100000, 0x0000000098100000|100%| S|CS|TAMS 0x0000000098000000| PB 0x0000000098000000| Complete 
| 385|0x0000000098100000, 0x0000000098200000, 0x0000000098200000|100%| S|CS|TAMS 0x0000000098100000| PB 0x0000000098100000| Complete 
| 386|0x0000000098200000, 0x0000000098300000, 0x0000000098300000|100%| S|CS|TAMS 0x0000000098200000| PB 0x0000000098200000| Complete 
| 387|0x0000000098300000, 0x0000000098400000, 0x0000000098400000|100%| S|CS|TAMS 0x0000000098300000| PB 0x0000000098300000| Complete 
| 388|0x0000000098400000, 0x0000000098500000, 0x0000000098500000|100%| S|CS|TAMS 0x0000000098400000| PB 0x0000000098400000| Complete 
| 389|0x0000000098500000, 0x0000000098600000, 0x0000000098600000|100%| S|CS|TAMS 0x0000000098500000| PB 0x0000000098500000| Complete 
| 390|0x0000000098600000, 0x0000000098700000, 0x0000000098700000|100%| S|CS|TAMS 0x0000000098600000| PB 0x0000000098600000| Complete 
| 391|0x0000000098700000, 0x0000000098800000, 0x0000000098800000|100%| S|CS|TAMS 0x0000000098700000| PB 0x0000000098700000| Complete 
| 392|0x0000000098800000, 0x0000000098900000, 0x0000000098900000|100%| S|CS|TAMS 0x0000000098800000| PB 0x0000000098800000| Complete 
| 393|0x0000000098900000, 0x0000000098a00000, 0x0000000098a00000|100%| S|CS|TAMS 0x0000000098900000| PB 0x0000000098900000| Complete 
| 394|0x0000000098a00000, 0x0000000098b00000, 0x0000000098b00000|100%| S|CS|TAMS 0x0000000098a00000| PB 0x0000000098a00000| Complete 
| 395|0x0000000098b00000, 0x0000000098c00000, 0x0000000098c00000|100%| S|CS|TAMS 0x0000000098b00000| PB 0x0000000098b00000| Complete 
| 396|0x0000000098c00000, 0x0000000098d00000, 0x0000000098d00000|100%| S|CS|TAMS 0x0000000098c00000| PB 0x0000000098c00000| Complete 
| 397|0x0000000098d00000, 0x0000000098e00000, 0x0000000098e00000|100%| S|CS|TAMS 0x0000000098d00000| PB 0x0000000098d00000| Complete 
| 398|0x0000000098e00000, 0x0000000098e00000, 0x0000000098f00000|  0%| F|  |TAMS 0x0000000098e00000| PB 0x0000000098e00000| Untracked 
| 399|0x0000000098f00000, 0x0000000098f00000, 0x0000000099000000|  0%| F|  |TAMS 0x0000000098f00000| PB 0x0000000098f00000| Untracked 
| 400|0x0000000099000000, 0x0000000099000000, 0x0000000099100000|  0%| F|  |TAMS 0x0000000099000000| PB 0x0000000099000000| Untracked 
| 401|0x0000000099100000, 0x0000000099100000, 0x0000000099200000|  0%| F|  |TAMS 0x0000000099100000| PB 0x0000000099100000| Untracked 
| 402|0x0000000099200000, 0x0000000099200000, 0x0000000099300000|  0%| F|  |TAMS 0x0000000099200000| PB 0x0000000099200000| Untracked 
| 403|0x0000000099300000, 0x0000000099300000, 0x0000000099400000|  0%| F|  |TAMS 0x0000000099300000| PB 0x0000000099300000| Untracked 
| 404|0x0000000099400000, 0x0000000099400000, 0x0000000099500000|  0%| F|  |TAMS 0x0000000099400000| PB 0x0000000099400000| Untracked 
| 405|0x0000000099500000, 0x0000000099500000, 0x0000000099600000|  0%| F|  |TAMS 0x0000000099500000| PB 0x0000000099500000| Untracked 
| 406|0x0000000099600000, 0x0000000099600000, 0x0000000099700000|  0%| F|  |TAMS 0x0000000099600000| PB 0x0000000099600000| Untracked 
| 407|0x0000000099700000, 0x0000000099700000, 0x0000000099800000|  0%| F|  |TAMS 0x0000000099700000| PB 0x0000000099700000| Untracked 
| 408|0x0000000099800000, 0x0000000099800000, 0x0000000099900000|  0%| F|  |TAMS 0x0000000099800000| PB 0x0000000099800000| Untracked 
| 409|0x0000000099900000, 0x0000000099900000, 0x0000000099a00000|  0%| F|  |TAMS 0x0000000099900000| PB 0x0000000099900000| Untracked 
| 410|0x0000000099a00000, 0x0000000099a00000, 0x0000000099b00000|  0%| F|  |TAMS 0x0000000099a00000| PB 0x0000000099a00000| Untracked 
| 411|0x0000000099b00000, 0x0000000099b00000, 0x0000000099c00000|  0%| F|  |TAMS 0x0000000099b00000| PB 0x0000000099b00000| Untracked 
| 412|0x0000000099c00000, 0x0000000099c00000, 0x0000000099d00000|  0%| F|  |TAMS 0x0000000099c00000| PB 0x0000000099c00000| Untracked 
| 413|0x0000000099d00000, 0x0000000099d00000, 0x0000000099e00000|  0%| F|  |TAMS 0x0000000099d00000| PB 0x0000000099d00000| Untracked 
| 414|0x0000000099e00000, 0x0000000099e00000, 0x0000000099f00000|  0%| F|  |TAMS 0x0000000099e00000| PB 0x0000000099e00000| Untracked 
| 415|0x0000000099f00000, 0x0000000099f00000, 0x000000009a000000|  0%| F|  |TAMS 0x0000000099f00000| PB 0x0000000099f00000| Untracked 
| 416|0x000000009a000000, 0x000000009a000000, 0x000000009a100000|  0%| F|  |TAMS 0x000000009a000000| PB 0x000000009a000000| Untracked 
| 417|0x000000009a100000, 0x000000009a100000, 0x000000009a200000|  0%| F|  |TAMS 0x000000009a100000| PB 0x000000009a100000| Untracked 
| 418|0x000000009a200000, 0x000000009a200000, 0x000000009a300000|  0%| F|  |TAMS 0x000000009a200000| PB 0x000000009a200000| Untracked 
| 419|0x000000009a300000, 0x000000009a300000, 0x000000009a400000|  0%| F|  |TAMS 0x000000009a300000| PB 0x000000009a300000| Untracked 
| 420|0x000000009a400000, 0x000000009a400000, 0x000000009a500000|  0%| F|  |TAMS 0x000000009a400000| PB 0x000000009a400000| Untracked 
| 421|0x000000009a500000, 0x000000009a500000, 0x000000009a600000|  0%| F|  |TAMS 0x000000009a500000| PB 0x000000009a500000| Untracked 
| 422|0x000000009a600000, 0x000000009a600000, 0x000000009a700000|  0%| F|  |TAMS 0x000000009a600000| PB 0x000000009a600000| Untracked 
| 423|0x000000009a700000, 0x000000009a700000, 0x000000009a800000|  0%| F|  |TAMS 0x000000009a700000| PB 0x000000009a700000| Untracked 
| 424|0x000000009a800000, 0x000000009a800000, 0x000000009a900000|  0%| F|  |TAMS 0x000000009a800000| PB 0x000000009a800000| Untracked 
| 425|0x000000009a900000, 0x000000009a900000, 0x000000009aa00000|  0%| F|  |TAMS 0x000000009a900000| PB 0x000000009a900000| Untracked 
| 426|0x000000009aa00000, 0x000000009aa00000, 0x000000009ab00000|  0%| F|  |TAMS 0x000000009aa00000| PB 0x000000009aa00000| Untracked 
| 427|0x000000009ab00000, 0x000000009ab00000, 0x000000009ac00000|  0%| F|  |TAMS 0x000000009ab00000| PB 0x000000009ab00000| Untracked 
| 428|0x000000009ac00000, 0x000000009ac00000, 0x000000009ad00000|  0%| F|  |TAMS 0x000000009ac00000| PB 0x000000009ac00000| Untracked 
| 429|0x000000009ad00000, 0x000000009ad00000, 0x000000009ae00000|  0%| F|  |TAMS 0x000000009ad00000| PB 0x000000009ad00000| Untracked 
| 430|0x000000009ae00000, 0x000000009ae00000, 0x000000009af00000|  0%| F|  |TAMS 0x000000009ae00000| PB 0x000000009ae00000| Untracked 
| 431|0x000000009af00000, 0x000000009af00000, 0x000000009b000000|  0%| F|  |TAMS 0x000000009af00000| PB 0x000000009af00000| Untracked 
| 432|0x000000009b000000, 0x000000009b000000, 0x000000009b100000|  0%| F|  |TAMS 0x000000009b000000| PB 0x000000009b000000| Untracked 
| 433|0x000000009b100000, 0x000000009b100000, 0x000000009b200000|  0%| F|  |TAMS 0x000000009b100000| PB 0x000000009b100000| Untracked 
| 434|0x000000009b200000, 0x000000009b200000, 0x000000009b300000|  0%| F|  |TAMS 0x000000009b200000| PB 0x000000009b200000| Untracked 
| 435|0x000000009b300000, 0x000000009b300000, 0x000000009b400000|  0%| F|  |TAMS 0x000000009b300000| PB 0x000000009b300000| Untracked 
| 436|0x000000009b400000, 0x000000009b400000, 0x000000009b500000|  0%| F|  |TAMS 0x000000009b400000| PB 0x000000009b400000| Untracked 
| 437|0x000000009b500000, 0x000000009b500000, 0x000000009b600000|  0%| F|  |TAMS 0x000000009b500000| PB 0x000000009b500000| Untracked 
| 438|0x000000009b600000, 0x000000009b600000, 0x000000009b700000|  0%| F|  |TAMS 0x000000009b600000| PB 0x000000009b600000| Untracked 
| 439|0x000000009b700000, 0x000000009b700000, 0x000000009b800000|  0%| F|  |TAMS 0x000000009b700000| PB 0x000000009b700000| Untracked 
| 440|0x000000009b800000, 0x000000009b800000, 0x000000009b900000|  0%| F|  |TAMS 0x000000009b800000| PB 0x000000009b800000| Untracked 
| 441|0x000000009b900000, 0x000000009b900000, 0x000000009ba00000|  0%| F|  |TAMS 0x000000009b900000| PB 0x000000009b900000| Untracked 
| 442|0x000000009ba00000, 0x000000009ba00000, 0x000000009bb00000|  0%| F|  |TAMS 0x000000009ba00000| PB 0x000000009ba00000| Untracked 
| 443|0x000000009bb00000, 0x000000009bb00000, 0x000000009bc00000|  0%| F|  |TAMS 0x000000009bb00000| PB 0x000000009bb00000| Untracked 
| 444|0x000000009bc00000, 0x000000009bc00000, 0x000000009bd00000|  0%| F|  |TAMS 0x000000009bc00000| PB 0x000000009bc00000| Untracked 
| 445|0x000000009bd00000, 0x000000009bd00000, 0x000000009be00000|  0%| F|  |TAMS 0x000000009bd00000| PB 0x000000009bd00000| Untracked 
| 446|0x000000009be00000, 0x000000009be00000, 0x000000009bf00000|  0%| F|  |TAMS 0x000000009be00000| PB 0x000000009be00000| Untracked 
| 447|0x000000009bf00000, 0x000000009bf00000, 0x000000009c000000|  0%| F|  |TAMS 0x000000009bf00000| PB 0x000000009bf00000| Untracked 
| 448|0x000000009c000000, 0x000000009c000000, 0x000000009c100000|  0%| F|  |TAMS 0x000000009c000000| PB 0x000000009c000000| Untracked 
| 449|0x000000009c100000, 0x000000009c100000, 0x000000009c200000|  0%| F|  |TAMS 0x000000009c100000| PB 0x000000009c100000| Untracked 
| 450|0x000000009c200000, 0x000000009c200000, 0x000000009c300000|  0%| F|  |TAMS 0x000000009c200000| PB 0x000000009c200000| Untracked 
| 451|0x000000009c300000, 0x000000009c300000, 0x000000009c400000|  0%| F|  |TAMS 0x000000009c300000| PB 0x000000009c300000| Untracked 
| 452|0x000000009c400000, 0x000000009c400000, 0x000000009c500000|  0%| F|  |TAMS 0x000000009c400000| PB 0x000000009c400000| Untracked 
| 453|0x000000009c500000, 0x000000009c500000, 0x000000009c600000|  0%| F|  |TAMS 0x000000009c500000| PB 0x000000009c500000| Untracked 
| 454|0x000000009c600000, 0x000000009c600000, 0x000000009c700000|  0%| F|  |TAMS 0x000000009c600000| PB 0x000000009c600000| Untracked 
| 455|0x000000009c700000, 0x000000009c700000, 0x000000009c800000|  0%| F|  |TAMS 0x000000009c700000| PB 0x000000009c700000| Untracked 
| 456|0x000000009c800000, 0x000000009c800000, 0x000000009c900000|  0%| F|  |TAMS 0x000000009c800000| PB 0x000000009c800000| Untracked 
| 457|0x000000009c900000, 0x000000009c900000, 0x000000009ca00000|  0%| F|  |TAMS 0x000000009c900000| PB 0x000000009c900000| Untracked 
| 458|0x000000009ca00000, 0x000000009ca00000, 0x000000009cb00000|  0%| F|  |TAMS 0x000000009ca00000| PB 0x000000009ca00000| Untracked 
| 459|0x000000009cb00000, 0x000000009cb00000, 0x000000009cc00000|  0%| F|  |TAMS 0x000000009cb00000| PB 0x000000009cb00000| Untracked 
| 460|0x000000009cc00000, 0x000000009cc00000, 0x000000009cd00000|  0%| F|  |TAMS 0x000000009cc00000| PB 0x000000009cc00000| Untracked 
| 461|0x000000009cd00000, 0x000000009cd00000, 0x000000009ce00000|  0%| F|  |TAMS 0x000000009cd00000| PB 0x000000009cd00000| Untracked 
| 462|0x000000009ce00000, 0x000000009ce00000, 0x000000009cf00000|  0%| F|  |TAMS 0x000000009ce00000| PB 0x000000009ce00000| Untracked 
| 463|0x000000009cf00000, 0x000000009cf00000, 0x000000009d000000|  0%| F|  |TAMS 0x000000009cf00000| PB 0x000000009cf00000| Untracked 
| 464|0x000000009d000000, 0x000000009d000000, 0x000000009d100000|  0%| F|  |TAMS 0x000000009d000000| PB 0x000000009d000000| Untracked 
| 465|0x000000009d100000, 0x000000009d100000, 0x000000009d200000|  0%| F|  |TAMS 0x000000009d100000| PB 0x000000009d100000| Untracked 
| 466|0x000000009d200000, 0x000000009d200000, 0x000000009d300000|  0%| F|  |TAMS 0x000000009d200000| PB 0x000000009d200000| Untracked 
| 467|0x000000009d300000, 0x000000009d300000, 0x000000009d400000|  0%| F|  |TAMS 0x000000009d300000| PB 0x000000009d300000| Untracked 
| 468|0x000000009d400000, 0x000000009d400000, 0x000000009d500000|  0%| F|  |TAMS 0x000000009d400000| PB 0x000000009d400000| Untracked 
| 469|0x000000009d500000, 0x000000009d500000, 0x000000009d600000|  0%| F|  |TAMS 0x000000009d500000| PB 0x000000009d500000| Untracked 
| 470|0x000000009d600000, 0x000000009d600000, 0x000000009d700000|  0%| F|  |TAMS 0x000000009d600000| PB 0x000000009d600000| Untracked 
| 471|0x000000009d700000, 0x000000009d700000, 0x000000009d800000|  0%| F|  |TAMS 0x000000009d700000| PB 0x000000009d700000| Untracked 
| 472|0x000000009d800000, 0x000000009d800000, 0x000000009d900000|  0%| F|  |TAMS 0x000000009d800000| PB 0x000000009d800000| Untracked 
| 473|0x000000009d900000, 0x000000009d900000, 0x000000009da00000|  0%| F|  |TAMS 0x000000009d900000| PB 0x000000009d900000| Untracked 
| 474|0x000000009da00000, 0x000000009da00000, 0x000000009db00000|  0%| F|  |TAMS 0x000000009da00000| PB 0x000000009da00000| Untracked 
| 475|0x000000009db00000, 0x000000009db00000, 0x000000009dc00000|  0%| F|  |TAMS 0x000000009db00000| PB 0x000000009db00000| Untracked 
| 476|0x000000009dc00000, 0x000000009dc00000, 0x000000009dd00000|  0%| F|  |TAMS 0x000000009dc00000| PB 0x000000009dc00000| Untracked 
| 477|0x000000009dd00000, 0x000000009dd00000, 0x000000009de00000|  0%| F|  |TAMS 0x000000009dd00000| PB 0x000000009dd00000| Untracked 
| 478|0x000000009de00000, 0x000000009de00000, 0x000000009df00000|  0%| F|  |TAMS 0x000000009de00000| PB 0x000000009de00000| Untracked 
| 479|0x000000009df00000, 0x000000009df00000, 0x000000009e000000|  0%| F|  |TAMS 0x000000009df00000| PB 0x000000009df00000| Untracked 
| 480|0x000000009e000000, 0x000000009e000000, 0x000000009e100000|  0%| F|  |TAMS 0x000000009e000000| PB 0x000000009e000000| Untracked 
| 481|0x000000009e100000, 0x000000009e100000, 0x000000009e200000|  0%| F|  |TAMS 0x000000009e100000| PB 0x000000009e100000| Untracked 
| 482|0x000000009e200000, 0x000000009e200000, 0x000000009e300000|  0%| F|  |TAMS 0x000000009e200000| PB 0x000000009e200000| Untracked 
| 483|0x000000009e300000, 0x000000009e300000, 0x000000009e400000|  0%| F|  |TAMS 0x000000009e300000| PB 0x000000009e300000| Untracked 
| 484|0x000000009e400000, 0x000000009e400000, 0x000000009e500000|  0%| F|  |TAMS 0x000000009e400000| PB 0x000000009e400000| Untracked 
| 485|0x000000009e500000, 0x000000009e500000, 0x000000009e600000|  0%| F|  |TAMS 0x000000009e500000| PB 0x000000009e500000| Untracked 
| 486|0x000000009e600000, 0x000000009e600000, 0x000000009e700000|  0%| F|  |TAMS 0x000000009e600000| PB 0x000000009e600000| Untracked 
| 487|0x000000009e700000, 0x000000009e700000, 0x000000009e800000|  0%| F|  |TAMS 0x000000009e700000| PB 0x000000009e700000| Untracked 
| 488|0x000000009e800000, 0x000000009e800000, 0x000000009e900000|  0%| F|  |TAMS 0x000000009e800000| PB 0x000000009e800000| Untracked 
| 489|0x000000009e900000, 0x000000009e900000, 0x000000009ea00000|  0%| F|  |TAMS 0x000000009e900000| PB 0x000000009e900000| Untracked 
| 490|0x000000009ea00000, 0x000000009ea00000, 0x000000009eb00000|  0%| F|  |TAMS 0x000000009ea00000| PB 0x000000009ea00000| Untracked 
| 491|0x000000009eb00000, 0x000000009eb00000, 0x000000009ec00000|  0%| F|  |TAMS 0x000000009eb00000| PB 0x000000009eb00000| Untracked 
| 492|0x000000009ec00000, 0x000000009ec00000, 0x000000009ed00000|  0%| F|  |TAMS 0x000000009ec00000| PB 0x000000009ec00000| Untracked 
| 493|0x000000009ed00000, 0x000000009ed00000, 0x000000009ee00000|  0%| F|  |TAMS 0x000000009ed00000| PB 0x000000009ed00000| Untracked 
| 494|0x000000009ee00000, 0x000000009ee00000, 0x000000009ef00000|  0%| F|  |TAMS 0x000000009ee00000| PB 0x000000009ee00000| Untracked 
| 495|0x000000009ef00000, 0x000000009ef00000, 0x000000009f000000|  0%| F|  |TAMS 0x000000009ef00000| PB 0x000000009ef00000| Untracked 
| 496|0x000000009f000000, 0x000000009f000000, 0x000000009f100000|  0%| F|  |TAMS 0x000000009f000000| PB 0x000000009f000000| Untracked 
| 497|0x000000009f100000, 0x000000009f100000, 0x000000009f200000|  0%| F|  |TAMS 0x000000009f100000| PB 0x000000009f100000| Untracked 
| 498|0x000000009f200000, 0x000000009f200000, 0x000000009f300000|  0%| F|  |TAMS 0x000000009f200000| PB 0x000000009f200000| Untracked 
| 499|0x000000009f300000, 0x000000009f300000, 0x000000009f400000|  0%| F|  |TAMS 0x000000009f300000| PB 0x000000009f300000| Untracked 
| 500|0x000000009f400000, 0x000000009f400000, 0x000000009f500000|  0%| F|  |TAMS 0x000000009f400000| PB 0x000000009f400000| Untracked 
| 501|0x000000009f500000, 0x000000009f500000, 0x000000009f600000|  0%| F|  |TAMS 0x000000009f500000| PB 0x000000009f500000| Untracked 
| 502|0x000000009f600000, 0x000000009f600000, 0x000000009f700000|  0%| F|  |TAMS 0x000000009f600000| PB 0x000000009f600000| Untracked 
| 503|0x000000009f700000, 0x000000009f700000, 0x000000009f800000|  0%| F|  |TAMS 0x000000009f700000| PB 0x000000009f700000| Untracked 
| 504|0x000000009f800000, 0x000000009f800000, 0x000000009f900000|  0%| F|  |TAMS 0x000000009f800000| PB 0x000000009f800000| Untracked 
| 505|0x000000009f900000, 0x000000009f900000, 0x000000009fa00000|  0%| F|  |TAMS 0x000000009f900000| PB 0x000000009f900000| Untracked 
| 506|0x000000009fa00000, 0x000000009fa00000, 0x000000009fb00000|  0%| F|  |TAMS 0x000000009fa00000| PB 0x000000009fa00000| Untracked 
| 507|0x000000009fb00000, 0x000000009fb00000, 0x000000009fc00000|  0%| F|  |TAMS 0x000000009fb00000| PB 0x000000009fb00000| Untracked 
| 508|0x000000009fc00000, 0x000000009fc00000, 0x000000009fd00000|  0%| F|  |TAMS 0x000000009fc00000| PB 0x000000009fc00000| Untracked 
| 509|0x000000009fd00000, 0x000000009fd00000, 0x000000009fe00000|  0%| F|  |TAMS 0x000000009fd00000| PB 0x000000009fd00000| Untracked 
| 510|0x000000009fe00000, 0x000000009fe00000, 0x000000009ff00000|  0%| F|  |TAMS 0x000000009fe00000| PB 0x000000009fe00000| Untracked 
| 511|0x000000009ff00000, 0x000000009ff00000, 0x00000000a0000000|  0%| F|  |TAMS 0x000000009ff00000| PB 0x000000009ff00000| Untracked 
| 512|0x00000000a0000000, 0x00000000a0000000, 0x00000000a0100000|  0%| F|  |TAMS 0x00000000a0000000| PB 0x00000000a0000000| Untracked 
| 513|0x00000000a0100000, 0x00000000a0100000, 0x00000000a0200000|  0%| F|  |TAMS 0x00000000a0100000| PB 0x00000000a0100000| Untracked 
| 514|0x00000000a0200000, 0x00000000a0200000, 0x00000000a0300000|  0%| F|  |TAMS 0x00000000a0200000| PB 0x00000000a0200000| Untracked 
| 515|0x00000000a0300000, 0x00000000a0300000, 0x00000000a0400000|  0%| F|  |TAMS 0x00000000a0300000| PB 0x00000000a0300000| Untracked 
| 516|0x00000000a0400000, 0x00000000a0400000, 0x00000000a0500000|  0%| F|  |TAMS 0x00000000a0400000| PB 0x00000000a0400000| Untracked 
| 517|0x00000000a0500000, 0x00000000a0500000, 0x00000000a0600000|  0%| F|  |TAMS 0x00000000a0500000| PB 0x00000000a0500000| Untracked 
| 518|0x00000000a0600000, 0x00000000a0600000, 0x00000000a0700000|  0%| F|  |TAMS 0x00000000a0600000| PB 0x00000000a0600000| Untracked 
| 519|0x00000000a0700000, 0x00000000a0700000, 0x00000000a0800000|  0%| F|  |TAMS 0x00000000a0700000| PB 0x00000000a0700000| Untracked 
| 520|0x00000000a0800000, 0x00000000a0800000, 0x00000000a0900000|  0%| F|  |TAMS 0x00000000a0800000| PB 0x00000000a0800000| Untracked 
| 521|0x00000000a0900000, 0x00000000a0900000, 0x00000000a0a00000|  0%| F|  |TAMS 0x00000000a0900000| PB 0x00000000a0900000| Untracked 
| 522|0x00000000a0a00000, 0x00000000a0a00000, 0x00000000a0b00000|  0%| F|  |TAMS 0x00000000a0a00000| PB 0x00000000a0a00000| Untracked 
| 523|0x00000000a0b00000, 0x00000000a0b00000, 0x00000000a0c00000|  0%| F|  |TAMS 0x00000000a0b00000| PB 0x00000000a0b00000| Untracked 
| 524|0x00000000a0c00000, 0x00000000a0c00000, 0x00000000a0d00000|  0%| F|  |TAMS 0x00000000a0c00000| PB 0x00000000a0c00000| Untracked 
| 525|0x00000000a0d00000, 0x00000000a0d00000, 0x00000000a0e00000|  0%| F|  |TAMS 0x00000000a0d00000| PB 0x00000000a0d00000| Untracked 
| 526|0x00000000a0e00000, 0x00000000a0e00000, 0x00000000a0f00000|  0%| F|  |TAMS 0x00000000a0e00000| PB 0x00000000a0e00000| Untracked 
| 527|0x00000000a0f00000, 0x00000000a0f00000, 0x00000000a1000000|  0%| F|  |TAMS 0x00000000a0f00000| PB 0x00000000a0f00000| Untracked 
| 528|0x00000000a1000000, 0x00000000a1000000, 0x00000000a1100000|  0%| F|  |TAMS 0x00000000a1000000| PB 0x00000000a1000000| Untracked 
| 529|0x00000000a1100000, 0x00000000a1100000, 0x00000000a1200000|  0%| F|  |TAMS 0x00000000a1100000| PB 0x00000000a1100000| Untracked 
| 530|0x00000000a1200000, 0x00000000a1200000, 0x00000000a1300000|  0%| F|  |TAMS 0x00000000a1200000| PB 0x00000000a1200000| Untracked 
| 531|0x00000000a1300000, 0x00000000a1300000, 0x00000000a1400000|  0%| F|  |TAMS 0x00000000a1300000| PB 0x00000000a1300000| Untracked 
| 532|0x00000000a1400000, 0x00000000a1400000, 0x00000000a1500000|  0%| F|  |TAMS 0x00000000a1400000| PB 0x00000000a1400000| Untracked 
| 533|0x00000000a1500000, 0x00000000a1500000, 0x00000000a1600000|  0%| F|  |TAMS 0x00000000a1500000| PB 0x00000000a1500000| Untracked 
| 534|0x00000000a1600000, 0x00000000a1600000, 0x00000000a1700000|  0%| F|  |TAMS 0x00000000a1600000| PB 0x00000000a1600000| Untracked 
| 535|0x00000000a1700000, 0x00000000a1700000, 0x00000000a1800000|  0%| F|  |TAMS 0x00000000a1700000| PB 0x00000000a1700000| Untracked 
| 536|0x00000000a1800000, 0x00000000a1800000, 0x00000000a1900000|  0%| F|  |TAMS 0x00000000a1800000| PB 0x00000000a1800000| Untracked 
| 537|0x00000000a1900000, 0x00000000a1900000, 0x00000000a1a00000|  0%| F|  |TAMS 0x00000000a1900000| PB 0x00000000a1900000| Untracked 
| 538|0x00000000a1a00000, 0x00000000a1a00000, 0x00000000a1b00000|  0%| F|  |TAMS 0x00000000a1a00000| PB 0x00000000a1a00000| Untracked 
| 539|0x00000000a1b00000, 0x00000000a1b00000, 0x00000000a1c00000|  0%| F|  |TAMS 0x00000000a1b00000| PB 0x00000000a1b00000| Untracked 
| 540|0x00000000a1c00000, 0x00000000a1c00000, 0x00000000a1d00000|  0%| F|  |TAMS 0x00000000a1c00000| PB 0x00000000a1c00000| Untracked 
| 541|0x00000000a1d00000, 0x00000000a1d00000, 0x00000000a1e00000|  0%| F|  |TAMS 0x00000000a1d00000| PB 0x00000000a1d00000| Untracked 
| 542|0x00000000a1e00000, 0x00000000a1e00000, 0x00000000a1f00000|  0%| F|  |TAMS 0x00000000a1e00000| PB 0x00000000a1e00000| Untracked 
| 543|0x00000000a1f00000, 0x00000000a1f00000, 0x00000000a2000000|  0%| F|  |TAMS 0x00000000a1f00000| PB 0x00000000a1f00000| Untracked 
| 544|0x00000000a2000000, 0x00000000a2000000, 0x00000000a2100000|  0%| F|  |TAMS 0x00000000a2000000| PB 0x00000000a2000000| Untracked 
| 545|0x00000000a2100000, 0x00000000a2100000, 0x00000000a2200000|  0%| F|  |TAMS 0x00000000a2100000| PB 0x00000000a2100000| Untracked 
| 546|0x00000000a2200000, 0x00000000a2200000, 0x00000000a2300000|  0%| F|  |TAMS 0x00000000a2200000| PB 0x00000000a2200000| Untracked 
| 547|0x00000000a2300000, 0x00000000a2300000, 0x00000000a2400000|  0%| F|  |TAMS 0x00000000a2300000| PB 0x00000000a2300000| Untracked 
| 548|0x00000000a2400000, 0x00000000a2400000, 0x00000000a2500000|  0%| F|  |TAMS 0x00000000a2400000| PB 0x00000000a2400000| Untracked 
| 549|0x00000000a2500000, 0x00000000a2500000, 0x00000000a2600000|  0%| F|  |TAMS 0x00000000a2500000| PB 0x00000000a2500000| Untracked 
| 550|0x00000000a2600000, 0x00000000a2600000, 0x00000000a2700000|  0%| F|  |TAMS 0x00000000a2600000| PB 0x00000000a2600000| Untracked 
| 551|0x00000000a2700000, 0x00000000a2700000, 0x00000000a2800000|  0%| F|  |TAMS 0x00000000a2700000| PB 0x00000000a2700000| Untracked 
| 552|0x00000000a2800000, 0x00000000a2800000, 0x00000000a2900000|  0%| F|  |TAMS 0x00000000a2800000| PB 0x00000000a2800000| Untracked 
| 553|0x00000000a2900000, 0x00000000a2900000, 0x00000000a2a00000|  0%| F|  |TAMS 0x00000000a2900000| PB 0x00000000a2900000| Untracked 
| 554|0x00000000a2a00000, 0x00000000a2a00000, 0x00000000a2b00000|  0%| F|  |TAMS 0x00000000a2a00000| PB 0x00000000a2a00000| Untracked 
| 555|0x00000000a2b00000, 0x00000000a2b00000, 0x00000000a2c00000|  0%| F|  |TAMS 0x00000000a2b00000| PB 0x00000000a2b00000| Untracked 
| 556|0x00000000a2c00000, 0x00000000a2c00000, 0x00000000a2d00000|  0%| F|  |TAMS 0x00000000a2c00000| PB 0x00000000a2c00000| Untracked 
| 557|0x00000000a2d00000, 0x00000000a2d00000, 0x00000000a2e00000|  0%| F|  |TAMS 0x00000000a2d00000| PB 0x00000000a2d00000| Untracked 
| 558|0x00000000a2e00000, 0x00000000a2e00000, 0x00000000a2f00000|  0%| F|  |TAMS 0x00000000a2e00000| PB 0x00000000a2e00000| Untracked 
| 559|0x00000000a2f00000, 0x00000000a2f00000, 0x00000000a3000000|  0%| F|  |TAMS 0x00000000a2f00000| PB 0x00000000a2f00000| Untracked 
| 560|0x00000000a3000000, 0x00000000a3000000, 0x00000000a3100000|  0%| F|  |TAMS 0x00000000a3000000| PB 0x00000000a3000000| Untracked 
| 561|0x00000000a3100000, 0x00000000a3100000, 0x00000000a3200000|  0%| F|  |TAMS 0x00000000a3100000| PB 0x00000000a3100000| Untracked 
| 562|0x00000000a3200000, 0x00000000a3200000, 0x00000000a3300000|  0%| F|  |TAMS 0x00000000a3200000| PB 0x00000000a3200000| Untracked 
| 563|0x00000000a3300000, 0x00000000a3300000, 0x00000000a3400000|  0%| F|  |TAMS 0x00000000a3300000| PB 0x00000000a3300000| Untracked 
| 564|0x00000000a3400000, 0x00000000a3400000, 0x00000000a3500000|  0%| F|  |TAMS 0x00000000a3400000| PB 0x00000000a3400000| Untracked 
| 565|0x00000000a3500000, 0x00000000a3500000, 0x00000000a3600000|  0%| F|  |TAMS 0x00000000a3500000| PB 0x00000000a3500000| Untracked 
| 566|0x00000000a3600000, 0x00000000a3600000, 0x00000000a3700000|  0%| F|  |TAMS 0x00000000a3600000| PB 0x00000000a3600000| Untracked 
| 567|0x00000000a3700000, 0x00000000a3700000, 0x00000000a3800000|  0%| F|  |TAMS 0x00000000a3700000| PB 0x00000000a3700000| Untracked 
| 568|0x00000000a3800000, 0x00000000a3800000, 0x00000000a3900000|  0%| F|  |TAMS 0x00000000a3800000| PB 0x00000000a3800000| Untracked 
| 569|0x00000000a3900000, 0x00000000a3900000, 0x00000000a3a00000|  0%| F|  |TAMS 0x00000000a3900000| PB 0x00000000a3900000| Untracked 
| 570|0x00000000a3a00000, 0x00000000a3a00000, 0x00000000a3b00000|  0%| F|  |TAMS 0x00000000a3a00000| PB 0x00000000a3a00000| Untracked 
| 571|0x00000000a3b00000, 0x00000000a3b00000, 0x00000000a3c00000|  0%| F|  |TAMS 0x00000000a3b00000| PB 0x00000000a3b00000| Untracked 
| 572|0x00000000a3c00000, 0x00000000a3c00000, 0x00000000a3d00000|  0%| F|  |TAMS 0x00000000a3c00000| PB 0x00000000a3c00000| Untracked 
| 573|0x00000000a3d00000, 0x00000000a3d00000, 0x00000000a3e00000|  0%| F|  |TAMS 0x00000000a3d00000| PB 0x00000000a3d00000| Untracked 
| 574|0x00000000a3e00000, 0x00000000a3e00000, 0x00000000a3f00000|  0%| F|  |TAMS 0x00000000a3e00000| PB 0x00000000a3e00000| Untracked 
| 575|0x00000000a3f00000, 0x00000000a3f00000, 0x00000000a4000000|  0%| F|  |TAMS 0x00000000a3f00000| PB 0x00000000a3f00000| Untracked 
| 576|0x00000000a4000000, 0x00000000a4000000, 0x00000000a4100000|  0%| F|  |TAMS 0x00000000a4000000| PB 0x00000000a4000000| Untracked 
| 577|0x00000000a4100000, 0x00000000a4100000, 0x00000000a4200000|  0%| F|  |TAMS 0x00000000a4100000| PB 0x00000000a4100000| Untracked 
| 578|0x00000000a4200000, 0x00000000a4200000, 0x00000000a4300000|  0%| F|  |TAMS 0x00000000a4200000| PB 0x00000000a4200000| Untracked 
| 579|0x00000000a4300000, 0x00000000a4300000, 0x00000000a4400000|  0%| F|  |TAMS 0x00000000a4300000| PB 0x00000000a4300000| Untracked 
| 580|0x00000000a4400000, 0x00000000a4400000, 0x00000000a4500000|  0%| F|  |TAMS 0x00000000a4400000| PB 0x00000000a4400000| Untracked 
| 581|0x00000000a4500000, 0x00000000a4500000, 0x00000000a4600000|  0%| F|  |TAMS 0x00000000a4500000| PB 0x00000000a4500000| Untracked 
| 582|0x00000000a4600000, 0x00000000a4600000, 0x00000000a4700000|  0%| F|  |TAMS 0x00000000a4600000| PB 0x00000000a4600000| Untracked 
| 583|0x00000000a4700000, 0x00000000a4700000, 0x00000000a4800000|  0%| F|  |TAMS 0x00000000a4700000| PB 0x00000000a4700000| Untracked 
| 584|0x00000000a4800000, 0x00000000a4800000, 0x00000000a4900000|  0%| F|  |TAMS 0x00000000a4800000| PB 0x00000000a4800000| Untracked 
| 585|0x00000000a4900000, 0x00000000a4900000, 0x00000000a4a00000|  0%| F|  |TAMS 0x00000000a4900000| PB 0x00000000a4900000| Untracked 
| 586|0x00000000a4a00000, 0x00000000a4a00000, 0x00000000a4b00000|  0%| F|  |TAMS 0x00000000a4a00000| PB 0x00000000a4a00000| Untracked 
| 587|0x00000000a4b00000, 0x00000000a4b00000, 0x00000000a4c00000|  0%| F|  |TAMS 0x00000000a4b00000| PB 0x00000000a4b00000| Untracked 
| 588|0x00000000a4c00000, 0x00000000a4c00000, 0x00000000a4d00000|  0%| F|  |TAMS 0x00000000a4c00000| PB 0x00000000a4c00000| Untracked 
| 589|0x00000000a4d00000, 0x00000000a4d00000, 0x00000000a4e00000|  0%| F|  |TAMS 0x00000000a4d00000| PB 0x00000000a4d00000| Untracked 
| 590|0x00000000a4e00000, 0x00000000a4e00000, 0x00000000a4f00000|  0%| F|  |TAMS 0x00000000a4e00000| PB 0x00000000a4e00000| Untracked 
| 591|0x00000000a4f00000, 0x00000000a4f00000, 0x00000000a5000000|  0%| F|  |TAMS 0x00000000a4f00000| PB 0x00000000a4f00000| Untracked 
| 592|0x00000000a5000000, 0x00000000a5000000, 0x00000000a5100000|  0%| F|  |TAMS 0x00000000a5000000| PB 0x00000000a5000000| Untracked 
| 593|0x00000000a5100000, 0x00000000a5100000, 0x00000000a5200000|  0%| F|  |TAMS 0x00000000a5100000| PB 0x00000000a5100000| Untracked 
| 594|0x00000000a5200000, 0x00000000a5200000, 0x00000000a5300000|  0%| F|  |TAMS 0x00000000a5200000| PB 0x00000000a5200000| Untracked 
| 595|0x00000000a5300000, 0x00000000a5300000, 0x00000000a5400000|  0%| F|  |TAMS 0x00000000a5300000| PB 0x00000000a5300000| Untracked 
| 596|0x00000000a5400000, 0x00000000a5400000, 0x00000000a5500000|  0%| F|  |TAMS 0x00000000a5400000| PB 0x00000000a5400000| Untracked 
| 597|0x00000000a5500000, 0x00000000a5500000, 0x00000000a5600000|  0%| F|  |TAMS 0x00000000a5500000| PB 0x00000000a5500000| Untracked 
| 598|0x00000000a5600000, 0x00000000a5600000, 0x00000000a5700000|  0%| F|  |TAMS 0x00000000a5600000| PB 0x00000000a5600000| Untracked 
| 599|0x00000000a5700000, 0x00000000a5700000, 0x00000000a5800000|  0%| F|  |TAMS 0x00000000a5700000| PB 0x00000000a5700000| Untracked 
| 600|0x00000000a5800000, 0x00000000a5800000, 0x00000000a5900000|  0%| F|  |TAMS 0x00000000a5800000| PB 0x00000000a5800000| Untracked 
| 601|0x00000000a5900000, 0x00000000a5900000, 0x00000000a5a00000|  0%| F|  |TAMS 0x00000000a5900000| PB 0x00000000a5900000| Untracked 
| 602|0x00000000a5a00000, 0x00000000a5a00000, 0x00000000a5b00000|  0%| F|  |TAMS 0x00000000a5a00000| PB 0x00000000a5a00000| Untracked 
| 603|0x00000000a5b00000, 0x00000000a5b00000, 0x00000000a5c00000|  0%| F|  |TAMS 0x00000000a5b00000| PB 0x00000000a5b00000| Untracked 
| 604|0x00000000a5c00000, 0x00000000a5c00000, 0x00000000a5d00000|  0%| F|  |TAMS 0x00000000a5c00000| PB 0x00000000a5c00000| Untracked 
| 605|0x00000000a5d00000, 0x00000000a5d00000, 0x00000000a5e00000|  0%| F|  |TAMS 0x00000000a5d00000| PB 0x00000000a5d00000| Untracked 
| 606|0x00000000a5e00000, 0x00000000a5e00000, 0x00000000a5f00000|  0%| F|  |TAMS 0x00000000a5e00000| PB 0x00000000a5e00000| Untracked 
| 607|0x00000000a5f00000, 0x00000000a5f00000, 0x00000000a6000000|  0%| F|  |TAMS 0x00000000a5f00000| PB 0x00000000a5f00000| Untracked 
| 608|0x00000000a6000000, 0x00000000a6000000, 0x00000000a6100000|  0%| F|  |TAMS 0x00000000a6000000| PB 0x00000000a6000000| Untracked 
| 609|0x00000000a6100000, 0x00000000a6100000, 0x00000000a6200000|  0%| F|  |TAMS 0x00000000a6100000| PB 0x00000000a6100000| Untracked 
| 610|0x00000000a6200000, 0x00000000a6200000, 0x00000000a6300000|  0%| F|  |TAMS 0x00000000a6200000| PB 0x00000000a6200000| Untracked 
| 611|0x00000000a6300000, 0x00000000a6300000, 0x00000000a6400000|  0%| F|  |TAMS 0x00000000a6300000| PB 0x00000000a6300000| Untracked 
| 612|0x00000000a6400000, 0x00000000a6400000, 0x00000000a6500000|  0%| F|  |TAMS 0x00000000a6400000| PB 0x00000000a6400000| Untracked 
| 613|0x00000000a6500000, 0x00000000a6500000, 0x00000000a6600000|  0%| F|  |TAMS 0x00000000a6500000| PB 0x00000000a6500000| Untracked 
| 614|0x00000000a6600000, 0x00000000a6600000, 0x00000000a6700000|  0%| F|  |TAMS 0x00000000a6600000| PB 0x00000000a6600000| Untracked 
| 615|0x00000000a6700000, 0x00000000a6700000, 0x00000000a6800000|  0%| F|  |TAMS 0x00000000a6700000| PB 0x00000000a6700000| Untracked 
| 616|0x00000000a6800000, 0x00000000a6800000, 0x00000000a6900000|  0%| F|  |TAMS 0x00000000a6800000| PB 0x00000000a6800000| Untracked 
| 617|0x00000000a6900000, 0x00000000a6900000, 0x00000000a6a00000|  0%| F|  |TAMS 0x00000000a6900000| PB 0x00000000a6900000| Untracked 
| 618|0x00000000a6a00000, 0x00000000a6a00000, 0x00000000a6b00000|  0%| F|  |TAMS 0x00000000a6a00000| PB 0x00000000a6a00000| Untracked 
| 619|0x00000000a6b00000, 0x00000000a6b00000, 0x00000000a6c00000|  0%| F|  |TAMS 0x00000000a6b00000| PB 0x00000000a6b00000| Untracked 
| 620|0x00000000a6c00000, 0x00000000a6c00000, 0x00000000a6d00000|  0%| F|  |TAMS 0x00000000a6c00000| PB 0x00000000a6c00000| Untracked 
| 621|0x00000000a6d00000, 0x00000000a6d00000, 0x00000000a6e00000|  0%| F|  |TAMS 0x00000000a6d00000| PB 0x00000000a6d00000| Untracked 
| 622|0x00000000a6e00000, 0x00000000a6e00000, 0x00000000a6f00000|  0%| F|  |TAMS 0x00000000a6e00000| PB 0x00000000a6e00000| Untracked 
| 623|0x00000000a6f00000, 0x00000000a6f00000, 0x00000000a7000000|  0%| F|  |TAMS 0x00000000a6f00000| PB 0x00000000a6f00000| Untracked 
| 624|0x00000000a7000000, 0x00000000a7000000, 0x00000000a7100000|  0%| F|  |TAMS 0x00000000a7000000| PB 0x00000000a7000000| Untracked 
| 625|0x00000000a7100000, 0x00000000a7100000, 0x00000000a7200000|  0%| F|  |TAMS 0x00000000a7100000| PB 0x00000000a7100000| Untracked 
| 626|0x00000000a7200000, 0x00000000a7200000, 0x00000000a7300000|  0%| F|  |TAMS 0x00000000a7200000| PB 0x00000000a7200000| Untracked 
| 627|0x00000000a7300000, 0x00000000a7300000, 0x00000000a7400000|  0%| F|  |TAMS 0x00000000a7300000| PB 0x00000000a7300000| Untracked 
| 628|0x00000000a7400000, 0x00000000a7400000, 0x00000000a7500000|  0%| F|  |TAMS 0x00000000a7400000| PB 0x00000000a7400000| Untracked 
| 629|0x00000000a7500000, 0x00000000a7500000, 0x00000000a7600000|  0%| F|  |TAMS 0x00000000a7500000| PB 0x00000000a7500000| Untracked 
| 630|0x00000000a7600000, 0x00000000a7600000, 0x00000000a7700000|  0%| F|  |TAMS 0x00000000a7600000| PB 0x00000000a7600000| Untracked 
| 631|0x00000000a7700000, 0x00000000a7700000, 0x00000000a7800000|  0%| F|  |TAMS 0x00000000a7700000| PB 0x00000000a7700000| Untracked 
| 632|0x00000000a7800000, 0x00000000a7800000, 0x00000000a7900000|  0%| F|  |TAMS 0x00000000a7800000| PB 0x00000000a7800000| Untracked 
| 633|0x00000000a7900000, 0x00000000a7900000, 0x00000000a7a00000|  0%| F|  |TAMS 0x00000000a7900000| PB 0x00000000a7900000| Untracked 
| 634|0x00000000a7a00000, 0x00000000a7a00000, 0x00000000a7b00000|  0%| F|  |TAMS 0x00000000a7a00000| PB 0x00000000a7a00000| Untracked 
| 635|0x00000000a7b00000, 0x00000000a7b00000, 0x00000000a7c00000|  0%| F|  |TAMS 0x00000000a7b00000| PB 0x00000000a7b00000| Untracked 
| 636|0x00000000a7c00000, 0x00000000a7c00000, 0x00000000a7d00000|  0%| F|  |TAMS 0x00000000a7c00000| PB 0x00000000a7c00000| Untracked 
| 637|0x00000000a7d00000, 0x00000000a7d00000, 0x00000000a7e00000|  0%| F|  |TAMS 0x00000000a7d00000| PB 0x00000000a7d00000| Untracked 
| 638|0x00000000a7e00000, 0x00000000a7e00000, 0x00000000a7f00000|  0%| F|  |TAMS 0x00000000a7e00000| PB 0x00000000a7e00000| Untracked 
| 639|0x00000000a7f00000, 0x00000000a7f00000, 0x00000000a8000000|  0%| F|  |TAMS 0x00000000a7f00000| PB 0x00000000a7f00000| Untracked 
| 640|0x00000000a8000000, 0x00000000a8000000, 0x00000000a8100000|  0%| F|  |TAMS 0x00000000a8000000| PB 0x00000000a8000000| Untracked 
| 641|0x00000000a8100000, 0x00000000a8100000, 0x00000000a8200000|  0%| F|  |TAMS 0x00000000a8100000| PB 0x00000000a8100000| Untracked 
| 642|0x00000000a8200000, 0x00000000a8200000, 0x00000000a8300000|  0%| F|  |TAMS 0x00000000a8200000| PB 0x00000000a8200000| Untracked 
| 643|0x00000000a8300000, 0x00000000a8300000, 0x00000000a8400000|  0%| F|  |TAMS 0x00000000a8300000| PB 0x00000000a8300000| Untracked 
| 644|0x00000000a8400000, 0x00000000a8400000, 0x00000000a8500000|  0%| F|  |TAMS 0x00000000a8400000| PB 0x00000000a8400000| Untracked 
| 645|0x00000000a8500000, 0x00000000a8500000, 0x00000000a8600000|  0%| F|  |TAMS 0x00000000a8500000| PB 0x00000000a8500000| Untracked 
| 646|0x00000000a8600000, 0x00000000a8600000, 0x00000000a8700000|  0%| F|  |TAMS 0x00000000a8600000| PB 0x00000000a8600000| Untracked 
| 647|0x00000000a8700000, 0x00000000a8700000, 0x00000000a8800000|  0%| F|  |TAMS 0x00000000a8700000| PB 0x00000000a8700000| Untracked 
| 648|0x00000000a8800000, 0x00000000a8800000, 0x00000000a8900000|  0%| F|  |TAMS 0x00000000a8800000| PB 0x00000000a8800000| Untracked 
| 649|0x00000000a8900000, 0x00000000a8900000, 0x00000000a8a00000|  0%| F|  |TAMS 0x00000000a8900000| PB 0x00000000a8900000| Untracked 
| 650|0x00000000a8a00000, 0x00000000a8a00000, 0x00000000a8b00000|  0%| F|  |TAMS 0x00000000a8a00000| PB 0x00000000a8a00000| Untracked 
| 651|0x00000000a8b00000, 0x00000000a8b00000, 0x00000000a8c00000|  0%| F|  |TAMS 0x00000000a8b00000| PB 0x00000000a8b00000| Untracked 
| 652|0x00000000a8c00000, 0x00000000a8c00000, 0x00000000a8d00000|  0%| F|  |TAMS 0x00000000a8c00000| PB 0x00000000a8c00000| Untracked 
| 653|0x00000000a8d00000, 0x00000000a8d00000, 0x00000000a8e00000|  0%| F|  |TAMS 0x00000000a8d00000| PB 0x00000000a8d00000| Untracked 
| 654|0x00000000a8e00000, 0x00000000a8e00000, 0x00000000a8f00000|  0%| F|  |TAMS 0x00000000a8e00000| PB 0x00000000a8e00000| Untracked 
| 655|0x00000000a8f00000, 0x00000000a8f00000, 0x00000000a9000000|  0%| F|  |TAMS 0x00000000a8f00000| PB 0x00000000a8f00000| Untracked 
| 656|0x00000000a9000000, 0x00000000a9000000, 0x00000000a9100000|  0%| F|  |TAMS 0x00000000a9000000| PB 0x00000000a9000000| Untracked 
| 657|0x00000000a9100000, 0x00000000a9100000, 0x00000000a9200000|  0%| F|  |TAMS 0x00000000a9100000| PB 0x00000000a9100000| Untracked 
| 658|0x00000000a9200000, 0x00000000a9200000, 0x00000000a9300000|  0%| F|  |TAMS 0x00000000a9200000| PB 0x00000000a9200000| Untracked 
| 659|0x00000000a9300000, 0x00000000a9300000, 0x00000000a9400000|  0%| F|  |TAMS 0x00000000a9300000| PB 0x00000000a9300000| Untracked 
| 660|0x00000000a9400000, 0x00000000a9400000, 0x00000000a9500000|  0%| F|  |TAMS 0x00000000a9400000| PB 0x00000000a9400000| Untracked 
| 661|0x00000000a9500000, 0x00000000a9500000, 0x00000000a9600000|  0%| F|  |TAMS 0x00000000a9500000| PB 0x00000000a9500000| Untracked 
| 662|0x00000000a9600000, 0x00000000a9600000, 0x00000000a9700000|  0%| F|  |TAMS 0x00000000a9600000| PB 0x00000000a9600000| Untracked 
| 663|0x00000000a9700000, 0x00000000a9700000, 0x00000000a9800000|  0%| F|  |TAMS 0x00000000a9700000| PB 0x00000000a9700000| Untracked 
| 664|0x00000000a9800000, 0x00000000a9800000, 0x00000000a9900000|  0%| F|  |TAMS 0x00000000a9800000| PB 0x00000000a9800000| Untracked 
| 665|0x00000000a9900000, 0x00000000a9900000, 0x00000000a9a00000|  0%| F|  |TAMS 0x00000000a9900000| PB 0x00000000a9900000| Untracked 
| 666|0x00000000a9a00000, 0x00000000a9a00000, 0x00000000a9b00000|  0%| F|  |TAMS 0x00000000a9a00000| PB 0x00000000a9a00000| Untracked 
| 667|0x00000000a9b00000, 0x00000000a9b00000, 0x00000000a9c00000|  0%| F|  |TAMS 0x00000000a9b00000| PB 0x00000000a9b00000| Untracked 
| 668|0x00000000a9c00000, 0x00000000a9c00000, 0x00000000a9d00000|  0%| F|  |TAMS 0x00000000a9c00000| PB 0x00000000a9c00000| Untracked 
| 669|0x00000000a9d00000, 0x00000000a9d00000, 0x00000000a9e00000|  0%| F|  |TAMS 0x00000000a9d00000| PB 0x00000000a9d00000| Untracked 
| 670|0x00000000a9e00000, 0x00000000a9e00000, 0x00000000a9f00000|  0%| F|  |TAMS 0x00000000a9e00000| PB 0x00000000a9e00000| Untracked 
| 671|0x00000000a9f00000, 0x00000000a9f00000, 0x00000000aa000000|  0%| F|  |TAMS 0x00000000a9f00000| PB 0x00000000a9f00000| Untracked 
| 672|0x00000000aa000000, 0x00000000aa000000, 0x00000000aa100000|  0%| F|  |TAMS 0x00000000aa000000| PB 0x00000000aa000000| Untracked 
| 673|0x00000000aa100000, 0x00000000aa100000, 0x00000000aa200000|  0%| F|  |TAMS 0x00000000aa100000| PB 0x00000000aa100000| Untracked 
| 674|0x00000000aa200000, 0x00000000aa200000, 0x00000000aa300000|  0%| F|  |TAMS 0x00000000aa200000| PB 0x00000000aa200000| Untracked 
| 675|0x00000000aa300000, 0x00000000aa300000, 0x00000000aa400000|  0%| F|  |TAMS 0x00000000aa300000| PB 0x00000000aa300000| Untracked 
| 676|0x00000000aa400000, 0x00000000aa400000, 0x00000000aa500000|  0%| F|  |TAMS 0x00000000aa400000| PB 0x00000000aa400000| Untracked 
| 677|0x00000000aa500000, 0x00000000aa500000, 0x00000000aa600000|  0%| F|  |TAMS 0x00000000aa500000| PB 0x00000000aa500000| Untracked 
| 678|0x00000000aa600000, 0x00000000aa600000, 0x00000000aa700000|  0%| F|  |TAMS 0x00000000aa600000| PB 0x00000000aa600000| Untracked 
| 679|0x00000000aa700000, 0x00000000aa700000, 0x00000000aa800000|  0%| F|  |TAMS 0x00000000aa700000| PB 0x00000000aa700000| Untracked 
| 680|0x00000000aa800000, 0x00000000aa800000, 0x00000000aa900000|  0%| F|  |TAMS 0x00000000aa800000| PB 0x00000000aa800000| Untracked 
| 681|0x00000000aa900000, 0x00000000aa900000, 0x00000000aaa00000|  0%| F|  |TAMS 0x00000000aa900000| PB 0x00000000aa900000| Untracked 
| 682|0x00000000aaa00000, 0x00000000aaa00000, 0x00000000aab00000|  0%| F|  |TAMS 0x00000000aaa00000| PB 0x00000000aaa00000| Untracked 
| 683|0x00000000aab00000, 0x00000000aab00000, 0x00000000aac00000|  0%| F|  |TAMS 0x00000000aab00000| PB 0x00000000aab00000| Untracked 
| 684|0x00000000aac00000, 0x00000000aac00000, 0x00000000aad00000|  0%| F|  |TAMS 0x00000000aac00000| PB 0x00000000aac00000| Untracked 
| 685|0x00000000aad00000, 0x00000000aad00000, 0x00000000aae00000|  0%| F|  |TAMS 0x00000000aad00000| PB 0x00000000aad00000| Untracked 
| 686|0x00000000aae00000, 0x00000000aae00000, 0x00000000aaf00000|  0%| F|  |TAMS 0x00000000aae00000| PB 0x00000000aae00000| Untracked 
| 687|0x00000000aaf00000, 0x00000000aaf00000, 0x00000000ab000000|  0%| F|  |TAMS 0x00000000aaf00000| PB 0x00000000aaf00000| Untracked 
| 688|0x00000000ab000000, 0x00000000ab000000, 0x00000000ab100000|  0%| F|  |TAMS 0x00000000ab000000| PB 0x00000000ab000000| Untracked 
| 689|0x00000000ab100000, 0x00000000ab100000, 0x00000000ab200000|  0%| F|  |TAMS 0x00000000ab100000| PB 0x00000000ab100000| Untracked 
| 690|0x00000000ab200000, 0x00000000ab200000, 0x00000000ab300000|  0%| F|  |TAMS 0x00000000ab200000| PB 0x00000000ab200000| Untracked 
| 691|0x00000000ab300000, 0x00000000ab300000, 0x00000000ab400000|  0%| F|  |TAMS 0x00000000ab300000| PB 0x00000000ab300000| Untracked 
| 692|0x00000000ab400000, 0x00000000ab400000, 0x00000000ab500000|  0%| F|  |TAMS 0x00000000ab400000| PB 0x00000000ab400000| Untracked 
| 693|0x00000000ab500000, 0x00000000ab500000, 0x00000000ab600000|  0%| F|  |TAMS 0x00000000ab500000| PB 0x00000000ab500000| Untracked 
| 694|0x00000000ab600000, 0x00000000ab600000, 0x00000000ab700000|  0%| F|  |TAMS 0x00000000ab600000| PB 0x00000000ab600000| Untracked 
| 695|0x00000000ab700000, 0x00000000ab700000, 0x00000000ab800000|  0%| F|  |TAMS 0x00000000ab700000| PB 0x00000000ab700000| Untracked 
| 696|0x00000000ab800000, 0x00000000ab800000, 0x00000000ab900000|  0%| F|  |TAMS 0x00000000ab800000| PB 0x00000000ab800000| Untracked 
| 697|0x00000000ab900000, 0x00000000ab900000, 0x00000000aba00000|  0%| F|  |TAMS 0x00000000ab900000| PB 0x00000000ab900000| Untracked 
| 698|0x00000000aba00000, 0x00000000aba00000, 0x00000000abb00000|  0%| F|  |TAMS 0x00000000aba00000| PB 0x00000000aba00000| Untracked 
| 699|0x00000000abb00000, 0x00000000abb00000, 0x00000000abc00000|  0%| F|  |TAMS 0x00000000abb00000| PB 0x00000000abb00000| Untracked 
| 700|0x00000000abc00000, 0x00000000abc00000, 0x00000000abd00000|  0%| F|  |TAMS 0x00000000abc00000| PB 0x00000000abc00000| Untracked 
| 701|0x00000000abd00000, 0x00000000abd00000, 0x00000000abe00000|  0%| F|  |TAMS 0x00000000abd00000| PB 0x00000000abd00000| Untracked 
| 702|0x00000000abe00000, 0x00000000abe00000, 0x00000000abf00000|  0%| F|  |TAMS 0x00000000abe00000| PB 0x00000000abe00000| Untracked 
| 703|0x00000000abf00000, 0x00000000abf00000, 0x00000000ac000000|  0%| F|  |TAMS 0x00000000abf00000| PB 0x00000000abf00000| Untracked 
| 704|0x00000000ac000000, 0x00000000ac000000, 0x00000000ac100000|  0%| F|  |TAMS 0x00000000ac000000| PB 0x00000000ac000000| Untracked 
| 705|0x00000000ac100000, 0x00000000ac100000, 0x00000000ac200000|  0%| F|  |TAMS 0x00000000ac100000| PB 0x00000000ac100000| Untracked 
| 706|0x00000000ac200000, 0x00000000ac200000, 0x00000000ac300000|  0%| F|  |TAMS 0x00000000ac200000| PB 0x00000000ac200000| Untracked 
| 707|0x00000000ac300000, 0x00000000ac300000, 0x00000000ac400000|  0%| F|  |TAMS 0x00000000ac300000| PB 0x00000000ac300000| Untracked 
| 708|0x00000000ac400000, 0x00000000ac400000, 0x00000000ac500000|  0%| F|  |TAMS 0x00000000ac400000| PB 0x00000000ac400000| Untracked 
| 709|0x00000000ac500000, 0x00000000ac500000, 0x00000000ac600000|  0%| F|  |TAMS 0x00000000ac500000| PB 0x00000000ac500000| Untracked 
| 710|0x00000000ac600000, 0x00000000ac600000, 0x00000000ac700000|  0%| F|  |TAMS 0x00000000ac600000| PB 0x00000000ac600000| Untracked 
| 711|0x00000000ac700000, 0x00000000ac700000, 0x00000000ac800000|  0%| F|  |TAMS 0x00000000ac700000| PB 0x00000000ac700000| Untracked 
| 712|0x00000000ac800000, 0x00000000ac800000, 0x00000000ac900000|  0%| F|  |TAMS 0x00000000ac800000| PB 0x00000000ac800000| Untracked 
| 713|0x00000000ac900000, 0x00000000ac900000, 0x00000000aca00000|  0%| F|  |TAMS 0x00000000ac900000| PB 0x00000000ac900000| Untracked 
| 714|0x00000000aca00000, 0x00000000aca00000, 0x00000000acb00000|  0%| F|  |TAMS 0x00000000aca00000| PB 0x00000000aca00000| Untracked 
| 715|0x00000000acb00000, 0x00000000acb00000, 0x00000000acc00000|  0%| F|  |TAMS 0x00000000acb00000| PB 0x00000000acb00000| Untracked 
| 716|0x00000000acc00000, 0x00000000acc00000, 0x00000000acd00000|  0%| F|  |TAMS 0x00000000acc00000| PB 0x00000000acc00000| Untracked 
| 717|0x00000000acd00000, 0x00000000acd00000, 0x00000000ace00000|  0%| F|  |TAMS 0x00000000acd00000| PB 0x00000000acd00000| Untracked 
| 718|0x00000000ace00000, 0x00000000ace00000, 0x00000000acf00000|  0%| F|  |TAMS 0x00000000ace00000| PB 0x00000000ace00000| Untracked 
| 719|0x00000000acf00000, 0x00000000acf00000, 0x00000000ad000000|  0%| F|  |TAMS 0x00000000acf00000| PB 0x00000000acf00000| Untracked 
| 720|0x00000000ad000000, 0x00000000ad000000, 0x00000000ad100000|  0%| F|  |TAMS 0x00000000ad000000| PB 0x00000000ad000000| Untracked 
| 721|0x00000000ad100000, 0x00000000ad100000, 0x00000000ad200000|  0%| F|  |TAMS 0x00000000ad100000| PB 0x00000000ad100000| Untracked 
| 722|0x00000000ad200000, 0x00000000ad200000, 0x00000000ad300000|  0%| F|  |TAMS 0x00000000ad200000| PB 0x00000000ad200000| Untracked 
| 723|0x00000000ad300000, 0x00000000ad300000, 0x00000000ad400000|  0%| F|  |TAMS 0x00000000ad300000| PB 0x00000000ad300000| Untracked 
| 724|0x00000000ad400000, 0x00000000ad400000, 0x00000000ad500000|  0%| F|  |TAMS 0x00000000ad400000| PB 0x00000000ad400000| Untracked 
| 725|0x00000000ad500000, 0x00000000ad500000, 0x00000000ad600000|  0%| F|  |TAMS 0x00000000ad500000| PB 0x00000000ad500000| Untracked 
| 726|0x00000000ad600000, 0x00000000ad600000, 0x00000000ad700000|  0%| F|  |TAMS 0x00000000ad600000| PB 0x00000000ad600000| Untracked 
| 727|0x00000000ad700000, 0x00000000ad700000, 0x00000000ad800000|  0%| F|  |TAMS 0x00000000ad700000| PB 0x00000000ad700000| Untracked 
| 728|0x00000000ad800000, 0x00000000ad800000, 0x00000000ad900000|  0%| F|  |TAMS 0x00000000ad800000| PB 0x00000000ad800000| Untracked 
| 729|0x00000000ad900000, 0x00000000ad900000, 0x00000000ada00000|  0%| F|  |TAMS 0x00000000ad900000| PB 0x00000000ad900000| Untracked 
| 730|0x00000000ada00000, 0x00000000ada00000, 0x00000000adb00000|  0%| F|  |TAMS 0x00000000ada00000| PB 0x00000000ada00000| Untracked 
| 731|0x00000000adb00000, 0x00000000adb00000, 0x00000000adc00000|  0%| F|  |TAMS 0x00000000adb00000| PB 0x00000000adb00000| Untracked 
| 732|0x00000000adc00000, 0x00000000adc00000, 0x00000000add00000|  0%| F|  |TAMS 0x00000000adc00000| PB 0x00000000adc00000| Untracked 
| 733|0x00000000add00000, 0x00000000add00000, 0x00000000ade00000|  0%| F|  |TAMS 0x00000000add00000| PB 0x00000000add00000| Untracked 
| 734|0x00000000ade00000, 0x00000000ade00000, 0x00000000adf00000|  0%| F|  |TAMS 0x00000000ade00000| PB 0x00000000ade00000| Untracked 
| 735|0x00000000adf00000, 0x00000000adf00000, 0x00000000ae000000|  0%| F|  |TAMS 0x00000000adf00000| PB 0x00000000adf00000| Untracked 
| 736|0x00000000ae000000, 0x00000000ae000000, 0x00000000ae100000|  0%| F|  |TAMS 0x00000000ae000000| PB 0x00000000ae000000| Untracked 
| 737|0x00000000ae100000, 0x00000000ae100000, 0x00000000ae200000|  0%| F|  |TAMS 0x00000000ae100000| PB 0x00000000ae100000| Untracked 
| 738|0x00000000ae200000, 0x00000000ae200000, 0x00000000ae300000|  0%| F|  |TAMS 0x00000000ae200000| PB 0x00000000ae200000| Untracked 
| 739|0x00000000ae300000, 0x00000000ae300000, 0x00000000ae400000|  0%| F|  |TAMS 0x00000000ae300000| PB 0x00000000ae300000| Untracked 
| 740|0x00000000ae400000, 0x00000000ae400000, 0x00000000ae500000|  0%| F|  |TAMS 0x00000000ae400000| PB 0x00000000ae400000| Untracked 
| 741|0x00000000ae500000, 0x00000000ae500000, 0x00000000ae600000|  0%| F|  |TAMS 0x00000000ae500000| PB 0x00000000ae500000| Untracked 
| 742|0x00000000ae600000, 0x00000000ae600000, 0x00000000ae700000|  0%| F|  |TAMS 0x00000000ae600000| PB 0x00000000ae600000| Untracked 
| 743|0x00000000ae700000, 0x00000000ae700000, 0x00000000ae800000|  0%| F|  |TAMS 0x00000000ae700000| PB 0x00000000ae700000| Untracked 
| 744|0x00000000ae800000, 0x00000000ae800000, 0x00000000ae900000|  0%| F|  |TAMS 0x00000000ae800000| PB 0x00000000ae800000| Untracked 
| 745|0x00000000ae900000, 0x00000000ae900000, 0x00000000aea00000|  0%| F|  |TAMS 0x00000000ae900000| PB 0x00000000ae900000| Untracked 
| 746|0x00000000aea00000, 0x00000000aea00000, 0x00000000aeb00000|  0%| F|  |TAMS 0x00000000aea00000| PB 0x00000000aea00000| Untracked 
| 747|0x00000000aeb00000, 0x00000000aeb00000, 0x00000000aec00000|  0%| F|  |TAMS 0x00000000aeb00000| PB 0x00000000aeb00000| Untracked 
| 748|0x00000000aec00000, 0x00000000aec00000, 0x00000000aed00000|  0%| F|  |TAMS 0x00000000aec00000| PB 0x00000000aec00000| Untracked 
| 749|0x00000000aed00000, 0x00000000aed00000, 0x00000000aee00000|  0%| F|  |TAMS 0x00000000aed00000| PB 0x00000000aed00000| Untracked 
| 750|0x00000000aee00000, 0x00000000aee00000, 0x00000000aef00000|  0%| F|  |TAMS 0x00000000aee00000| PB 0x00000000aee00000| Untracked 
| 751|0x00000000aef00000, 0x00000000aef00000, 0x00000000af000000|  0%| F|  |TAMS 0x00000000aef00000| PB 0x00000000aef00000| Untracked 
| 752|0x00000000af000000, 0x00000000af000000, 0x00000000af100000|  0%| F|  |TAMS 0x00000000af000000| PB 0x00000000af000000| Untracked 
| 753|0x00000000af100000, 0x00000000af100000, 0x00000000af200000|  0%| F|  |TAMS 0x00000000af100000| PB 0x00000000af100000| Untracked 
| 754|0x00000000af200000, 0x00000000af200000, 0x00000000af300000|  0%| F|  |TAMS 0x00000000af200000| PB 0x00000000af200000| Untracked 
| 755|0x00000000af300000, 0x00000000af300000, 0x00000000af400000|  0%| F|  |TAMS 0x00000000af300000| PB 0x00000000af300000| Untracked 
| 756|0x00000000af400000, 0x00000000af400000, 0x00000000af500000|  0%| F|  |TAMS 0x00000000af400000| PB 0x00000000af400000| Untracked 
| 757|0x00000000af500000, 0x00000000af500000, 0x00000000af600000|  0%| F|  |TAMS 0x00000000af500000| PB 0x00000000af500000| Untracked 
|2038|0x00000000ff600000, 0x00000000ff600000, 0x00000000ff700000|  0%| F|  |TAMS 0x00000000ff600000| PB 0x00000000ff600000| Untracked 
|2039|0x00000000ff700000, 0x00000000ff700000, 0x00000000ff800000|  0%| F|  |TAMS 0x00000000ff700000| PB 0x00000000ff700000| Untracked 
|2040|0x00000000ff800000, 0x00000000ff900000, 0x00000000ff900000|100%| O|  |TAMS 0x00000000ff800000| PB 0x00000000ff800000| Untracked 
|2041|0x00000000ff900000, 0x00000000ffa00000, 0x00000000ffa00000|100%| O|  |TAMS 0x00000000ff900000| PB 0x00000000ff900000| Untracked 
|2042|0x00000000ffa00000, 0x00000000ffa00000, 0x00000000ffb00000|  0%| F|  |TAMS 0x00000000ffa00000| PB 0x00000000ffa00000| Untracked 
|2043|0x00000000ffb00000, 0x00000000ffb00000, 0x00000000ffc00000|  0%| F|  |TAMS 0x00000000ffb00000| PB 0x00000000ffb00000| Untracked 
|2044|0x00000000ffc00000, 0x00000000ffc00000, 0x00000000ffd00000|  0%| F|  |TAMS 0x00000000ffc00000| PB 0x00000000ffc00000| Untracked 
|2045|0x00000000ffd00000, 0x00000000ffe00000, 0x00000000ffe00000|100%| O|  |TAMS 0x00000000ffd00000| PB 0x00000000ffd00000| Untracked 
|2046|0x00000000ffe00000, 0x00000000fff00000, 0x00000000fff00000|100%| O|  |TAMS 0x00000000ffe00000| PB 0x00000000ffe00000| Untracked 
|2047|0x00000000fff00000, 0x0000000100000000, 0x0000000100000000|100%| O|  |TAMS 0x00000000fff00000| PB 0x00000000fff00000| Untracked 

Card table byte_map: [0x0000027b48a30000,0x0000027b48e30000] _byte_map_base: 0x0000027b48630000

Marking Bits: (CMBitMap*) 0x0000027b35fe5290
 Bits: [0x0000027b48e30000, 0x0000027b4ae30000)

Polling page: 0x0000027b33db0000

Metaspace:

Usage:
  Non-class:    127.76 MB used.
      Class:     21.13 MB used.
       Both:    148.88 MB used.

Virtual space:
  Non-class space:      192.00 MB reserved,     128.94 MB ( 67%) committed,  3 nodes.
      Class space:        1.00 GB reserved,      22.31 MB (  2%) committed,  1 nodes.
             Both:        1.19 GB reserved,     151.25 MB ( 12%) committed. 

Chunk freelists:
   Non-Class:  14.56 MB
       Class:  9.55 MB
        Both:  24.11 MB

MaxMetaspaceSize: unlimited
CompressedClassSpaceSize: 1.00 GB
Initial GC threshold: 21.00 MB
Current GC threshold: 251.56 MB
CDS: off
 - commit_granule_bytes: 65536.
 - commit_granule_words: 8192.
 - virtual_space_node_default_size: 8388608.
 - enlarge_chunks_in_place: 1.
 - use_allocation_guard: 0.


Internal statistics:

num_allocs_failed_limit: 9.
num_arena_births: 4804.
num_arena_deaths: 66.
num_vsnodes_births: 4.
num_vsnodes_deaths: 0.
num_space_committed: 2419.
num_space_uncommitted: 0.
num_chunks_returned_to_freelist: 104.
num_chunks_taken_from_freelist: 11431.
num_chunk_merges: 41.
num_chunk_splits: 7462.
num_chunks_enlarged: 4762.
num_inconsistent_stats: 0.

CodeHeap 'non-profiled nmethods': size=120000Kb used=11978Kb max_used=11988Kb free=108021Kb
 bounds [0x0000027b40bb0000, 0x0000027b417b0000, 0x0000027b480e0000]
CodeHeap 'profiled nmethods': size=120000Kb used=37598Kb max_used=37598Kb free=82401Kb
 bounds [0x0000027b390e0000, 0x0000027b3b640000, 0x0000027b40610000]
CodeHeap 'non-nmethods': size=5760Kb used=3286Kb max_used=3343Kb free=2473Kb
 bounds [0x0000027b40610000, 0x0000027b40960000, 0x0000027b40bb0000]
CodeCache: size=245760Kb, used=52862Kb, max_used=52929Kb, free=192895Kb
 total_blobs=19161, nmethods=18085, adapters=979, full_count=0
Compilation: enabled, stopped_count=0, restarted_count=0

Compilation events (20 events):
Event: 22.794 Thread 0x0000027b4dc38870 23924       2       org.gradle.api.internal.file.AbstractFileResolver$$Lambda/0x00000001002c3378::<init> (10 bytes)
Event: 22.794 Thread 0x0000027b4dc38870 nmethod 23924 0x0000027b393a1a90 code [0x0000027b393a1c20, 0x0000027b393a1d70]
Event: 22.794 Thread 0x0000027b4dc38870 23925       2       org.gradle.internal.typeconversion.TransformingConverter::<init> (15 bytes)
Event: 22.794 Thread 0x0000027b4dc38870 nmethod 23925 0x0000027b39498110 code [0x0000027b394982c0, 0x0000027b39498470]
Event: 22.797 Thread 0x0000027b4dc38870 23932 %     3       com.android.tools.r8.dex.l0::a @ 136 (315 bytes)
Event: 22.800 Thread 0x0000027b4dc38870 nmethod 23932% 0x0000027b3adee710 code [0x0000027b3adeece0, 0x0000027b3adf2168]
Event: 22.800 Thread 0x0000027b4dc38870 23933       2       org.gradle.internal.vfs.impl.VersionHierarchy$2::createChild (5 bytes)
Event: 22.800 Thread 0x0000027b4dc38870 nmethod 23933 0x0000027b3adee390 code [0x0000027b3adee540, 0x0000027b3adee668]
Event: 22.801 Thread 0x0000027b4dc38870 23934       1       com.android.tools.r8.internal.jk0::v (4 bytes)
Event: 22.801 Thread 0x0000027b4dc38870 nmethod 23934 0x0000027b40bb9b10 code [0x0000027b40bb9ca0, 0x0000027b40bb9d68]
Event: 22.802 Thread 0x0000027b4dc38870 23935       2       com.google.common.collect.ImmutableSortedMap::entrySet (5 bytes)
Event: 22.803 Thread 0x0000027b4dc38870 nmethod 23935 0x0000027b39497b10 code [0x0000027b39497cc0, 0x0000027b39497f60]
Event: 22.804 Thread 0x0000027b4dc38870 23936       2       com.android.tools.r8.graph.u3::a (28 bytes)
Event: 22.805 Thread 0x0000027b4dc38870 nmethod 23936 0x0000027b3b2e1790 code [0x0000027b3b2e1980, 0x0000027b3b2e1e38]
Event: 22.805 Thread 0x0000027b4dc38870 23937       2       com.android.tools.r8.internal.t51::a (31 bytes)
Event: 22.805 Thread 0x0000027b4dc38870 nmethod 23937 0x0000027b39497410 code [0x0000027b394975e0, 0x0000027b39497808]
Event: 22.805 Thread 0x0000027b4dc38870 23938       2       com.android.tools.r8.internal.v11::a (5 bytes)
Event: 22.805 Thread 0x0000027b4dc38870 nmethod 23938 0x0000027b3adedf10 code [0x0000027b3adee0a0, 0x0000027b3adee1b0]
Event: 22.806 Thread 0x0000027b4dc38870 23939       2       org.gradle.api.internal.artifacts.transform.DefaultTransform::getDisplayName (8 bytes)
Event: 22.806 Thread 0x0000027b4dc38870 nmethod 23939 0x0000027b3b2e1410 code [0x0000027b3b2e15c0, 0x0000027b3b2e16e8]

GC Heap History (20 events):
Event: 20.172 GC heap after
{Heap after GC invocations=84 (full 0):
 garbage-first heap   total 786432K, used 361514K [0x0000000080000000, 0x0000000100000000)
  region size 1024K, 21 young (21504K), 21 survivors (21504K)
 Metaspace       used 152123K, committed 154560K, reserved 1245184K
  class space    used 21600K, committed 22784K, reserved 1048576K
}
Event: 20.401 GC heap before
{Heap before GC invocations=84 (full 0):
 garbage-first heap   total 786432K, used 722986K [0x0000000080000000, 0x0000000100000000)
  region size 1024K, 375 young (384000K), 21 survivors (21504K)
 Metaspace       used 152140K, committed 154560K, reserved 1245184K
  class space    used 21601K, committed 22784K, reserved 1048576K
}
Event: 20.414 GC heap after
{Heap after GC invocations=85 (full 0):
 garbage-first heap   total 786432K, used 353010K [0x0000000080000000, 0x0000000100000000)
  region size 1024K, 23 young (23552K), 23 survivors (23552K)
 Metaspace       used 152140K, committed 154560K, reserved 1245184K
  class space    used 21601K, committed 22784K, reserved 1048576K
}
Event: 20.626 GC heap before
{Heap before GC invocations=85 (full 0):
 garbage-first heap   total 786432K, used 721650K [0x0000000080000000, 0x0000000100000000)
  region size 1024K, 384 young (393216K), 23 survivors (23552K)
 Metaspace       used 152141K, committed 154560K, reserved 1245184K
  class space    used 21601K, committed 22784K, reserved 1048576K
}
Event: 20.636 GC heap after
{Heap after GC invocations=86 (full 0):
 garbage-first heap   total 786432K, used 352627K [0x0000000080000000, 0x0000000100000000)
  region size 1024K, 23 young (23552K), 23 survivors (23552K)
 Metaspace       used 152141K, committed 154560K, reserved 1245184K
  class space    used 21601K, committed 22784K, reserved 1048576K
}
Event: 20.959 GC heap before
{Heap before GC invocations=87 (full 0):
 garbage-first heap   total 786432K, used 721267K [0x0000000080000000, 0x0000000100000000)
  region size 1024K, 384 young (393216K), 23 survivors (23552K)
 Metaspace       used 152151K, committed 154560K, reserved 1245184K
  class space    used 21604K, committed 22784K, reserved 1048576K
}
Event: 20.969 GC heap after
{Heap after GC invocations=88 (full 0):
 garbage-first heap   total 786432K, used 353066K [0x0000000080000000, 0x0000000100000000)
  region size 1024K, 21 young (21504K), 21 survivors (21504K)
 Metaspace       used 152151K, committed 154560K, reserved 1245184K
  class space    used 21604K, committed 22784K, reserved 1048576K
}
Event: 21.228 GC heap before
{Heap before GC invocations=88 (full 0):
 garbage-first heap   total 786432K, used 723754K [0x0000000080000000, 0x0000000100000000)
  region size 1024K, 384 young (393216K), 21 survivors (21504K)
 Metaspace       used 152154K, committed 154560K, reserved 1245184K
  class space    used 21604K, committed 22784K, reserved 1048576K
}
Event: 21.239 GC heap after
{Heap after GC invocations=89 (full 0):
 garbage-first heap   total 786432K, used 344618K [0x0000000080000000, 0x0000000100000000)
  region size 1024K, 18 young (18432K), 18 survivors (18432K)
 Metaspace       used 152154K, committed 154560K, reserved 1245184K
  class space    used 21604K, committed 22784K, reserved 1048576K
}
Event: 21.490 GC heap before
{Heap before GC invocations=89 (full 0):
 garbage-first heap   total 786432K, used 727594K [0x0000000080000000, 0x0000000100000000)
  region size 1024K, 392 young (401408K), 18 survivors (18432K)
 Metaspace       used 152158K, committed 154560K, reserved 1245184K
  class space    used 21604K, committed 22784K, reserved 1048576K
}
Event: 21.498 GC heap after
{Heap after GC invocations=90 (full 0):
 garbage-first heap   total 786432K, used 346985K [0x0000000080000000, 0x0000000100000000)
  region size 1024K, 17 young (17408K), 17 survivors (17408K)
 Metaspace       used 152158K, committed 154560K, reserved 1245184K
  class space    used 21604K, committed 22784K, reserved 1048576K
}
Event: 21.820 GC heap before
{Heap before GC invocations=91 (full 0):
 garbage-first heap   total 786432K, used 726889K [0x0000000080000000, 0x0000000100000000)
  region size 1024K, 389 young (398336K), 17 survivors (17408K)
 Metaspace       used 152160K, committed 154560K, reserved 1245184K
  class space    used 21604K, committed 22784K, reserved 1048576K
}
Event: 21.828 GC heap after
{Heap after GC invocations=92 (full 0):
 garbage-first heap   total 786432K, used 349255K [0x0000000080000000, 0x0000000100000000)
  region size 1024K, 18 young (18432K), 18 survivors (18432K)
 Metaspace       used 152160K, committed 154560K, reserved 1245184K
  class space    used 21604K, committed 22784K, reserved 1048576K
}
Event: 22.075 GC heap before
{Heap before GC invocations=92 (full 0):
 garbage-first heap   total 786432K, used 727111K [0x0000000080000000, 0x0000000100000000)
  region size 1024K, 387 young (396288K), 18 survivors (18432K)
 Metaspace       used 152195K, committed 154624K, reserved 1245184K
  class space    used 21605K, committed 22784K, reserved 1048576K
}
Event: 22.085 GC heap after
{Heap after GC invocations=93 (full 0):
 garbage-first heap   total 786432K, used 339261K [0x0000000080000000, 0x0000000100000000)
  region size 1024K, 19 young (19456K), 19 survivors (19456K)
 Metaspace       used 152195K, committed 154624K, reserved 1245184K
  class space    used 21605K, committed 22784K, reserved 1048576K
}
Event: 22.252 GC heap before
{Heap before GC invocations=93 (full 0):
 garbage-first heap   total 786432K, used 538941K [0x0000000080000000, 0x0000000100000000)
  region size 1024K, 216 young (221184K), 19 survivors (19456K)
 Metaspace       used 152215K, committed 154624K, reserved 1245184K
  class space    used 21605K, committed 22784K, reserved 1048576K
}
Event: 22.260 GC heap after
{Heap after GC invocations=94 (full 0):
 garbage-first heap   total 786432K, used 343251K [0x0000000080000000, 0x0000000100000000)
  region size 1024K, 21 young (21504K), 21 survivors (21504K)
 Metaspace       used 152215K, committed 154624K, reserved 1245184K
  class space    used 21605K, committed 22784K, reserved 1048576K
}
Event: 22.596 GC heap before
{Heap before GC invocations=95 (full 0):
 garbage-first heap   total 786432K, used 725203K [0x0000000080000000, 0x0000000100000000)
  region size 1024K, 393 young (402432K), 21 survivors (21504K)
 Metaspace       used 152365K, committed 154752K, reserved 1245184K
  class space    used 21620K, committed 22784K, reserved 1048576K
}
Event: 22.606 GC heap after
{Heap after GC invocations=96 (full 0):
 garbage-first heap   total 786432K, used 348014K [0x0000000080000000, 0x0000000100000000)
  region size 1024K, 24 young (24576K), 24 survivors (24576K)
 Metaspace       used 152365K, committed 154752K, reserved 1245184K
  class space    used 21620K, committed 22784K, reserved 1048576K
}
Event: 22.809 GC heap before
{Heap before GC invocations=96 (full 0):
 garbage-first heap   total 786432K, used 720750K [0x0000000080000000, 0x0000000100000000)
  region size 1024K, 389 young (398336K), 24 survivors (24576K)
 Metaspace       used 152457K, committed 154880K, reserved 1245184K
  class space    used 21634K, committed 22848K, reserved 1048576K
}

Dll operation events (3 events):
Event: 0.007 Loaded shared library D:\Android Studio\jbr\bin\java.dll
Event: 0.010 Loaded shared library D:\Android Studio\jbr\bin\zip.dll
Event: 0.367 Loaded shared library D:\Android Studio\jbr\bin\verify.dll

Deoptimization events (20 events):
Event: 22.778 Thread 0x0000027b5ad5e0d0 DEOPT PACKING pc=0x0000027b3aeb6999 sp=0x000000d9931f8e50
Event: 22.778 Thread 0x0000027b5ad5e0d0 DEOPT UNPACKING pc=0x0000027b406688e2 sp=0x000000d9931f8540 mode 0
Event: 22.779 Thread 0x0000027b5ad5e0d0 DEOPT PACKING pc=0x0000027b3aefa7f9 sp=0x000000d9931f9100
Event: 22.779 Thread 0x0000027b5ad5e0d0 DEOPT UNPACKING pc=0x0000027b406688e2 sp=0x000000d9931f8800 mode 0
Event: 22.783 Thread 0x0000027b56a7b7d0 DEOPT PACKING pc=0x0000027b3aeb6830 sp=0x000000d991ff8e30
Event: 22.783 Thread 0x0000027b56a7b7d0 DEOPT UNPACKING pc=0x0000027b406688e2 sp=0x000000d991ff8520 mode 0
Event: 22.785 Thread 0x0000027b56a7b7d0 DEOPT PACKING pc=0x0000027b3aefa7f9 sp=0x000000d991ff90e0
Event: 22.785 Thread 0x0000027b5ad5e0d0 DEOPT PACKING pc=0x0000027b3aefa7f9 sp=0x000000d9931f9100
Event: 22.786 Thread 0x0000027b56a7b7d0 DEOPT UNPACKING pc=0x0000027b406688e2 sp=0x000000d991ff87e0 mode 0
Event: 22.786 Thread 0x0000027b5ad5e0d0 DEOPT UNPACKING pc=0x0000027b406688e2 sp=0x000000d9931f8800 mode 0
Event: 22.791 Thread 0x0000027b56a7df30 DEOPT PACKING pc=0x0000027b3ab760ea sp=0x000000d991cf9d10
Event: 22.791 Thread 0x0000027b56a7df30 DEOPT UNPACKING pc=0x0000027b406688e2 sp=0x000000d991cf93c0 mode 0
Event: 22.791 Thread 0x0000027b5ad5e0d0 DEOPT PACKING pc=0x0000027b3aeb6999 sp=0x000000d9931f8e50
Event: 22.791 Thread 0x0000027b5ad5e0d0 DEOPT UNPACKING pc=0x0000027b406688e2 sp=0x000000d9931f8540 mode 0
Event: 22.792 Thread 0x0000027b5ad5e0d0 DEOPT PACKING pc=0x0000027b3af7097d sp=0x000000d9931f9250
Event: 22.792 Thread 0x0000027b5ad5e0d0 DEOPT UNPACKING pc=0x0000027b406688e2 sp=0x000000d9931f8b08 mode 0
Event: 22.798 Thread 0x0000027b5ad5e0d0 DEOPT PACKING pc=0x0000027b3aefa7f9 sp=0x000000d9931f9100
Event: 22.798 Thread 0x0000027b5ad5e0d0 DEOPT UNPACKING pc=0x0000027b406688e2 sp=0x000000d9931f8800 mode 0
Event: 22.804 Thread 0x0000027b5ad5e0d0 DEOPT PACKING pc=0x0000027b3aeb6999 sp=0x000000d9931f8e50
Event: 22.804 Thread 0x0000027b5ad5e0d0 DEOPT UNPACKING pc=0x0000027b406688e2 sp=0x000000d9931f8540 mode 0

Classes loaded (20 events):
Event: 14.122 Loading class java/util/SortedSet$1
Event: 14.122 Loading class java/util/SortedSet$1 done
Event: 14.128 Loading class java/util/stream/SliceOps
Event: 14.132 Loading class java/util/stream/SliceOps done
Event: 14.132 Loading class java/util/stream/SliceOps$1
Event: 14.132 Loading class java/util/stream/SliceOps$1 done
Event: 14.136 Loading class java/util/stream/SliceOps$1$1
Event: 14.136 Loading class java/util/stream/SliceOps$1$1 done
Event: 14.137 Loading class java/util/PriorityQueue
Event: 14.137 Loading class java/util/PriorityQueue done
Event: 14.148 Loading class java/util/IdentityHashMap$ValueIterator
Event: 14.148 Loading class java/util/IdentityHashMap$ValueIterator done
Event: 14.877 Loading class sun/rmi/transport/DGCClient$EndpointEntry$CleanRequest
Event: 14.878 Loading class sun/rmi/transport/DGCClient$EndpointEntry$CleanRequest done
Event: 15.095 Loading class java/nio/ShortBuffer
Event: 15.098 Loading class java/nio/ShortBuffer done
Event: 15.172 Loading class java/nio/ByteBufferAsShortBufferL
Event: 15.176 Loading class java/nio/ByteBufferAsShortBufferL done
Event: 15.215 Loading class java/util/zip/Adler32
Event: 15.215 Loading class java/util/zip/Adler32 done

Classes unloaded (20 events):
Event: 14.847 Thread 0x0000027b4db6c310 Unloading class 0x000000010147a800 'java/lang/invoke/LambdaForm$DMH+0x000000010147a800'
Event: 14.847 Thread 0x0000027b4db6c310 Unloading class 0x000000010147a400 'java/lang/invoke/LambdaForm$DMH+0x000000010147a400'
Event: 14.847 Thread 0x0000027b4db6c310 Unloading class 0x0000000101479c00 'java/lang/invoke/LambdaForm$DMH+0x0000000101479c00'
Event: 14.847 Thread 0x0000027b4db6c310 Unloading class 0x0000000101479400 'java/lang/invoke/LambdaForm$DMH+0x0000000101479400'
Event: 14.847 Thread 0x0000027b4db6c310 Unloading class 0x0000000101479000 'java/lang/invoke/LambdaForm$DMH+0x0000000101479000'
Event: 14.847 Thread 0x0000027b4db6c310 Unloading class 0x0000000101478000 'java/lang/invoke/LambdaForm$DMH+0x0000000101478000'
Event: 14.847 Thread 0x0000027b4db6c310 Unloading class 0x0000000101478400 'java/lang/invoke/LambdaForm$DMH+0x0000000101478400'
Event: 14.847 Thread 0x0000027b4db6c310 Unloading class 0x0000000101478c00 'java/lang/invoke/LambdaForm$DMH+0x0000000101478c00'
Event: 14.847 Thread 0x0000027b4db6c310 Unloading class 0x00000001013e9c00 'java/lang/invoke/LambdaForm$DMH+0x00000001013e9c00'
Event: 14.847 Thread 0x0000027b4db6c310 Unloading class 0x00000001013e9800 'java/lang/invoke/LambdaForm$DMH+0x00000001013e9800'
Event: 14.847 Thread 0x0000027b4db6c310 Unloading class 0x00000001013e9400 'java/lang/invoke/LambdaForm$DMH+0x00000001013e9400'
Event: 14.847 Thread 0x0000027b4db6c310 Unloading class 0x00000001013e9000 'java/lang/invoke/LambdaForm$DMH+0x00000001013e9000'
Event: 14.847 Thread 0x0000027b4db6c310 Unloading class 0x00000001013e8c00 'java/lang/invoke/LambdaForm$DMH+0x00000001013e8c00'
Event: 14.847 Thread 0x0000027b4db6c310 Unloading class 0x00000001013e8800 'java/lang/invoke/LambdaForm$DMH+0x00000001013e8800'
Event: 14.847 Thread 0x0000027b4db6c310 Unloading class 0x00000001013e8400 'java/lang/invoke/LambdaForm$DMH+0x00000001013e8400'
Event: 15.813 Thread 0x0000027b4db6c310 Unloading class 0x00000001015c4000 'java/lang/invoke/LambdaForm$DMH+0x00000001015c4000'
Event: 15.813 Thread 0x0000027b4db6c310 Unloading class 0x00000001015a0400 'java/lang/invoke/LambdaForm$DMH+0x00000001015a0400'
Event: 15.813 Thread 0x0000027b4db6c310 Unloading class 0x00000001015a0000 'java/lang/invoke/LambdaForm$DMH+0x00000001015a0000'
Event: 15.813 Thread 0x0000027b4db6c310 Unloading class 0x0000000101548000 'java/lang/invoke/LambdaForm$DMH+0x0000000101548000'
Event: 15.813 Thread 0x0000027b4db6c310 Unloading class 0x0000000101548800 'java/lang/invoke/LambdaForm$DMH+0x0000000101548800'

Classes redefined (0 events):
No events

Internal exceptions (20 events):
Event: 16.854 Thread 0x0000027b56a7df30 Exception <a 'sun/nio/fs/WindowsException'{0x000000009f9541d8}> (0x000000009f9541d8) 
thrown [s\src\hotspot\share\prims\jni.cpp, line 537]
Event: 17.378 Thread 0x0000027b56a7f2e0 Exception <a 'java/lang/NoSuchMethodError'{0x00000000a1f876f0}: 'java.lang.Object java.lang.invoke.DirectMethodHandle$Holder.newInvokeSpecial(java.lang.Object, int, java.lang.Object, java.lang.Object, java.lang.Object)'> (0x00000000a1f876f0) 
thrown [s\src\hotspot\share\interpreter\linkResolver.cpp, line 784]
Event: 17.379 Thread 0x0000027b56a7f2e0 Exception <a 'java/lang/NoSuchMethodError'{0x00000000a1f8bec8}: 'java.lang.Object java.lang.invoke.DirectMethodHandle$Holder.invokeSpecial(java.lang.Object, java.lang.Object, int, java.lang.Object, java.lang.Object, java.lang.Object)'> (0x00000000a1f8bec8) 
thrown [s\src\hotspot\share\interpreter\linkResolver.cpp, line 784]
Event: 17.379 Thread 0x0000027b56a7f2e0 Exception <a 'java/lang/NoSuchMethodError'{0x00000000a1f8feb0}: 'java.lang.Object java.lang.invoke.Invokers$Holder.linkToTargetMethod(int, java.lang.Object, java.lang.Object, java.lang.Object, java.lang.Object)'> (0x00000000a1f8feb0) 
thrown [s\src\hotspot\share\interpreter\linkResolver.cpp, line 784]
Event: 17.429 Thread 0x0000027b5471a800 Exception <a 'sun/nio/fs/WindowsException'{0x000000009e7e1e50}> (0x000000009e7e1e50) 
thrown [s\src\hotspot\share\prims\jni.cpp, line 537]
Event: 17.576 Thread 0x0000027b56a7f2e0 Exception <a 'sun/nio/fs/WindowsException'{0x00000000a674b630}> (0x00000000a674b630) 
thrown [s\src\hotspot\share\prims\jni.cpp, line 537]
Event: 18.126 Thread 0x0000027b56a7b140 Exception <a 'sun/nio/fs/WindowsException'{0x00000000a40b1b10}> (0x00000000a40b1b10) 
thrown [s\src\hotspot\share\prims\jni.cpp, line 537]
Event: 18.874 Thread 0x0000027b5ad5fb10 Exception <a 'sun/nio/fs/WindowsException'{0x00000000ab1ad668}> (0x00000000ab1ad668) 
thrown [s\src\hotspot\share\prims\jni.cpp, line 537]
Event: 20.117 Thread 0x0000027b56a7f970 Exception <a 'sun/nio/fs/WindowsException'{0x000000009da35fa0}> (0x000000009da35fa0) 
thrown [s\src\hotspot\share\prims\jni.cpp, line 537]
Event: 22.380 Thread 0x0000027b5471e310 Exception <a 'sun/nio/fs/WindowsException'{0x00000000a7c1dc48}> (0x00000000a7c1dc48) 
thrown [s\src\hotspot\share\prims\jni.cpp, line 537]
Event: 22.561 Thread 0x0000027b56a7f970 Exception <a 'sun/nio/fs/WindowsException'{0x000000009bff7380}> (0x000000009bff7380) 
thrown [s\src\hotspot\share\prims\jni.cpp, line 537]
Event: 22.582 Thread 0x0000027b56a7b140 Exception <a 'java/lang/NoSuchMethodError'{0x000000009894e290}: 'void java.lang.invoke.DirectMethodHandle$Holder.invokeSpecial(java.lang.Object, java.lang.Object, java.lang.Object, java.lang.Object, java.lang.Object, java.lang.Object, java.lang.Object, java.lang.Object, java.lang.Object)'> (0x000000009894e290) 
thrown [s\src\hotspot\share\interpreter\linkResolver.cpp, line 784]
Event: 22.646 Thread 0x0000027b5471a800 Exception <a 'java/lang/NoSuchMethodError'{0x00000000ad5f1858}: 'void java.lang.invoke.DirectMethodHandle$Holder.invokeSpecial(java.lang.Object, java.lang.Object, java.lang.Object, java.lang.Object, java.lang.Object, java.lang.Object, java.lang.Object, java.lang.Object, java.lang.Object, java.lang.Object)'> (0x00000000ad5f1858) 
thrown [s\src\hotspot\share\interpreter\linkResolver.cpp, line 784]
Event: 22.666 Thread 0x0000027b5471a800 Exception <a 'sun/nio/fs/WindowsException'{0x00000000a8fe97d8}> (0x00000000a8fe97d8) 
thrown [s\src\hotspot\share\prims\jni.cpp, line 537]
Event: 22.680 Thread 0x0000027b56a80690 Exception <a 'sun/nio/fs/WindowsException'{0x00000000a7312008}> (0x00000000a7312008) 
thrown [s\src\hotspot\share\prims\jni.cpp, line 537]
Event: 22.701 Thread 0x0000027b56a7df30 Exception <a 'sun/nio/fs/WindowsException'{0x00000000a5635910}> (0x00000000a5635910) 
thrown [s\src\hotspot\share\prims\jni.cpp, line 537]
Event: 22.773 Thread 0x0000027b56a7b140 Exception <a 'sun/nio/fs/WindowsException'{0x000000009e86e8c0}> (0x000000009e86e8c0) 
thrown [s\src\hotspot\share\prims\jni.cpp, line 537]
Event: 22.774 Thread 0x0000027b5471e310 Exception <a 'sun/nio/fs/WindowsException'{0x000000009cb5e5f8}> (0x000000009cb5e5f8) 
thrown [s\src\hotspot\share\prims\jni.cpp, line 537]
Event: 22.776 Thread 0x0000027b5ad5fb10 Exception <a 'sun/nio/fs/WindowsException'{0x000000009cf0e868}> (0x000000009cf0e868) 
thrown [s\src\hotspot\share\prims\jni.cpp, line 537]
Event: 22.806 Thread 0x0000027b56a7f2e0 Exception <a 'sun/nio/fs/WindowsException'{0x0000000099b68770}> (0x0000000099b68770) 
thrown [s\src\hotspot\share\prims\jni.cpp, line 537]

ZGC Phase Switch (0 events):
No events

VM Operations (20 events):
Event: 21.498 Executing VM operation: G1CollectForAllocation (G1 Evacuation Pause) done
Event: 21.673 Executing VM operation: G1PauseRemark
Event: 21.678 Executing VM operation: G1PauseRemark done
Event: 21.787 Executing VM operation: G1PauseCleanup
Event: 21.788 Executing VM operation: G1PauseCleanup done
Event: 21.820 Executing VM operation: G1CollectForAllocation (G1 Evacuation Pause)
Event: 21.828 Executing VM operation: G1CollectForAllocation (G1 Evacuation Pause) done
Event: 22.074 Executing VM operation: G1CollectForAllocation (G1 Evacuation Pause)
Event: 22.086 Executing VM operation: G1CollectForAllocation (G1 Evacuation Pause) done
Event: 22.251 Executing VM operation: G1TryInitiateConcMark (G1 Humongous Allocation)
Event: 22.260 Executing VM operation: G1TryInitiateConcMark (G1 Humongous Allocation) done
Event: 22.430 Executing VM operation: G1PauseRemark
Event: 22.435 Executing VM operation: G1PauseRemark done
Event: 22.558 Executing VM operation: G1PauseCleanup
Event: 22.558 Executing VM operation: G1PauseCleanup done
Event: 22.596 Executing VM operation: G1CollectForAllocation (G1 Evacuation Pause)
Event: 22.606 Executing VM operation: G1CollectForAllocation (G1 Evacuation Pause) done
Event: 22.620 Executing VM operation: HandshakeAllThreads (Deoptimize)
Event: 22.625 Executing VM operation: HandshakeAllThreads (Deoptimize) done
Event: 22.809 Executing VM operation: G1CollectForAllocation (G1 Evacuation Pause)

Memory protections (0 events):
No events

Nmethod flushes (20 events):
Event: 22.435 Thread 0x0000027b4db6c310 flushing  nmethod 0x0000027b3b30ef90
Event: 22.435 Thread 0x0000027b4db6c310 flushing  nmethod 0x0000027b39a08f90
Event: 22.435 Thread 0x0000027b4db6c310 flushing  nmethod 0x0000027b3ad6ef90
Event: 22.435 Thread 0x0000027b4db6c310 flushing  nmethod 0x0000027b41299190
Event: 22.435 Thread 0x0000027b4db6c310 flushing  nmethod 0x0000027b39e04590
Event: 22.435 Thread 0x0000027b4db6c310 flushing  nmethod 0x0000027b3aa67d90
Event: 22.435 Thread 0x0000027b4db6c310 flushing  nmethod 0x0000027b3adedf10
Event: 22.435 Thread 0x0000027b4db6c310 flushing  nmethod 0x0000027b3afa4990
Event: 22.435 Thread 0x0000027b4db6c310 flushing  nmethod 0x0000027b39c93590
Event: 22.435 Thread 0x0000027b4db6c310 flushing  nmethod 0x0000027b3b418790
Event: 22.435 Thread 0x0000027b4db6c310 flushing  nmethod 0x0000027b3a877b90
Event: 22.435 Thread 0x0000027b4db6c310 flushing  nmethod 0x0000027b3ab46590
Event: 22.435 Thread 0x0000027b4db6c310 flushing  nmethod 0x0000027b3ab4f110
Event: 22.435 Thread 0x0000027b4db6c310 flushing  nmethod 0x0000027b3a6ddf90
Event: 22.435 Thread 0x0000027b4db6c310 flushing  nmethod 0x0000027b3ad84b10
Event: 22.435 Thread 0x0000027b4db6c310 flushing  nmethod 0x0000027b3af07010
Event: 22.435 Thread 0x0000027b4db6c310 flushing  nmethod 0x0000027b41568890
Event: 22.435 Thread 0x0000027b4db6c310 flushing  nmethod 0x0000027b41444e10
Event: 22.435 Thread 0x0000027b4db6c310 flushing  nmethod 0x0000027b3aa86f90
Event: 22.435 Thread 0x0000027b4db6c310 flushing  nmethod 0x0000027b3aa89310

Events (20 events):
Event: 11.309 Thread 0x0000027b5ad5edf0 Thread added: 0x0000027b59d57be0
Event: 11.309 Thread 0x0000027b5ad5edf0 Thread added: 0x0000027b59d59620
Event: 11.310 Thread 0x0000027b5ad5edf0 Thread added: 0x0000027b59d561a0
Event: 11.310 Thread 0x0000027b5ad5edf0 Thread added: 0x0000027b59d5a9d0
Event: 11.310 Thread 0x0000027b5ad5edf0 Thread added: 0x0000027b59d5b060
Event: 11.310 Thread 0x0000027b5ad5edf0 Thread added: 0x0000027b59d5b6f0
Event: 11.310 Thread 0x0000027b5ad5edf0 Thread added: 0x0000027b59d58270
Event: 11.369 Thread 0x0000027b5ad5edf0 Thread added: 0x0000027b5a519ed0
Event: 11.369 Thread 0x0000027b5ad5edf0 Thread added: 0x0000027b5a51b280
Event: 11.369 Thread 0x0000027b5ad5edf0 Thread added: 0x0000027b5a51ccc0
Event: 11.370 Thread 0x0000027b5ad5edf0 Thread added: 0x0000027b5a519840
Event: 12.122 Thread 0x0000027b5ad61be0 Thread added: 0x0000027b5a511500
Event: 12.236 Thread 0x0000027b5a511500 Thread added: 0x0000027b5a511b90
Event: 12.243 Thread 0x0000027b5a511500 Thread added: 0x0000027b5a512220
Event: 12.250 Loaded shared library D:\Android Studio\jbr\bin\rmi.dll
Event: 12.252 Thread 0x0000027b5a511500 Thread added: 0x0000027b5a5128b0
Event: 12.309 Thread 0x0000027b5a511500 Thread added: 0x0000027b5a510150
Event: 12.310 Thread 0x0000027b5a511500 Thread added: 0x0000027b5a513c60
Event: 12.330 Thread 0x0000027b5a510150 Thread added: 0x0000027b5a5107e0
Event: 14.904 Thread 0x0000027b5a512220 Thread exited: 0x0000027b5a512220


Dynamic libraries:
0x00007ff7ed6a0000 - 0x00007ff7ed6aa000 	D:\Android Studio\jbr\bin\java.exe
0x00007ff829a80000 - 0x00007ff829ce8000 	C:\WINDOWS\SYSTEM32\ntdll.dll
0x00007ff828820000 - 0x00007ff8288e9000 	C:\WINDOWS\System32\KERNEL32.DLL
0x00007ff826dd0000 - 0x00007ff8271c8000 	C:\WINDOWS\System32\KERNELBASE.dll
0x00007ff826c80000 - 0x00007ff826dcb000 	C:\WINDOWS\System32\ucrtbase.dll
0x00007ff8230c0000 - 0x00007ff8230d8000 	D:\Android Studio\jbr\bin\jli.dll
0x00007ff804f90000 - 0x00007ff804fab000 	D:\Android Studio\jbr\bin\VCRUNTIME140.dll
0x00007ff829820000 - 0x00007ff8299e7000 	C:\WINDOWS\System32\USER32.dll
0x00007ff8276c0000 - 0x00007ff8276e7000 	C:\WINDOWS\System32\win32u.dll
0x00007ff805990000 - 0x00007ff805c24000 	C:\WINDOWS\WinSxS\amd64_microsoft.windows.common-controls_6595b64144ccf1df_6.0.26100.7019_none_3e06ffa0e335b8a8\COMCTL32.dll
0x00007ff827820000 - 0x00007ff82784b000 	C:\WINDOWS\System32\GDI32.dll
0x00007ff829550000 - 0x00007ff8295f9000 	C:\WINDOWS\System32\msvcrt.dll
0x00007ff8276f0000 - 0x00007ff82781c000 	C:\WINDOWS\System32\gdi32full.dll
0x00007ff826bd0000 - 0x00007ff826c73000 	C:\WINDOWS\System32\msvcp_win.dll
0x00007ff8287a0000 - 0x00007ff8287d1000 	C:\WINDOWS\System32\IMM32.DLL
0x00007ff812e20000 - 0x00007ff812e2c000 	D:\Android Studio\jbr\bin\vcruntime140_1.dll
0x00007fffab230000 - 0x00007fffab2bd000 	D:\Android Studio\jbr\bin\msvcp140.dll
0x00007fff857a0000 - 0x00007fff86436000 	D:\Android Studio\jbr\bin\server\jvm.dll
0x00007ff8289e0000 - 0x00007ff828a94000 	C:\WINDOWS\System32\ADVAPI32.dll
0x00007ff8282c0000 - 0x00007ff828366000 	C:\WINDOWS\System32\sechost.dll
0x00007ff828430000 - 0x00007ff828548000 	C:\WINDOWS\System32\RPCRT4.dll
0x00007ff8297a0000 - 0x00007ff829814000 	C:\WINDOWS\System32\WS2_32.dll
0x00007ff826440000 - 0x00007ff82649e000 	C:\WINDOWS\SYSTEM32\POWRPROF.dll
0x00007ff812700000 - 0x00007ff812735000 	C:\WINDOWS\SYSTEM32\WINMM.dll
0x00007ff81c790000 - 0x00007ff81c79b000 	C:\WINDOWS\SYSTEM32\VERSION.dll
0x00007ff8263a0000 - 0x00007ff8263b4000 	C:\WINDOWS\SYSTEM32\UMPDC.dll
0x00007ff825970000 - 0x00007ff82598b000 	C:\WINDOWS\SYSTEM32\kernel.appcore.dll
0x00007ff812d80000 - 0x00007ff812d8a000 	D:\Android Studio\jbr\bin\jimage.dll
0x00007ff824040000 - 0x00007ff824282000 	C:\WINDOWS\SYSTEM32\DBGHELP.DLL
0x00007ff828aa0000 - 0x00007ff828e2b000 	C:\WINDOWS\System32\combase.dll
0x00007ff828900000 - 0x00007ff8289d7000 	C:\WINDOWS\System32\OLEAUT32.dll
0x00007fffecf60000 - 0x00007fffecf9c000 	C:\WINDOWS\SYSTEM32\dbgcore.DLL
0x00007ff827350000 - 0x00007ff8273f5000 	C:\WINDOWS\System32\bcryptPrimitives.dll
0x00007ff807290000 - 0x00007ff80729e000 	D:\Android Studio\jbr\bin\instrument.dll
0x00007ff804040000 - 0x00007ff804060000 	D:\Android Studio\jbr\bin\java.dll
0x00007ff803fc0000 - 0x00007ff803fd8000 	D:\Android Studio\jbr\bin\zip.dll
0x00007ff827a30000 - 0x00007ff82817f000 	C:\WINDOWS\System32\SHELL32.dll
0x00007ff827550000 - 0x00007ff8276bb000 	C:\WINDOWS\System32\wintypes.dll
0x00007ff8247e0000 - 0x00007ff82503d000 	C:\WINDOWS\SYSTEM32\windows.storage.dll
0x00007ff828e30000 - 0x00007ff828f22000 	C:\WINDOWS\System32\SHCORE.dll
0x00007ff827850000 - 0x00007ff8278b7000 	C:\WINDOWS\System32\shlwapi.dll
0x00007ff826af0000 - 0x00007ff826b19000 	C:\WINDOWS\SYSTEM32\profapi.dll
0x00007ff80bf10000 - 0x00007ff80bf20000 	D:\Android Studio\jbr\bin\net.dll
0x00007ff81c390000 - 0x00007ff81c4b8000 	C:\WINDOWS\SYSTEM32\WINHTTP.dll
0x00007ff825f00000 - 0x00007ff825f6b000 	C:\WINDOWS\system32\mswsock.dll
0x00007ff803fa0000 - 0x00007ff803fb6000 	D:\Android Studio\jbr\bin\nio.dll
0x00007ff8030a0000 - 0x00007ff8030b0000 	D:\Android Studio\jbr\bin\verify.dll
0x00007fffeedb0000 - 0x00007fffeedd7000 	C:\Users\franc\.gradle\native\1def1411415f61bf3af743bc5b6707747c0891f09f0c88961ee8f79bc544acac\windows-amd64\native-platform.dll
0x00007fffd25a0000 - 0x00007fffd2618000 	C:\Users\franc\.gradle\native\0.2.7\x86_64-windows-gnu\gradle-fileevents.dll
0x00007ff803d00000 - 0x00007ff803d09000 	D:\Android Studio\jbr\bin\management.dll
0x00007ff803100000 - 0x00007ff80310b000 	D:\Android Studio\jbr\bin\management_ext.dll
0x00007ff828550000 - 0x00007ff828558000 	C:\WINDOWS\System32\PSAPI.DLL
0x00007ff8253a0000 - 0x00007ff8253d4000 	C:\WINDOWS\SYSTEM32\IPHLPAPI.DLL
0x00007ff828810000 - 0x00007ff82881a000 	C:\WINDOWS\System32\NSI.dll
0x00007ff8050f0000 - 0x00007ff8050f9000 	D:\Android Studio\jbr\bin\extnet.dll
0x00007ff826230000 - 0x00007ff82624b000 	C:\WINDOWS\SYSTEM32\CRYPTSP.dll
0x00007ff8258d0000 - 0x00007ff82590a000 	C:\WINDOWS\system32\rsaenh.dll
0x00007ff825fb0000 - 0x00007ff825fdb000 	C:\WINDOWS\SYSTEM32\USERENV.dll
0x00007ff826ac0000 - 0x00007ff826aea000 	C:\WINDOWS\SYSTEM32\bcrypt.dll
0x00007ff826250000 - 0x00007ff82625c000 	C:\WINDOWS\SYSTEM32\CRYPTBASE.dll
0x00007ffff9650000 - 0x00007ffff9658000 	C:\WINDOWS\system32\wshunix.dll
0x00007ffff4d70000 - 0x00007ffff4d88000 	C:\WINDOWS\system32\napinsp.dll
0x00007ff825440000 - 0x00007ff82556c000 	C:\WINDOWS\SYSTEM32\DNSAPI.dll
0x00007ffff4d50000 - 0x00007ffff4d62000 	C:\WINDOWS\System32\winrnr.dll
0x00007ffff42f0000 - 0x00007ffff4312000 	C:\WINDOWS\system32\nlansp_c.dll
0x00007ff81bc50000 - 0x00007ff81bc66000 	C:\WINDOWS\system32\wshbth.dll
0x00007ff81f880000 - 0x00007ff81f88b000 	C:\Windows\System32\rasadhlp.dll
0x00007ff81b520000 - 0x00007ff81b5a6000 	C:\WINDOWS\System32\fwpuclnt.dll
0x00007ff821290000 - 0x00007ff821297000 	D:\Android Studio\jbr\bin\rmi.dll

JVMTI agents:
C:\Users\franc\.gradle\wrapper\dists\gradle-8.13-bin\5xuhj0ry160q40clulazy9h7d\gradle-8.13\lib\agents\gradle-instrumentation-agent-8.13.jar path:D:\Android Studio\jbr\bin\instrument.dll, loaded, initialized, instrumentlib options:none

dbghelp: loaded successfully - version: 4.0.5 - missing functions: none
symbol engine: initialized successfully - sym options: 0x614 - pdb path: .;D:\Android Studio\jbr\bin;C:\WINDOWS\SYSTEM32;C:\WINDOWS\WinSxS\amd64_microsoft.windows.common-controls_6595b64144ccf1df_6.0.26100.7019_none_3e06ffa0e335b8a8;D:\Android Studio\jbr\bin\server;C:\Users\franc\.gradle\native\1def1411415f61bf3af743bc5b6707747c0891f09f0c88961ee8f79bc544acac\windows-amd64;C:\Users\franc\.gradle\native\0.2.7\x86_64-windows-gnu

VM Arguments:
jvm_args: --add-opens=java.base/java.lang=ALL-UNNAMED --add-opens=java.base/java.lang.invoke=ALL-UNNAMED --add-opens=java.base/java.util=ALL-UNNAMED --add-opens=java.prefs/java.util.prefs=ALL-UNNAMED --add-exports=jdk.compiler/com.sun.tools.javac.api=ALL-UNNAMED --add-exports=jdk.compiler/com.sun.tools.javac.util=ALL-UNNAMED --add-opens=java.base/java.util=ALL-UNNAMED --add-opens=java.prefs/java.util.prefs=ALL-UNNAMED --add-opens=java.base/java.nio.charset=ALL-UNNAMED --add-opens=java.base/java.net=ALL-UNNAMED --add-opens=java.base/java.util.concurrent.atomic=ALL-UNNAMED --add-opens=java.xml/javax.xml.namespace=ALL-UNNAMED -Xmx2048m -Dfile.encoding=UTF-8 -Duser.country=CL -Duser.language=es -Duser.variant -javaagent:C:\Users\franc\.gradle\wrapper\dists\gradle-8.13-bin\5xuhj0ry160q40clulazy9h7d\gradle-8.13\lib\agents\gradle-instrumentation-agent-8.13.jar 
java_command: org.gradle.launcher.daemon.bootstrap.GradleDaemon 8.13
java_class_path (initial): C:\Users\franc\.gradle\wrapper\dists\gradle-8.13-bin\5xuhj0ry160q40clulazy9h7d\gradle-8.13\lib\gradle-daemon-main-8.13.jar
Launcher Type: SUN_STANDARD

[Global flags]
     intx CICompilerCount                          = 4                                         {product} {ergonomic}
     uint ConcGCThreads                            = 3                                         {product} {ergonomic}
     uint G1ConcRefinementThreads                  = 10                                        {product} {ergonomic}
   size_t G1HeapRegionSize                         = 1048576                                   {product} {ergonomic}
    uintx GCDrainStackTargetSize                   = 64                                        {product} {ergonomic}
   size_t InitialHeapSize                          = 264241152                                 {product} {ergonomic}
   size_t MarkStackSize                            = 4194304                                   {product} {ergonomic}
   size_t MaxHeapSize                              = 2147483648                                {product} {command line}
   size_t MaxNewSize                               = 1287651328                                {product} {ergonomic}
   size_t MinHeapDeltaBytes                        = 1048576                                   {product} {ergonomic}
   size_t MinHeapSize                              = 8388608                                   {product} {ergonomic}
    uintx NonNMethodCodeHeapSize                   = 5839372                                {pd product} {ergonomic}
    uintx NonProfiledCodeHeapSize                  = 122909434                              {pd product} {ergonomic}
    uintx ProfiledCodeHeapSize                     = 122909434                              {pd product} {ergonomic}
    uintx ReservedCodeCacheSize                    = 251658240                              {pd product} {ergonomic}
     bool SegmentedCodeCache                       = true                                      {product} {ergonomic}
   size_t SoftMaxHeapSize                          = 2147483648                             {manageable} {ergonomic}
     bool UseCompressedOops                        = true                           {product lp64_product} {ergonomic}
     bool UseG1GC                                  = true                                      {product} {ergonomic}
     bool UseLargePagesIndividualAllocation        = false                                  {pd product} {ergonomic}

Logging:
Log output configuration:
 #0: stdout all=warning uptime,level,tags foldmultilines=false
 #1: stderr all=off uptime,level,tags foldmultilines=false

Environment Variables:
PATH=C:\Python314\Scripts\;C:\Python314\;C:\Program Files\Common Files\Oracle\Java\javapath;C:\windows\system32;C:\windows;C:\windows\System32\Wbem;C:\windows\System32\WindowsPowerShell\v1.0\;C:\windows\System32\OpenSSH\;C:\Program Files (x86)\NVIDIA Corporation\PhysX\Common;C:\Program Files\HP\HP One Agent;C:\Program Files\NVIDIA Corporation\NVIDIA app\NvDLISR;C:\WINDOWS\system32;C:\WINDOWS;C:\WINDOWS\System32\Wbem;C:\WINDOWS\System32\WindowsPowerShell\v1.0\;C:\WINDOWS\System32\OpenSSH\;C:\Program Files\Apache\Maven\apache-maven-3.9.9\bin;D:\Git\cmd;D:\;C:\ProgramData\chocolatey\bin;C:\Users\franc\AppData\Local\Programs\Python\Python312\Scripts\;C:\Users\franc\AppData\Local\Programs\Python\Python312\;C:\Users\franc\AppData\Local\Microsoft\WindowsApps;C:\Users\franc\AppData\Local\Programs\Microsoft VS Code\bin;C:\Users\franc\AppData\Local\GitHubDesktop\bin;C:\Users\franc\AppData\Roaming\npm
USERNAME=franc
OS=Windows_NT
PROCESSOR_IDENTIFIER=Intel64 Family 6 Model 141 Stepping 1, GenuineIntel
TMP=C:\Users\franc\AppData\Local\Temp
TEMP=C:\Users\franc\AppData\Local\Temp




Periodic native trim disabled

JNI global refs:
JNI global refs: 31, weak refs: 526

JNI global refs memory usage: 835, weak refs: 5953

Process memory usage:
Resident Set Size: 1289044K (7% of 16406592K total physical memory with 1645440K free physical memory)

OOME stack traces (most recent first):
Classloader memory used:
Loader org.gradle.internal.classloader.VisitableURLClassLoader$InstrumentingVisitableURLClassLoader: 59006K
Loader org.gradle.internal.classloader.VisitableURLClassLoader                         : 47009K
Loader bootstrap                                                                       : 31179K
Loader org.gradle.initialization.MixInLegacyTypesClassLoader                           : 13406K
Loader jdk.internal.reflect.DelegatingClassLoader                                      : 609K
Loader jdk.internal.loader.ClassLoaders$PlatformClassLoader                            : 559K
Loader org.gradle.internal.classloader.VisitableURLClassLoader                         : 288K
Loader jdk.internal.loader.ClassLoaders$AppClassLoader                                 : 235K
Loader org.gradle.groovy.scripts.internal.DefaultScriptCompilationHandler$ScriptClassLoader: 135K
Loader org.codehaus.groovy.runtime.callsite.CallSiteClassLoader                        : 27504B

Classes loaded by more than one classloader:
Class Program                                                                         : loaded 5 times (x 72B)
Class Build_gradle                                                                    : loaded 3 times (x 130B)
Class Build_gradle$1                                                                  : loaded 3 times (x 74B)
Class org.gradle.internal.classloader.FilteringClassLoader                            : loaded 2 times (x 105B)
Class com.google.common.base.CharMatcher$IsEither                                     : loaded 2 times (x 111B)
Class org.gradle.internal.classloader.ClassLoaderHierarchy                            : loaded 2 times (x 70B)
Class com.google.common.collect.ImmutableEnumSet                                      : loaded 2 times (x 146B)
Class com.google.common.util.concurrent.ExecutionError                                : loaded 2 times (x 82B)
Class com.google.common.collect.ImmutableList$1                                       : loaded 2 times (x 97B)
Class org.gradle.api.internal.classpath.ManifestUtil                                  : loaded 2 times (x 71B)
Class com.google.common.io.ByteArrayDataOutput                                        : loaded 2 times (x 70B)
Class com.google.common.collect.RegularImmutableMap                                   : loaded 2 times (x 121B)
Class com.google.common.collect.ImmutableMap$MapViewOfValuesAsSingletonSets           : loaded 2 times (x 126B)
Class [Lorg.objectweb.asm.Symbol;                                                     : loaded 2 times (x 69B)
Class org.objectweb.asm.ClassVisitor                                                  : loaded 2 times (x 88B)
Class com.google.common.collect.UnmodifiableListIterator                              : loaded 2 times (x 95B)
Class ijKotlinCoroutineJvmDebugInit1_eouaur1ellz263p97bfmcrybm                        : loaded 2 times (x 179B)
Class com.google.common.base.Platform$JdkPatternCompiler                              : loaded 2 times (x 75B)
Class org.objectweb.asm.MethodTooLargeException                                       : loaded 2 times (x 83B)
Class [Lcom.google.common.cache.CacheBuilder$OneWeigher;                              : loaded 2 times (x 69B)
Class com.google.common.base.Suppliers                                                : loaded 2 times (x 71B)
Class org.gradle.internal.classloader.DefaultClassLoaderFactory                       : loaded 2 times (x 82B)
Class org.gradle.internal.classloader.ClassLoaderVisitor                              : loaded 2 times (x 76B)
Class [Lcom.google.common.collect.ImmutableMapEntry;                                  : loaded 2 times (x 69B)
Class org.gradle.api.internal.classpath.EffectiveClassPath                            : loaded 2 times (x 90B)
Class com.google.common.collect.ImmutableRangeSet                                     : loaded 2 times (x 115B)
Class com.google.common.collect.ListMultimap                                          : loaded 2 times (x 70B)
Class com.google.common.collect.ImmutableEnumMap                                      : loaded 2 times (x 126B)
Class com.google.common.collect.ImmutableSet$SerializedForm                           : loaded 2 times (x 73B)
Class com.google.common.collect.Sets$1                                                : loaded 2 times (x 139B)
Class org.objectweb.asm.AnnotationVisitor                                             : loaded 2 times (x 78B)
Class org.gradle.api.internal.DefaultClassPathProvider                                : loaded 2 times (x 76B)
Class com.google.common.collect.Sets$2                                                : loaded 2 times (x 139B)
Class [Lorg.gradle.api.internal.ClassPathProvider;                                    : loaded 2 times (x 69B)
Class org.gradle.api.internal.ClassPathProvider                                       : loaded 2 times (x 70B)
Class [Lorg.objectweb.asm.AnnotationVisitor;                                          : loaded 2 times (x 69B)
Class com.google.common.collect.Sets$3                                                : loaded 2 times (x 139B)
Class com.google.common.util.concurrent.AbstractFuture$SafeAtomicHelper               : loaded 2 times (x 79B)
Class com.google.common.cache.LocalCache$LocalLoadingCache                            : loaded 2 times (x 134B)
Class org.gradle.internal.service.UnknownServiceException                             : loaded 2 times (x 83B)
Class com.google.common.io.ByteArrayDataInput                                         : loaded 2 times (x 70B)
Class com.google.common.collect.Sets$4                                                : loaded 2 times (x 139B)
Class org.objectweb.asm.ModuleVisitor                                                 : loaded 2 times (x 81B)
Class com.google.common.cache.LocalCache$Strength$1                                   : loaded 2 times (x 81B)
Class com.google.common.util.concurrent.SettableFuture                                : loaded 2 times (x 114B)
Class com.google.common.cache.LocalCache$Strength$2                                   : loaded 2 times (x 81B)
Class com.google.common.io.ByteStreams                                                : loaded 2 times (x 71B)
Class com.google.common.cache.LocalCache$Strength$3                                   : loaded 2 times (x 81B)
Class com.google.common.collect.MapDifference                                         : loaded 2 times (x 70B)
Class org.objectweb.asm.FieldWriter                                                   : loaded 2 times (x 78B)
Class com.google.common.cache.CacheBuilder$NullListener                               : loaded 2 times (x 82B)
Class org.gradle.internal.classpath.TransformedClassPath                              : loaded 2 times (x 96B)
Class org.gradle.internal.classloader.InstrumentingClassLoader                        : loaded 2 times (x 70B)
Class com.google.common.collect.ImmutableRangeSet$AsSet                               : loaded 2 times (x 300B)
Class com.google.common.cache.CacheLoader$FunctionToCacheLoader                       : loaded 2 times (x 75B)
Class com.google.common.collect.Iterators$ArrayItr                                    : loaded 2 times (x 97B)
Class com.google.common.collect.ImmutableCollection$Builder                           : loaded 2 times (x 76B)
Class com.google.common.base.Joiner                                                   : loaded 2 times (x 79B)
Class com.google.common.base.MoreObjects                                              : loaded 2 times (x 71B)
Class com.google.common.collect.Platform                                              : loaded 2 times (x 71B)
Class [Lorg.objectweb.asm.Type;                                                       : loaded 2 times (x 69B)
Class com.google.common.collect.UnmodifiableIterator                                  : loaded 2 times (x 80B)
Class org.gradle.internal.service.ServiceLocator                                      : loaded 2 times (x 70B)
Class com.google.common.base.Ascii                                                    : loaded 2 times (x 71B)
Class com.google.common.collect.SingletonImmutableBiMap                               : loaded 2 times (x 143B)
Class com.google.common.cache.LocalCache$1                                            : loaded 2 times (x 89B)
Class com.google.common.collect.AbstractMapEntry                                      : loaded 2 times (x 81B)
Class com.google.common.collect.Sets$ImprovedAbstractSet                              : loaded 2 times (x 135B)
Class com.google.common.collect.ImmutableList$Builder                                 : loaded 2 times (x 77B)
Class com.google.common.collect.AbstractMultimap                                      : loaded 2 times (x 123B)
Class com.google.common.cache.LocalCache$2                                            : loaded 2 times (x 142B)
Class com.google.common.collect.ImmutableRangeSet$1                                   : loaded 2 times (x 210B)
Class com.google.common.util.concurrent.AbstractFuture$UnsafeAtomicHelper$1           : loaded 2 times (x 76B)
Class com.google.common.collect.RegularImmutableAsList                                : loaded 2 times (x 217B)
Class com.google.common.collect.Range                                                 : loaded 2 times (x 87B)
Class com.google.common.util.concurrent.AbstractFuture$Trusted                        : loaded 2 times (x 70B)
Class com.google.common.collect.Iterators                                             : loaded 2 times (x 71B)
Class com.google.common.collect.Lists$StringAsImmutableList                           : loaded 2 times (x 207B)
Class com.google.common.util.concurrent.UncheckedExecutionException                   : loaded 2 times (x 82B)
Class org.gradle.kotlin.dsl.VersionCatalogAccessorsKt                                 : loaded 2 times (x 71B)
Class org.gradle.internal.InternalTransformer                                         : loaded 2 times (x 70B)
Class com.google.common.collect.AbstractMapBasedMultimap$KeySet$1                     : loaded 2 times (x 82B)
Class org.objectweb.asm.ClassWriter                                                   : loaded 2 times (x 106B)
Class com.google.common.base.CharMatcher$And                                          : loaded 2 times (x 112B)
Class com.google.common.cache.CacheLoader$UnsupportedLoadingOperationException        : loaded 2 times (x 82B)
Class ijJvmDebugger1_55a0ooe2opvnnd7m48nnywccd$_run_closure1$_closure2                : loaded 2 times (x 140B)
Class org.gradle.internal.classloader.ClasspathUtil$1                                 : loaded 2 times (x 76B)
Class com.google.common.base.Objects                                                  : loaded 2 times (x 71B)
Class org.objectweb.asm.FieldVisitor                                                  : loaded 2 times (x 77B)
Class com.google.common.collect.IndexedImmutableSet                                   : loaded 2 times (x 152B)
Class com.google.common.collect.ImmutableMap$1                                        : loaded 2 times (x 81B)
Class com.google.common.collect.BiMap                                                 : loaded 2 times (x 70B)
Class org.gradle.api.internal.classpath.DefaultModuleRegistry$DefaultModule           : loaded 2 times (x 86B)
Class com.google.common.primitives.Ints                                               : loaded 2 times (x 71B)
Class com.google.common.collect.AbstractIterator                                      : loaded 2 times (x 82B)
Class com.google.common.collect.ObjectArrays                                          : loaded 2 times (x 71B)
Class com.google.common.collect.RegularImmutableMap$KeySet                            : loaded 2 times (x 152B)
Class com.google.common.collect.ArrayListMultimapGwtSerializationDependencies         : loaded 2 times (x 172B)
Class com.google.common.collect.AbstractIndexedListIterator                           : loaded 2 times (x 96B)
Class com.google.common.math.MathPreconditions                                        : loaded 2 times (x 71B)
Class com.google.common.collect.ImmutableMapEntrySet                                  : loaded 2 times (x 152B)
Class org.gradle.api.internal.classpath.Module                                        : loaded 2 times (x 70B)
Class com.google.common.cache.Weigher                                                 : loaded 2 times (x 70B)
Class org.gradle.api.internal.classpath.UnknownModuleException                        : loaded 2 times (x 82B)
Class com.google.common.base.Stopwatch                                                : loaded 2 times (x 72B)
Class com.google.common.cache.LocalCache$Strength                                     : loaded 2 times (x 81B)
Class com.google.common.cache.Cache                                                   : loaded 2 times (x 70B)
Class com.google.common.base.NullnessCasts                                            : loaded 2 times (x 71B)
Class com.google.common.util.concurrent.AbstractFuture$Cancellation                   : loaded 2 times (x 72B)
Class com.google.common.collect.ImmutableMap$Builder                                  : loaded 2 times (x 82B)
Class com.google.common.cache.RemovalListener                                         : loaded 2 times (x 70B)
Class org.gradle.api.internal.DefaultClassPathRegistry                                : loaded 2 times (x 76B)
Class com.google.common.primitives.IntsMethodsForWeb                                  : loaded 2 times (x 71B)
Class com.google.common.collect.Multimap                                              : loaded 2 times (x 70B)
Class org.gradle.api.internal.ClassPathRegistry                                       : loaded 2 times (x 70B)
Class org.gradle.internal.classpath.DefaultClassPath$ImmutableUniqueList              : loaded 2 times (x 199B)
Class com.google.common.base.ExtraObjectsMethodsForWeb                                : loaded 2 times (x 71B)
Class com.google.common.base.Equivalence$Identity                                     : loaded 2 times (x 82B)
Class com.google.common.cache.CacheBuilder                                            : loaded 2 times (x 72B)
Class com.google.common.collect.SingletonImmutableList                                : loaded 2 times (x 207B)
Class Settings_gradle$1                                                               : loaded 2 times (x 74B)
Class org.gradle.internal.classpath.ClassPath                                         : loaded 2 times (x 70B)
Class org.gradle.api.UncheckedIOException                                             : loaded 2 times (x 82B)
Class com.google.common.base.JdkPattern                                               : loaded 2 times (x 75B)
Class com.google.common.collect.ImmutableList$ReverseImmutableList                    : loaded 2 times (x 209B)
Class org.objectweb.asm.SymbolTable$Entry                                             : loaded 2 times (x 74B)
Class com.google.common.util.concurrent.AbstractFuture$AtomicHelper                   : loaded 2 times (x 78B)
Class org.objectweb.asm.Edge                                                          : loaded 2 times (x 72B)
Class com.google.common.base.Suppliers$SupplierOfInstance                             : loaded 2 times (x 79B)
Class com.google.common.collect.Iterators$1                                           : loaded 2 times (x 81B)
Class com.google.common.cache.LocalCache$ComputingValueReference                      : loaded 2 times (x 96B)
Class com.google.common.collect.SingletonImmutableSet                                 : loaded 2 times (x 146B)
Class com.google.common.collect.ImmutableMap$IteratorBasedImmutableMap                : loaded 2 times (x 126B)
Class com.google.common.cache.LocalCache$Segment                                      : loaded 2 times (x 154B)
Class com.google.common.collect.SortedIterable                                        : loaded 2 times (x 70B)
Class com.google.common.collect.AbstractListMultimap                                  : loaded 2 times (x 172B)
Class [Lorg.objectweb.asm.SymbolTable$Entry;                                          : loaded 2 times (x 69B)
Class com.google.common.cache.CacheLoader                                             : loaded 2 times (x 74B)
Class com.google.common.collect.Iterators$4                                           : loaded 2 times (x 82B)
Class com.google.common.collect.ImmutableBiMap                                        : loaded 2 times (x 143B)
Class org.gradle.internal.installation.GradleInstallation$1                           : loaded 2 times (x 75B)
Class org.gradle.api.internal.classpath.ModuleRegistry                                : loaded 2 times (x 70B)
Class com.google.common.util.concurrent.internal.InternalFutureFailureAccess          : loaded 2 times (x 72B)
Class com.google.common.collect.Iterators$5                                           : loaded 2 times (x 82B)
Class com.google.common.collect.ImmutableSet$JdkBackedSetBuilderImpl                  : loaded 2 times (x 76B)
Class com.google.common.util.concurrent.AbstractFuture$UnsafeAtomicHelper             : loaded 2 times (x 78B)
Class com.google.common.base.CharMatcher$ForPredicate                                 : loaded 2 times (x 112B)
Class com.google.common.cache.LocalCache$LocalManualCache$1                           : loaded 2 times (x 75B)
Class com.google.common.base.CharMatcher$AnyOf                                        : loaded 2 times (x 112B)
Class com.google.common.collect.ImmutableCollection                                   : loaded 2 times (x 125B)
Class org.gradle.api.internal.classpath.DefaultModuleRegistry                         : loaded 2 times (x 86B)
Class com.google.common.collect.Lists                                                 : loaded 2 times (x 71B)
Class com.google.common.util.concurrent.ListenableFuture                              : loaded 2 times (x 70B)
Class com.google.common.cache.ReferenceEntry                                          : loaded 2 times (x 70B)
Class com.google.common.base.Converter                                                : loaded 2 times (x 90B)
Class com.google.common.collect.ImmutableSet$CachingAsList                            : loaded 2 times (x 148B)
Class com.google.common.collect.AbstractMapBasedMultimap                              : loaded 2 times (x 139B)
Class com.google.common.util.concurrent.AbstractFuture                                : loaded 2 times (x 106B)
Class com.google.common.base.FunctionalEquivalence                                    : loaded 2 times (x 83B)
Class com.google.common.collect.Iterators$9                                           : loaded 2 times (x 81B)
Class com.google.common.collect.ImmutableAsList                                       : loaded 2 times (x 209B)
Class ijJvmDebugger1_55a0ooe2opvnnd7m48nnywccd$_run_closure1                          : loaded 2 times (x 139B)
Class org.objectweb.asm.RecordComponentVisitor                                        : loaded 2 times (x 77B)
Class com.google.common.cache.CacheLoader$SupplierToCacheLoader                       : loaded 2 times (x 75B)
Class com.google.common.collect.Maps$EntryTransformer                                 : loaded 2 times (x 70B)
Class org.gradle.internal.service.ServiceLookupException                              : loaded 2 times (x 82B)
Class com.google.common.collect.ImmutableSortedSet                                    : loaded 2 times (x 300B)
Class [Lcom.google.common.cache.LocalCache$EntryFactory;                              : loaded 2 times (x 69B)
Class org.gradle.internal.classloader.ClassLoaderFactory                              : loaded 2 times (x 70B)
Class com.google.common.base.CommonPattern                                            : loaded 2 times (x 74B)
Class com.google.common.base.CharMatcher$IsNot                                        : loaded 2 times (x 111B)
Class com.google.common.cache.LocalCache$LocalManualCache                             : loaded 2 times (x 99B)
Class org.gradle.internal.service.CachingServiceLocator                               : loaded 2 times (x 82B)
Class com.google.common.collect.AbstractMapBasedMultimap$KeySet                       : loaded 2 times (x 137B)
Class com.google.common.collect.RegularImmutableSortedSet                             : loaded 2 times (x 300B)
Class com.google.common.math.IntMath                                                  : loaded 2 times (x 71B)
Class com.google.common.collect.ImmutableMapEntry                                     : loaded 2 times (x 85B)
Class com.google.common.base.Equivalence                                              : loaded 2 times (x 82B)
Class com.google.common.base.Function                                                 : loaded 2 times (x 70B)
Class com.google.common.collect.ImmutableMapEntry$NonTerminalImmutableMapEntry        : loaded 2 times (x 85B)
Class com.google.common.collect.IndexedImmutableSet$1                                 : loaded 2 times (x 213B)
Class com.google.common.cache.CacheBuilder$OneWeigher                                 : loaded 2 times (x 82B)
Class com.google.common.collect.RegularImmutableList                                  : loaded 2 times (x 213B)
Class org.gradle.internal.classloader.ClasspathUtil                                   : loaded 2 times (x 71B)
Class com.google.common.base.Charsets                                                 : loaded 2 times (x 71B)
Class com.google.common.util.concurrent.Uninterruptibles                              : loaded 2 times (x 71B)
Class com.google.common.collect.Maps                                                  : loaded 2 times (x 71B)
Class org.gradle.api.specs.Spec                                                       : loaded 2 times (x 70B)
Class [Lcom.google.common.collect.ImmutableEntry;                                     : loaded 2 times (x 69B)
Class ijKotlinCoroutineJvmDebugInit1_eouaur1ellz263p97bfmcrybm$_run_closure1$_closure2: loaded 2 times (x 139B)
Class com.google.common.cache.LocalCache$LoadingValueReference                        : loaded 2 times (x 96B)
Class com.google.common.collect.Multiset                                              : loaded 2 times (x 70B)
Class com.google.common.base.Platform                                                 : loaded 2 times (x 71B)
Class [Lorg.objectweb.asm.AnnotationWriter;                                           : loaded 2 times (x 69B)
Class com.google.common.collect.Maps$8                                                : loaded 2 times (x 82B)
Class com.google.common.collect.ImmutableRangeSet$Builder                             : loaded 2 times (x 77B)
Class com.google.common.collect.Sets$SetView                                          : loaded 2 times (x 138B)
Class com.google.common.cache.LocalCache$StrongValueReference                         : loaded 2 times (x 90B)
Class com.google.common.util.concurrent.AbstractFuture$SynchronizedHelper             : loaded 2 times (x 78B)
Class org.objectweb.asm.Type                                                          : loaded 2 times (x 72B)
Class org.gradle.internal.classloader.VisitableURLClassLoader$InstrumentingVisitableURLClassLoader: loaded 2 times (x 123B)
Class org.objectweb.asm.ByteVector                                                    : loaded 2 times (x 79B)
Class [Lcom.google.common.cache.CacheBuilder$NullListener;                            : loaded 2 times (x 69B)
Class com.google.common.math.IntMath$1                                                : loaded 2 times (x 71B)
Class org.gradle.internal.classloader.VisitableURLClassLoader$Spec                    : loaded 2 times (x 74B)
Class org.gradle.internal.classpath.DefaultClassPath                                  : loaded 2 times (x 90B)
Class org.objectweb.asm.Symbol                                                        : loaded 2 times (x 73B)
Class com.google.common.io.Closer                                                     : loaded 2 times (x 78B)
Class com.google.common.base.CharMatcher$Ascii                                        : loaded 2 times (x 112B)
Class com.google.common.base.CharMatcher$BitSetMatcher                                : loaded 2 times (x 112B)
Class com.google.common.collect.RegularImmutableMap$Values                            : loaded 2 times (x 207B)
Class com.google.common.collect.ImmutableSet                                          : loaded 2 times (x 145B)
Class org.gradle.internal.classloader.ClassLoaderSpec                                 : loaded 2 times (x 71B)
Class org.objectweb.asm.AnnotationWriter                                              : loaded 2 times (x 79B)
Class com.google.common.cache.CacheStats                                              : loaded 2 times (x 71B)
Class com.google.common.io.Closer$Suppressor                                          : loaded 2 times (x 70B)
Class org.objectweb.asm.RecordComponentWriter                                         : loaded 2 times (x 78B)
Class com.google.common.util.concurrent.AbstractFuture$Listener                       : loaded 2 times (x 72B)
Class com.google.common.base.CharMatcher$Or                                           : loaded 2 times (x 112B)
Class Settings_gradle$1$1                                                             : loaded 2 times (x 74B)
Class org.objectweb.asm.Attribute                                                     : loaded 2 times (x 77B)
Class com.google.common.base.Supplier                                                 : loaded 2 times (x 70B)
Class org.gradle.internal.classloader.VisitableURLClassLoader                         : loaded 2 times (x 117B)
Class com.google.common.util.concurrent.AbstractFuture$Waiter                         : loaded 2 times (x 72B)
Class Settings_gradle                                                                 : loaded 2 times (x 128B)
Class org.gradle.internal.Cast                                                        : loaded 2 times (x 71B)
Class org.gradle.api.Action                                                           : loaded 2 times (x 70B)
Class com.google.common.base.Strings                                                  : loaded 2 times (x 71B)
Class com.google.common.collect.Sets                                                  : loaded 2 times (x 71B)
Class org.objectweb.asm.Handler                                                       : loaded 2 times (x 72B)
Class com.google.common.base.CharMatcher$FastMatcher                                  : loaded 2 times (x 111B)
Class com.google.common.base.Ticker                                                   : loaded 2 times (x 72B)
Class [Lcom.google.common.cache.LocalCache$Segment;                                   : loaded 2 times (x 69B)
Class com.google.common.base.Predicate                                                : loaded 2 times (x 70B)
Class [Lcom.google.common.cache.LocalCache$Strength;                                  : loaded 2 times (x 69B)
Class com.google.common.cache.CacheBuilder$1                                          : loaded 2 times (x 85B)
Class com.google.common.collect.ImmutableMap                                          : loaded 2 times (x 120B)
Class ijKotlinCoroutineJvmDebugInit1_eouaur1ellz263p97bfmcrybm$_run_closure1          : loaded 2 times (x 139B)
Class org.gradle.internal.classpath.DefaultClassPath$ImmutableUniqueList$Builder      : loaded 2 times (x 75B)
Class com.google.common.collect.AbstractRangeSet                                      : loaded 2 times (x 114B)
Class com.google.common.base.CharMatcher$NegatedFastMatcher                           : loaded 2 times (x 113B)
Class com.google.common.cache.LocalCache                                              : loaded 2 times (x 187B)
Class com.google.common.cache.CacheBuilder$2                                          : loaded 2 times (x 79B)
Class com.google.common.collect.ArrayListMultimap                                     : loaded 2 times (x 172B)
Class com.google.common.cache.CacheBuilder$3                                          : loaded 2 times (x 72B)
Class [Lcom.google.common.collect.AbstractMapEntry;                                   : loaded 2 times (x 69B)
Class com.google.common.collect.ImmutableEntry                                        : loaded 2 times (x 82B)
Class org.gradle.api.GradleException                                                  : loaded 2 times (x 82B)
Class com.google.common.base.Suppliers$MemoizingSupplier                              : loaded 2 times (x 79B)
Class com.google.common.collect.CollectPreconditions                                  : loaded 2 times (x 71B)
Class com.google.common.collect.SortedMapDifference                                   : loaded 2 times (x 70B)
Class com.google.common.cache.LocalCache$EntryFactory                                 : loaded 2 times (x 83B)
Class com.google.common.cache.LocalCache$AbstractReferenceEntry                       : loaded 2 times (x 107B)
Class org.gradle.internal.IoActions                                                   : loaded 2 times (x 71B)
Class com.google.common.collect.ImmutableRangeSet$ComplementRanges                    : loaded 2 times (x 207B)
Class org.objectweb.asm.SymbolTable                                                   : loaded 2 times (x 72B)
Class com.google.common.cache.CacheLoader$InvalidCacheLoadException                   : loaded 2 times (x 82B)
Class com.google.common.collect.ImmutableSet$RegularSetBuilderImpl                    : loaded 2 times (x 77B)
Class org.gradle.internal.classloader.SystemClassLoaderSpec                           : loaded 2 times (x 71B)
Class com.google.common.cache.LocalCache$StrongEntry                                  : loaded 2 times (x 108B)
Class com.google.common.util.concurrent.AbstractFuture$TrustedFuture                  : loaded 2 times (x 114B)
Class com.google.common.cache.LoadingCache                                            : loaded 2 times (x 70B)
Class com.google.common.io.ByteStreams$LimitedInputStream                             : loaded 2 times (x 92B)
Class com.google.common.base.Suppliers$NonSerializableMemoizingSupplier               : loaded 2 times (x 79B)
Class org.objectweb.asm.MethodWriter                                                  : loaded 2 times (x 106B)
Class [Lcom.google.common.cache.Weigher;                                              : loaded 2 times (x 69B)
Class com.google.common.collect.RegularImmutableMap$BucketOverflowException           : loaded 2 times (x 82B)
Class com.google.common.collect.RegularImmutableBiMap                                 : loaded 2 times (x 149B)
Class com.google.common.base.CharMatcher$Negated                                      : loaded 2 times (x 113B)
Class com.google.common.base.CharMatcher$Is                                           : loaded 2 times (x 111B)
Class com.google.common.cache.LocalCache$ValueReference                               : loaded 2 times (x 70B)
Class com.google.common.base.PatternCompiler                                          : loaded 2 times (x 70B)
Class com.google.common.util.concurrent.AbstractFuture$Failure                        : loaded 2 times (x 72B)
Class com.google.common.base.Equivalence$Equals                                       : loaded 2 times (x 82B)
Class com.google.common.collect.Hashing                                               : loaded 2 times (x 71B)
Class com.google.common.base.Preconditions                                            : loaded 2 times (x 71B)
Class com.google.common.base.Joiner$1                                                 : loaded 2 times (x 80B)
Class org.objectweb.asm.Label                                                         : loaded 2 times (x 73B)
Class org.objectweb.asm.CurrentFrame                                                  : loaded 2 times (x 73B)
Class org.objectweb.asm.ClassTooLargeException                                        : loaded 2 times (x 83B)
Class com.google.common.base.CharMatcher                                              : loaded 2 times (x 111B)
Class com.google.common.collect.PeekingIterator                                       : loaded 2 times (x 70B)
Class ijJvmDebugger1_55a0ooe2opvnnd7m48nnywccd                                        : loaded 2 times (x 179B)
Class com.google.common.collect.Maps$IteratorBasedAbstractMap                         : loaded 2 times (x 125B)
Class com.google.common.collect.RangeGwtSerializationDependencies                     : loaded 2 times (x 71B)
Class com.google.common.base.Joiner$2                                                 : loaded 2 times (x 79B)
Class org.objectweb.asm.Frame                                                         : loaded 2 times (x 73B)
Class org.objectweb.asm.MethodVisitor                                                 : loaded 2 times (x 105B)
Class com.google.common.base.CharMatcher$1                                            : loaded 2 times (x 113B)
Class com.google.common.base.CharMatcher$NamedFastMatcher                             : loaded 2 times (x 112B)
Class com.google.common.cache.LocalCache$EntryFactory$1                               : loaded 2 times (x 83B)
Class [Lcom.google.common.cache.RemovalListener;                                      : loaded 2 times (x 69B)
Class com.google.common.collect.RangeSet                                              : loaded 2 times (x 70B)
Class com.google.common.cache.LocalCache$EntryFactory$2                               : loaded 2 times (x 83B)
Class org.gradle.api.internal.classpath.GlobalCacheRootsProvider                      : loaded 2 times (x 70B)
Class com.google.common.collect.CollectCollectors                                     : loaded 2 times (x 71B)
Class org.objectweb.asm.ModuleWriter                                                  : loaded 2 times (x 82B)
Class com.google.common.cache.LocalCache$EntryFactory$3                               : loaded 2 times (x 83B)
Class com.google.common.base.Ticker$1                                                 : loaded 2 times (x 72B)
Class com.google.common.collect.Maps$BiMapConverter                                   : loaded 2 times (x 90B)
Class com.google.common.collect.ImmutableMapEntrySet$RegularEntrySet                  : loaded 2 times (x 152B)
Class com.google.common.base.CharMatcher$InRange                                      : loaded 2 times (x 111B)
Class com.google.common.cache.LocalCache$EntryFactory$4                               : loaded 2 times (x 83B)
Class com.google.common.collect.ImmutableSet$Builder                                  : loaded 2 times (x 85B)
Class com.google.common.io.ByteStreams$1                                              : loaded 2 times (x 85B)
Class com.google.common.cache.LocalCache$EntryFactory$5                               : loaded 2 times (x 83B)
Class com.google.common.base.PairwiseEquivalence                                      : loaded 2 times (x 83B)
Class com.google.common.cache.LocalCache$EntryFactory$6                               : loaded 2 times (x 83B)
Class org.gradle.internal.installation.CurrentGradleInstallationLocator               : loaded 2 times (x 71B)
Class com.google.common.collect.Maps$KeySet                                           : loaded 2 times (x 137B)
Class com.google.common.cache.LocalCache$EntryFactory$7                               : loaded 2 times (x 83B)
Class com.google.common.collect.ImmutableSet$EmptySetBuilderImpl                      : loaded 2 times (x 76B)
Class com.google.common.collect.ImmutableList                                         : loaded 2 times (x 206B)
Class org.gradle.internal.service.DefaultServiceLocator                               : loaded 2 times (x 83B)
Class com.google.common.cache.LocalCache$EntryFactory$8                               : loaded 2 times (x 83B)
Class com.google.common.collect.ImmutableSet$SetBuilderImpl                           : loaded 2 times (x 76B)
Class org.gradle.internal.installation.CurrentGradleInstallation                      : loaded 2 times (x 73B)
Class com.google.common.cache.CacheLoader$1                                           : loaded 2 times (x 75B)
Class com.google.common.collect.ForwardingObject                                      : loaded 2 times (x 72B)
Class com.google.common.collect.ImmutableList$SubList                                 : loaded 2 times (x 209B)
Class org.gradle.util.internal.GUtil                                                  : loaded 2 times (x 71B)
Class com.google.common.util.concurrent.AbstractFuture$SetFuture                      : loaded 2 times (x 75B)
Class com.google.common.cache.AbstractCache$StatsCounter                              : loaded 2 times (x 70B)
Class com.google.common.collect.Iterators$MergingIterator                             : loaded 2 times (x 81B)
Class com.google.common.collect.RegularImmutableSet                                   : loaded 2 times (x 149B)
Class org.gradle.internal.installation.GradleInstallation                             : loaded 2 times (x 75B)
Class com.google.common.collect.Iterables                                             : loaded 2 times (x 71B)

---------------  S Y S T E M  ---------------

OS:
 Windows 11 , 64 bit Build 26100 (10.0.26100.7019)
OS uptime: 7 days 0:33 hours
Hyper-V role detected

CPU: total 12 (initial active 12) (6 cores per cpu, 2 threads per core) family 6 model 141 stepping 1 microcode 0x52, cx8, cmov, fxsr, ht, mmx, 3dnowpref, sse, sse2, sse3, ssse3, sse4.1, sse4.2, popcnt, lzcnt, tsc, tscinvbit, avx, avx2, aes, erms, clmul, bmi1, bmi2, adx, avx512f, avx512dq, avx512cd, avx512bw, avx512vl, sha, fma, vzeroupper, avx512_vpopcntdq, avx512_vpclmulqdq, avx512_vaes, avx512_vnni, clflush, clflushopt, clwb, avx512_vbmi2, avx512_vbmi, hv, rdtscp, rdpid, fsrm, gfni, avx512_bitalg, f16c, cet_ibt, cet_ss, avx512_ifma
Processor Information for the first 12 processors :
  Max Mhz: 2688, Current Mhz: 2688, Mhz Limit: 2688

Memory: 4k page, system-wide physical 16022M (1610M free)
TotalPageFile size 22218M (AvailPageFile size 405M)
current process WorkingSet (physical memory assigned to process): 1255M, peak: 1259M
current process commit charge ("private bytes"): 1295M, peak: 1787M

vm_info: OpenJDK 64-Bit Server VM (21.0.8+-14196175-b1038.72) for windows-amd64 JRE (21.0.8+-14196175-b1038.72), built on 2025-10-01T10:24:33Z by "builder" with MS VC++ 16.10 / 16.11 (VS2019)

END.
