#
# There is insufficient memory for the Java Runtime Environment to continue.
# Native memory allocation (malloc) failed to allocate 944096 bytes. Error detail: Chunk::new
# Possible reasons:
#   The system is out of physical RAM or swap space
#   This process is running with CompressedOops enabled, and the Java Heap may be blocking the growth of the native heap
# Possible solutions:
#   Reduce memory load on the system
#   Increase physical memory or swap space
#   Check if swap backing store is full
#   Decrease Java heap size (-Xmx/-Xms)
#   Decrease number of Java threads
#   Decrease Java thread stack sizes (-Xss)
#   Set larger code cache with -XX:ReservedCodeCacheSize=
#   JVM is running with Unscaled Compressed Oops mode in which the Java heap is
#     placed in the first 4GB address space. The Java Heap base address is the
#     maximum limit for the native heap growth. Please use -XX:HeapBaseMinAddress
#     to set the Java Heap base and to place the Java Heap above 4GB virtual address.
# This output file may be truncated or incomplete.
#
#  Out of Memory Error (arena.cpp:168), pid=23784, tid=14980
#
# JRE version: OpenJDK Runtime Environment (21.0.8) (build 21.0.8+-14196175-b1038.72)
# Java VM: OpenJDK 64-Bit Server VM (21.0.8+-14196175-b1038.72, mixed mode, tiered, compressed oops, compressed class ptrs, g1 gc, windows-amd64)
# No core dump will be written. Minidumps are not enabled by default on client versions of Windows
#

---------------  S U M M A R Y ------------

Command Line: -Djava.awt.headless=true -Djava.library.path=D:\Android Studio\jbr\bin;C:\WINDOWS\Sun\Java\bin;C:\WINDOWS\system32;C:\WINDOWS;C:\Python314\Scripts\;C:\Python314\;C:\Program Files\Common Files\Oracle\Java\javapath;C:\windows\system32;C:\windows;C:\windows\System32\Wbem;C:\windows\System32\WindowsPowerShell\v1.0\;C:\windows\System32\OpenSSH\;C:\Program Files (x86)\NVIDIA Corporation\PhysX\Common;C:\Program Files\HP\HP One Agent;C:\Program Files\NVIDIA Corporation\NVIDIA app\NvDLISR;C:\WINDOWS\system32;C:\WINDOWS;C:\WINDOWS\System32\Wbem;C:\WINDOWS\System32\WindowsPowerShell\v1.0\;C:\WINDOWS\System32\OpenSSH\;C:\Program Files\Apache\Maven\apache-maven-3.9.9\bin;D:\Git\cmd;D:\;C:\ProgramData\chocolatey\bin;C:\Users\franc\AppData\Local\Programs\Python\Python312\Scripts\;C:\Users\franc\AppData\Local\Programs\Python\Python312\;C:\Users\franc\AppData\Local\Microsoft\WindowsApps;C:\Users\franc\AppData\Local\Programs\Microsoft VS Code\bin;C:\Users\franc\AppData\Local\GitHubDesktop\bin;C:\Users\franc\AppData\Roaming\npm;.;C:\Users\franc\OneDrive\Escritorio\LevelUp\app\src\testDebug\jniLibs;C:\Users\franc\OneDrive\Escritorio\LevelUp\app\src\test\jniLibs -Dorg.gradle.internal.worker.tmpdir=C:\Users\franc\OneDrive\Escritorio\LevelUp\app\build\tmp\testDebugUnitTest\work --add-opens=java.base/java.io=ALL-UNNAMED -Xmx512m -Dfile.encoding=UTF-8 -Duser.country=CL -Duser.language=es -Duser.variant -ea worker.org.gradle.process.internal.worker.GradleWorkerMain 'Gradle Test Executor 3'

Host: 11th Gen Intel(R) Core(TM) i5-11400H @ 2.70GHz, 12 cores, 15G,  Windows 11 , 64 bit Build 26100 (10.0.26100.7019)
Time: Tue Nov 25 16:49:14 2025 Hora verano Sudamérica Pacífico elapsed time: 2.708168 seconds (0d 0h 0m 2s)

---------------  T H R E A D  ---------------

Current thread (0x0000021ed02dda40):  JavaThread "C2 CompilerThread1" daemon [_thread_in_native, id=14980, stack(0x0000002eeaa00000,0x0000002eeab00000) (1024K)]


Current CompileTask:
C2:2708 3135       4       java.lang.invoke.MethodType::makeImpl (109 bytes)

Stack: [0x0000002eeaa00000,0x0000002eeab00000]
Native frames: (J=compiled Java code, j=interpreted, Vv=VM code, C=native code)
V  [jvm.dll+0x6d68d9]
V  [jvm.dll+0x866693]
V  [jvm.dll+0x868c4e]
V  [jvm.dll+0x869333]
V  [jvm.dll+0x280566]
V  [jvm.dll+0xc07cd]
V  [jvm.dll+0xc0d03]
V  [jvm.dll+0x2f5970]
V  [jvm.dll+0x5ff719]
V  [jvm.dll+0x252362]
V  [jvm.dll+0x25271f]
V  [jvm.dll+0x24aec5]
V  [jvm.dll+0x24871e]
V  [jvm.dll+0x1c73a4]
V  [jvm.dll+0x257f9e]
V  [jvm.dll+0x2564e6]
V  [jvm.dll+0x3f4696]
V  [jvm.dll+0x80eac8]
V  [jvm.dll+0x6d512d]
C  [ucrtbase.dll+0x37b0]
C  [KERNEL32.DLL+0x2e8d7]
C  [ntdll.dll+0x8c53c]


---------------  P R O C E S S  ---------------

Threads class SMR info:
_java_thread_list=0x0000021ed586b410, length=15, elements={
0x0000021eb7d5e4b0, 0x0000021ecfff5040, 0x0000021ed000a440, 0x0000021ed000aea0,
0x0000021ed0020fa0, 0x0000021ed0022a10, 0x0000021ed002cb60, 0x0000021ed002d740,
0x0000021ed0039e30, 0x0000021ed00417d0, 0x0000021ed002ddd0, 0x0000021ed02dda40,
0x0000021ed002e460, 0x0000021ed0030bc0, 0x0000021ed0030530
}

Java Threads: ( => current thread )
  0x0000021eb7d5e4b0 JavaThread "Test worker"                       [_thread_blocked, id=14548, stack(0x0000002ee9800000,0x0000002ee9900000) (1024K)]
  0x0000021ecfff5040 JavaThread "Common-Cleaner"             daemon [_thread_blocked, id=19492, stack(0x0000002eea000000,0x0000002eea100000) (1024K)]
  0x0000021ed000a440 JavaThread "Reference Handler"          daemon [_thread_blocked, id=14084, stack(0x0000002eea100000,0x0000002eea200000) (1024K)]
  0x0000021ed000aea0 JavaThread "Finalizer"                  daemon [_thread_blocked, id=27696, stack(0x0000002eea200000,0x0000002eea300000) (1024K)]
  0x0000021ed0020fa0 JavaThread "Signal Dispatcher"          daemon [_thread_blocked, id=17492, stack(0x0000002eea300000,0x0000002eea400000) (1024K)]
  0x0000021ed0022a10 JavaThread "Attach Listener"            daemon [_thread_blocked, id=23352, stack(0x0000002eea400000,0x0000002eea500000) (1024K)]
  0x0000021ed002cb60 JavaThread "Service Thread"             daemon [_thread_blocked, id=12884, stack(0x0000002eea500000,0x0000002eea600000) (1024K)]
  0x0000021ed002d740 JavaThread "Monitor Deflation Thread"   daemon [_thread_blocked, id=25780, stack(0x0000002eea600000,0x0000002eea700000) (1024K)]
  0x0000021ed0039e30 JavaThread "C2 CompilerThread0"         daemon [_thread_in_native, id=14104, stack(0x0000002eea700000,0x0000002eea800000) (1024K)]
  0x0000021ed00417d0 JavaThread "C1 CompilerThread0"         daemon [_thread_blocked, id=14136, stack(0x0000002eea800000,0x0000002eea900000) (1024K)]
  0x0000021ed002ddd0 JavaThread "Notification Thread"        daemon [_thread_blocked, id=15420, stack(0x0000002eea900000,0x0000002eeaa00000) (1024K)]
=>0x0000021ed02dda40 JavaThread "C2 CompilerThread1"         daemon [_thread_in_native, id=14980, stack(0x0000002eeaa00000,0x0000002eeab00000) (1024K)]
  0x0000021ed002e460 JavaThread "/127.0.0.1:53410 to /127.0.0.1:53409 workers"        [_thread_blocked, id=24252, stack(0x0000002eead00000,0x0000002eeae00000) (1024K)]
  0x0000021ed0030bc0 JavaThread "/127.0.0.1:53410 to /127.0.0.1:53409 workers Thread 2"        [_thread_in_vm, id=27488, stack(0x0000002eeae00000,0x0000002eeaf00000) (1024K)]
  0x0000021ed0030530 JavaThread "/127.0.0.1:53410 to /127.0.0.1:53409 workers Thread 3"        [_thread_in_native, id=26572, stack(0x0000002eeaf00000,0x0000002eeb000000) (1024K)]
Total: 15

Other Threads:
  0x0000021ecff26690 VMThread "VM Thread"                           [id=10108, stack(0x0000002ee9f00000,0x0000002eea000000) (1024K)]
  0x0000021ecfdece80 WatcherThread "VM Periodic Task Thread"        [id=2004, stack(0x0000002ee9e00000,0x0000002ee9f00000) (1024K)]
  0x0000021eba0dd250 WorkerThread "GC Thread#0"                     [id=6864, stack(0x0000002ee9900000,0x0000002ee9a00000) (1024K)]
  0x0000021ecff27170 WorkerThread "GC Thread#1"                     [id=28596, stack(0x0000002eeb000000,0x0000002eeb100000) (1024K)]
  0x0000021ecff262f0 WorkerThread "GC Thread#2"                     [id=2548, stack(0x0000002eeb100000,0x0000002eeb200000) (1024K)]
  0x0000021ecff26a30 WorkerThread "GC Thread#3"                     [id=10608, stack(0x0000002eeb200000,0x0000002eeb300000) (1024K)]
  0x0000021ecff25f50 WorkerThread "GC Thread#4"                     [id=21280, stack(0x0000002eeb300000,0x0000002eeb400000) (1024K)]
  0x0000021ecff26dd0 WorkerThread "GC Thread#5"                     [id=11948, stack(0x0000002eeb400000,0x0000002eeb500000) (1024K)]
  0x0000021ed551eb90 WorkerThread "GC Thread#6"                     [id=9996, stack(0x0000002eeb500000,0x0000002eeb600000) (1024K)]
  0x0000021ed551dd10 WorkerThread "GC Thread#7"                     [id=14820, stack(0x0000002eeb600000,0x0000002eeb700000) (1024K)]
  0x0000021ed551b530 WorkerThread "GC Thread#8"                     [id=10348, stack(0x0000002eeb700000,0x0000002eeb800000) (1024K)]
  0x0000021ed551b8d0 WorkerThread "GC Thread#9"                     [id=21796, stack(0x0000002eeb800000,0x0000002eeb900000) (1024K)]
  0x0000021eba0e2140 ConcurrentGCThread "G1 Main Marker"            [id=27744, stack(0x0000002ee9a00000,0x0000002ee9b00000) (1024K)]
  0x0000021eba0e49a0 WorkerThread "G1 Conc#0"                       [id=27376, stack(0x0000002ee9b00000,0x0000002ee9c00000) (1024K)]
  0x0000021ed551b190 WorkerThread "G1 Conc#1"                       [id=6220, stack(0x0000002eecc00000,0x0000002eecd00000) (1024K)]
  0x0000021ed551c010 WorkerThread "G1 Conc#2"                       [id=23916, stack(0x0000002eecd00000,0x0000002eece00000) (1024K)]
  0x0000021ecfcc3aa0 ConcurrentGCThread "G1 Refine#0"               [id=26836, stack(0x0000002ee9c00000,0x0000002ee9d00000) (1024K)]
  0x0000021ecfcc52d0 ConcurrentGCThread "G1 Service"                [id=27476, stack(0x0000002ee9d00000,0x0000002ee9e00000) (1024K)]
Total: 18

Threads with active compile tasks:
C2 CompilerThread0  2727 3147       4       java.lang.invoke.MethodType::methodType (69 bytes)
C2 CompilerThread1  2727 3135       4       java.lang.invoke.MethodType::makeImpl (109 bytes)
Total: 2

VM state: not at safepoint (normal execution)

VM Mutex/Monitor currently owned by a thread: None

Heap address: 0x00000000e0000000, size: 512 MB, Compressed Oops mode: 32-bit

CDS archive(s) not mapped
Compressed class space mapped at: 0x0000000100000000-0x0000000140000000, reserved size: 1073741824
Narrow klass base: 0x0000000000000000, Narrow klass shift: 3, Narrow klass range: 0x140000000

GC Precious Log:
 CardTable entry size: 512
 Card Set container configuration: InlinePtr #cards 5 size 8 Array Of Cards #cards 12 size 40 Howl #buckets 4 coarsen threshold 1843 Howl Bitmap #cards 512 size 80 coarsen threshold 460 Card regions per heap region 1 cards per card region 2048
 CPUs: 12 total, 12 available
 Memory: 16022M
 Large Page Support: Disabled
 NUMA Support: Disabled
 Compressed Oops: Enabled (32-bit)
 Heap Region Size: 1M
 Heap Min Capacity: 8M
 Heap Initial Capacity: 252M
 Heap Max Capacity: 512M
 Pre-touch: Disabled
 Parallel Workers: 10
 Concurrent Workers: 3
 Concurrent Refinement Workers: 10
 Periodic GC: Disabled

Heap:
 garbage-first heap   total 301056K, used 182110K [0x00000000e0000000, 0x0000000100000000)
  region size 1024K, 97 young (99328K), 10 survivors (10240K)
 Metaspace       used 25330K, committed 25664K, reserved 1114112K
  class space    used 2875K, committed 3008K, reserved 1048576K

Heap Regions: E=young(eden), S=young(survivor), O=old, HS=humongous(starts), HC=humongous(continues), CS=collection set, F=free, TAMS=top-at-mark-start, PB=parsable bottom
|   0|0x00000000e0000000, 0x00000000e0100000, 0x00000000e0100000|100%| O|  |TAMS 0x00000000e0000000| PB 0x00000000e0000000| Untracked 
|   1|0x00000000e0100000, 0x00000000e0200000, 0x00000000e0200000|100%| O|  |TAMS 0x00000000e0100000| PB 0x00000000e0100000| Untracked 
|   2|0x00000000e0200000, 0x00000000e0300000, 0x00000000e0300000|100%| O|  |TAMS 0x00000000e0200000| PB 0x00000000e0200000| Untracked 
|   3|0x00000000e0300000, 0x00000000e0400000, 0x00000000e0400000|100%| O|  |TAMS 0x00000000e0300000| PB 0x00000000e0300000| Untracked 
|   4|0x00000000e0400000, 0x00000000e0500000, 0x00000000e0500000|100%| O|  |TAMS 0x00000000e0400000| PB 0x00000000e0400000| Untracked 
|   5|0x00000000e0500000, 0x00000000e0600000, 0x00000000e0600000|100%| O|  |TAMS 0x00000000e0500000| PB 0x00000000e0500000| Untracked 
|   6|0x00000000e0600000, 0x00000000e0700000, 0x00000000e0700000|100%| O|  |TAMS 0x00000000e0600000| PB 0x00000000e0600000| Untracked 
|   7|0x00000000e0700000, 0x00000000e0800000, 0x00000000e0800000|100%| O|  |TAMS 0x00000000e0700000| PB 0x00000000e0700000| Untracked 
|   8|0x00000000e0800000, 0x00000000e0900000, 0x00000000e0900000|100%| O|  |TAMS 0x00000000e0800000| PB 0x00000000e0800000| Untracked 
|   9|0x00000000e0900000, 0x00000000e0a00000, 0x00000000e0a00000|100%| O|  |TAMS 0x00000000e0900000| PB 0x00000000e0900000| Untracked 
|  10|0x00000000e0a00000, 0x00000000e0b00000, 0x00000000e0b00000|100%|HS|  |TAMS 0x00000000e0a00000| PB 0x00000000e0a00000| Complete 
|  11|0x00000000e0b00000, 0x00000000e0c00000, 0x00000000e0c00000|100%| O|  |TAMS 0x00000000e0b00000| PB 0x00000000e0b00000| Untracked 
|  12|0x00000000e0c00000, 0x00000000e0d00000, 0x00000000e0d00000|100%| O|  |TAMS 0x00000000e0c00000| PB 0x00000000e0c00000| Untracked 
|  13|0x00000000e0d00000, 0x00000000e0e00000, 0x00000000e0e00000|100%| O|  |TAMS 0x00000000e0d00000| PB 0x00000000e0d00000| Untracked 
|  14|0x00000000e0e00000, 0x00000000e0f00000, 0x00000000e0f00000|100%|HS|  |TAMS 0x00000000e0e00000| PB 0x00000000e0e00000| Complete 
|  15|0x00000000e0f00000, 0x00000000e0f00000, 0x00000000e1000000|  0%| F|  |TAMS 0x00000000e0f00000| PB 0x00000000e0f00000| Untracked 
|  16|0x00000000e1000000, 0x00000000e1100000, 0x00000000e1100000|100%| O|  |TAMS 0x00000000e1000000| PB 0x00000000e1000000| Untracked 
|  17|0x00000000e1100000, 0x00000000e1100000, 0x00000000e1200000|  0%| F|  |TAMS 0x00000000e1100000| PB 0x00000000e1100000| Untracked 
|  18|0x00000000e1200000, 0x00000000e1200000, 0x00000000e1300000|  0%| F|  |TAMS 0x00000000e1200000| PB 0x00000000e1200000| Untracked 
|  19|0x00000000e1300000, 0x00000000e1300000, 0x00000000e1400000|  0%| F|  |TAMS 0x00000000e1300000| PB 0x00000000e1300000| Untracked 
|  20|0x00000000e1400000, 0x00000000e1400000, 0x00000000e1500000|  0%| F|  |TAMS 0x00000000e1400000| PB 0x00000000e1400000| Untracked 
|  21|0x00000000e1500000, 0x00000000e1600000, 0x00000000e1600000|100%| O|  |TAMS 0x00000000e1500000| PB 0x00000000e1500000| Untracked 
|  22|0x00000000e1600000, 0x00000000e1600000, 0x00000000e1700000|  0%| F|  |TAMS 0x00000000e1600000| PB 0x00000000e1600000| Untracked 
|  23|0x00000000e1700000, 0x00000000e1700000, 0x00000000e1800000|  0%| F|  |TAMS 0x00000000e1700000| PB 0x00000000e1700000| Untracked 
|  24|0x00000000e1800000, 0x00000000e1800000, 0x00000000e1900000|  0%| F|  |TAMS 0x00000000e1800000| PB 0x00000000e1800000| Untracked 
|  25|0x00000000e1900000, 0x00000000e1900000, 0x00000000e1a00000|  0%| F|  |TAMS 0x00000000e1900000| PB 0x00000000e1900000| Untracked 
|  26|0x00000000e1a00000, 0x00000000e1a00000, 0x00000000e1b00000|  0%| F|  |TAMS 0x00000000e1a00000| PB 0x00000000e1a00000| Untracked 
|  27|0x00000000e1b00000, 0x00000000e1b00000, 0x00000000e1c00000|  0%| F|  |TAMS 0x00000000e1b00000| PB 0x00000000e1b00000| Untracked 
|  28|0x00000000e1c00000, 0x00000000e1d00000, 0x00000000e1d00000|100%| O|  |TAMS 0x00000000e1c00000| PB 0x00000000e1c00000| Untracked 
|  29|0x00000000e1d00000, 0x00000000e1e00000, 0x00000000e1e00000|100%| O|  |TAMS 0x00000000e1d00000| PB 0x00000000e1d00000| Untracked 
|  30|0x00000000e1e00000, 0x00000000e1e34350, 0x00000000e1f00000| 20%| O|  |TAMS 0x00000000e1e00000| PB 0x00000000e1e00000| Untracked 
|  31|0x00000000e1f00000, 0x00000000e1f00000, 0x00000000e2000000|  0%| F|  |TAMS 0x00000000e1f00000| PB 0x00000000e1f00000| Untracked 
|  32|0x00000000e2000000, 0x00000000e2000000, 0x00000000e2100000|  0%| F|  |TAMS 0x00000000e2000000| PB 0x00000000e2000000| Untracked 
|  33|0x00000000e2100000, 0x00000000e2100000, 0x00000000e2200000|  0%| F|  |TAMS 0x00000000e2100000| PB 0x00000000e2100000| Untracked 
|  34|0x00000000e2200000, 0x00000000e2200000, 0x00000000e2300000|  0%| F|  |TAMS 0x00000000e2200000| PB 0x00000000e2200000| Untracked 
|  35|0x00000000e2300000, 0x00000000e2300000, 0x00000000e2400000|  0%| F|  |TAMS 0x00000000e2300000| PB 0x00000000e2300000| Untracked 
|  36|0x00000000e2400000, 0x00000000e2400000, 0x00000000e2500000|  0%| F|  |TAMS 0x00000000e2400000| PB 0x00000000e2400000| Untracked 
|  37|0x00000000e2500000, 0x00000000e2500000, 0x00000000e2600000|  0%| F|  |TAMS 0x00000000e2500000| PB 0x00000000e2500000| Untracked 
|  38|0x00000000e2600000, 0x00000000e2600000, 0x00000000e2700000|  0%| F|  |TAMS 0x00000000e2600000| PB 0x00000000e2600000| Untracked 
|  39|0x00000000e2700000, 0x00000000e2700000, 0x00000000e2800000|  0%| F|  |TAMS 0x00000000e2700000| PB 0x00000000e2700000| Untracked 
|  40|0x00000000e2800000, 0x00000000e2800000, 0x00000000e2900000|  0%| F|  |TAMS 0x00000000e2800000| PB 0x00000000e2800000| Untracked 
|  41|0x00000000e2900000, 0x00000000e2900000, 0x00000000e2a00000|  0%| F|  |TAMS 0x00000000e2900000| PB 0x00000000e2900000| Untracked 
|  42|0x00000000e2a00000, 0x00000000e2a00000, 0x00000000e2b00000|  0%| F|  |TAMS 0x00000000e2a00000| PB 0x00000000e2a00000| Untracked 
|  43|0x00000000e2b00000, 0x00000000e2b00000, 0x00000000e2c00000|  0%| F|  |TAMS 0x00000000e2b00000| PB 0x00000000e2b00000| Untracked 
|  44|0x00000000e2c00000, 0x00000000e2c00000, 0x00000000e2d00000|  0%| F|  |TAMS 0x00000000e2c00000| PB 0x00000000e2c00000| Untracked 
|  45|0x00000000e2d00000, 0x00000000e2d00000, 0x00000000e2e00000|  0%| F|  |TAMS 0x00000000e2d00000| PB 0x00000000e2d00000| Untracked 
|  46|0x00000000e2e00000, 0x00000000e2e00000, 0x00000000e2f00000|  0%| F|  |TAMS 0x00000000e2e00000| PB 0x00000000e2e00000| Untracked 
|  47|0x00000000e2f00000, 0x00000000e2f00000, 0x00000000e3000000|  0%| F|  |TAMS 0x00000000e2f00000| PB 0x00000000e2f00000| Untracked 
|  48|0x00000000e3000000, 0x00000000e3000000, 0x00000000e3100000|  0%| F|  |TAMS 0x00000000e3000000| PB 0x00000000e3000000| Untracked 
|  49|0x00000000e3100000, 0x00000000e31a3800, 0x00000000e3200000| 63%| S|CS|TAMS 0x00000000e3100000| PB 0x00000000e3100000| Complete 
|  50|0x00000000e3200000, 0x00000000e3300000, 0x00000000e3300000|100%| S|CS|TAMS 0x00000000e3200000| PB 0x00000000e3200000| Complete 
|  51|0x00000000e3300000, 0x00000000e3400000, 0x00000000e3400000|100%| S|CS|TAMS 0x00000000e3300000| PB 0x00000000e3300000| Complete 
|  52|0x00000000e3400000, 0x00000000e3500000, 0x00000000e3500000|100%| S|CS|TAMS 0x00000000e3400000| PB 0x00000000e3400000| Complete 
|  53|0x00000000e3500000, 0x00000000e3500000, 0x00000000e3600000|  0%| F|  |TAMS 0x00000000e3500000| PB 0x00000000e3500000| Untracked 
|  54|0x00000000e3600000, 0x00000000e3600000, 0x00000000e3700000|  0%| F|  |TAMS 0x00000000e3600000| PB 0x00000000e3600000| Untracked 
|  55|0x00000000e3700000, 0x00000000e3700000, 0x00000000e3800000|  0%| F|  |TAMS 0x00000000e3700000| PB 0x00000000e3700000| Untracked 
|  56|0x00000000e3800000, 0x00000000e3900000, 0x00000000e3900000|100%| S|CS|TAMS 0x00000000e3800000| PB 0x00000000e3800000| Complete 
|  57|0x00000000e3900000, 0x00000000e3a00000, 0x00000000e3a00000|100%| S|CS|TAMS 0x00000000e3900000| PB 0x00000000e3900000| Complete 
|  58|0x00000000e3a00000, 0x00000000e3b00000, 0x00000000e3b00000|100%| S|CS|TAMS 0x00000000e3a00000| PB 0x00000000e3a00000| Complete 
|  59|0x00000000e3b00000, 0x00000000e3c00000, 0x00000000e3c00000|100%| S|CS|TAMS 0x00000000e3b00000| PB 0x00000000e3b00000| Complete 
|  60|0x00000000e3c00000, 0x00000000e3d00000, 0x00000000e3d00000|100%| S|CS|TAMS 0x00000000e3c00000| PB 0x00000000e3c00000| Complete 
|  61|0x00000000e3d00000, 0x00000000e3e00000, 0x00000000e3e00000|100%| S|CS|TAMS 0x00000000e3d00000| PB 0x00000000e3d00000| Complete 
|  62|0x00000000e3e00000, 0x00000000e3e00000, 0x00000000e3f00000|  0%| F|  |TAMS 0x00000000e3e00000| PB 0x00000000e3e00000| Untracked 
|  63|0x00000000e3f00000, 0x00000000e3f00000, 0x00000000e4000000|  0%| F|  |TAMS 0x00000000e3f00000| PB 0x00000000e3f00000| Untracked 
|  64|0x00000000e4000000, 0x00000000e4000000, 0x00000000e4100000|  0%| F|  |TAMS 0x00000000e4000000| PB 0x00000000e4000000| Untracked 
|  65|0x00000000e4100000, 0x00000000e4100000, 0x00000000e4200000|  0%| F|  |TAMS 0x00000000e4100000| PB 0x00000000e4100000| Untracked 
|  66|0x00000000e4200000, 0x00000000e4200000, 0x00000000e4300000|  0%| F|  |TAMS 0x00000000e4200000| PB 0x00000000e4200000| Untracked 
|  67|0x00000000e4300000, 0x00000000e4300000, 0x00000000e4400000|  0%| F|  |TAMS 0x00000000e4300000| PB 0x00000000e4300000| Untracked 
|  68|0x00000000e4400000, 0x00000000e4400000, 0x00000000e4500000|  0%| F|  |TAMS 0x00000000e4400000| PB 0x00000000e4400000| Untracked 
|  69|0x00000000e4500000, 0x00000000e4500000, 0x00000000e4600000|  0%| F|  |TAMS 0x00000000e4500000| PB 0x00000000e4500000| Untracked 
|  70|0x00000000e4600000, 0x00000000e4700000, 0x00000000e4700000|100%| O|  |TAMS 0x00000000e4600000| PB 0x00000000e4600000| Untracked 
|  71|0x00000000e4700000, 0x00000000e4800000, 0x00000000e4800000|100%| O|  |TAMS 0x00000000e4700000| PB 0x00000000e4700000| Untracked 
|  72|0x00000000e4800000, 0x00000000e4900000, 0x00000000e4900000|100%| O|  |TAMS 0x00000000e4800000| PB 0x00000000e4800000| Untracked 
|  73|0x00000000e4900000, 0x00000000e4a00000, 0x00000000e4a00000|100%| O|  |TAMS 0x00000000e4900000| PB 0x00000000e4900000| Untracked 
|  74|0x00000000e4a00000, 0x00000000e4b00000, 0x00000000e4b00000|100%| O|  |TAMS 0x00000000e4a00000| PB 0x00000000e4a00000| Untracked 
|  75|0x00000000e4b00000, 0x00000000e4b00000, 0x00000000e4c00000|  0%| F|  |TAMS 0x00000000e4b00000| PB 0x00000000e4b00000| Untracked 
|  76|0x00000000e4c00000, 0x00000000e4d00000, 0x00000000e4d00000|100%| O|  |TAMS 0x00000000e4c00000| PB 0x00000000e4c00000| Untracked 
|  77|0x00000000e4d00000, 0x00000000e4e00000, 0x00000000e4e00000|100%| O|  |TAMS 0x00000000e4d00000| PB 0x00000000e4d00000| Untracked 
|  78|0x00000000e4e00000, 0x00000000e4e00000, 0x00000000e4f00000|  0%| F|  |TAMS 0x00000000e4e00000| PB 0x00000000e4e00000| Untracked 
|  79|0x00000000e4f00000, 0x00000000e5000000, 0x00000000e5000000|100%| O|  |TAMS 0x00000000e4f00000| PB 0x00000000e4f00000| Untracked 
|  80|0x00000000e5000000, 0x00000000e5100000, 0x00000000e5100000|100%| O|  |TAMS 0x00000000e5000000| PB 0x00000000e5000000| Untracked 
|  81|0x00000000e5100000, 0x00000000e5200000, 0x00000000e5200000|100%| O|  |TAMS 0x00000000e5100000| PB 0x00000000e5100000| Untracked 
|  82|0x00000000e5200000, 0x00000000e5300000, 0x00000000e5300000|100%| O|  |TAMS 0x00000000e5200000| PB 0x00000000e5200000| Untracked 
|  83|0x00000000e5300000, 0x00000000e5400000, 0x00000000e5400000|100%| O|  |TAMS 0x00000000e5300000| PB 0x00000000e5300000| Untracked 
|  84|0x00000000e5400000, 0x00000000e5500000, 0x00000000e5500000|100%| O|  |TAMS 0x00000000e5400000| PB 0x00000000e5400000| Untracked 
|  85|0x00000000e5500000, 0x00000000e5600000, 0x00000000e5600000|100%| O|  |TAMS 0x00000000e5500000| PB 0x00000000e5500000| Untracked 
|  86|0x00000000e5600000, 0x00000000e5700000, 0x00000000e5700000|100%| O|  |TAMS 0x00000000e5600000| PB 0x00000000e5600000| Untracked 
|  87|0x00000000e5700000, 0x00000000e5800000, 0x00000000e5800000|100%| O|  |TAMS 0x00000000e5700000| PB 0x00000000e5700000| Untracked 
|  88|0x00000000e5800000, 0x00000000e5900000, 0x00000000e5900000|100%| O|  |TAMS 0x00000000e5800000| PB 0x00000000e5800000| Untracked 
|  89|0x00000000e5900000, 0x00000000e5a00000, 0x00000000e5a00000|100%| O|  |TAMS 0x00000000e5900000| PB 0x00000000e5900000| Untracked 
|  90|0x00000000e5a00000, 0x00000000e5b00000, 0x00000000e5b00000|100%| O|  |TAMS 0x00000000e5a00000| PB 0x00000000e5a00000| Untracked 
|  91|0x00000000e5b00000, 0x00000000e5c00000, 0x00000000e5c00000|100%| O|  |TAMS 0x00000000e5b00000| PB 0x00000000e5b00000| Untracked 
|  92|0x00000000e5c00000, 0x00000000e5d00000, 0x00000000e5d00000|100%| O|  |TAMS 0x00000000e5c00000| PB 0x00000000e5c00000| Untracked 
|  93|0x00000000e5d00000, 0x00000000e5e00000, 0x00000000e5e00000|100%| O|  |TAMS 0x00000000e5d00000| PB 0x00000000e5d00000| Untracked 
|  94|0x00000000e5e00000, 0x00000000e5f00000, 0x00000000e5f00000|100%| O|  |TAMS 0x00000000e5e00000| PB 0x00000000e5e00000| Untracked 
|  95|0x00000000e5f00000, 0x00000000e6000000, 0x00000000e6000000|100%| O|  |TAMS 0x00000000e5f00000| PB 0x00000000e5f00000| Untracked 
|  96|0x00000000e6000000, 0x00000000e6100000, 0x00000000e6100000|100%| O|  |TAMS 0x00000000e6000000| PB 0x00000000e6000000| Untracked 
|  97|0x00000000e6100000, 0x00000000e6200000, 0x00000000e6200000|100%| O|  |TAMS 0x00000000e6100000| PB 0x00000000e6100000| Untracked 
|  98|0x00000000e6200000, 0x00000000e6300000, 0x00000000e6300000|100%| O|  |TAMS 0x00000000e6200000| PB 0x00000000e6200000| Untracked 
|  99|0x00000000e6300000, 0x00000000e6400000, 0x00000000e6400000|100%| O|  |TAMS 0x00000000e6300000| PB 0x00000000e6300000| Untracked 
| 100|0x00000000e6400000, 0x00000000e6500000, 0x00000000e6500000|100%| O|  |TAMS 0x00000000e6400000| PB 0x00000000e6400000| Untracked 
| 101|0x00000000e6500000, 0x00000000e6500000, 0x00000000e6600000|  0%| F|  |TAMS 0x00000000e6500000| PB 0x00000000e6500000| Untracked 
| 102|0x00000000e6600000, 0x00000000e6700000, 0x00000000e6700000|100%| O|  |TAMS 0x00000000e6600000| PB 0x00000000e6600000| Untracked 
| 103|0x00000000e6700000, 0x00000000e6700000, 0x00000000e6800000|  0%| F|  |TAMS 0x00000000e6700000| PB 0x00000000e6700000| Untracked 
| 104|0x00000000e6800000, 0x00000000e6900000, 0x00000000e6900000|100%| O|  |TAMS 0x00000000e6800000| PB 0x00000000e6800000| Untracked 
| 105|0x00000000e6900000, 0x00000000e6900000, 0x00000000e6a00000|  0%| F|  |TAMS 0x00000000e6900000| PB 0x00000000e6900000| Untracked 
| 106|0x00000000e6a00000, 0x00000000e6a00000, 0x00000000e6b00000|  0%| F|  |TAMS 0x00000000e6a00000| PB 0x00000000e6a00000| Untracked 
| 107|0x00000000e6b00000, 0x00000000e6b00000, 0x00000000e6c00000|  0%| F|  |TAMS 0x00000000e6b00000| PB 0x00000000e6b00000| Untracked 
| 108|0x00000000e6c00000, 0x00000000e6d00000, 0x00000000e6d00000|100%| O|  |TAMS 0x00000000e6c00000| PB 0x00000000e6c00000| Untracked 
| 109|0x00000000e6d00000, 0x00000000e6d00000, 0x00000000e6e00000|  0%| F|  |TAMS 0x00000000e6d00000| PB 0x00000000e6d00000| Untracked 
| 110|0x00000000e6e00000, 0x00000000e6f00000, 0x00000000e6f00000|100%| O|  |TAMS 0x00000000e6e00000| PB 0x00000000e6e00000| Untracked 
| 111|0x00000000e6f00000, 0x00000000e6f00000, 0x00000000e7000000|  0%| F|  |TAMS 0x00000000e6f00000| PB 0x00000000e6f00000| Untracked 
| 112|0x00000000e7000000, 0x00000000e7100000, 0x00000000e7100000|100%| O|  |TAMS 0x00000000e7000000| PB 0x00000000e7000000| Untracked 
| 113|0x00000000e7100000, 0x00000000e7200000, 0x00000000e7200000|100%| O|  |TAMS 0x00000000e7100000| PB 0x00000000e7100000| Untracked 
| 114|0x00000000e7200000, 0x00000000e7300000, 0x00000000e7300000|100%| O|  |TAMS 0x00000000e7200000| PB 0x00000000e7200000| Untracked 
| 115|0x00000000e7300000, 0x00000000e7400000, 0x00000000e7400000|100%| O|  |TAMS 0x00000000e7300000| PB 0x00000000e7300000| Untracked 
| 116|0x00000000e7400000, 0x00000000e7500000, 0x00000000e7500000|100%| O|  |TAMS 0x00000000e7400000| PB 0x00000000e7400000| Untracked 
| 117|0x00000000e7500000, 0x00000000e7600000, 0x00000000e7600000|100%| O|  |TAMS 0x00000000e7500000| PB 0x00000000e7500000| Untracked 
| 118|0x00000000e7600000, 0x00000000e7700000, 0x00000000e7700000|100%| O|  |TAMS 0x00000000e7600000| PB 0x00000000e7600000| Untracked 
| 119|0x00000000e7700000, 0x00000000e7800000, 0x00000000e7800000|100%| O|  |TAMS 0x00000000e7700000| PB 0x00000000e7700000| Untracked 
| 120|0x00000000e7800000, 0x00000000e7900000, 0x00000000e7900000|100%| O|  |TAMS 0x00000000e7800000| PB 0x00000000e7800000| Untracked 
| 121|0x00000000e7900000, 0x00000000e7a00000, 0x00000000e7a00000|100%| O|  |TAMS 0x00000000e7900000| PB 0x00000000e7900000| Untracked 
| 122|0x00000000e7a00000, 0x00000000e7b00000, 0x00000000e7b00000|100%| O|  |TAMS 0x00000000e7a00000| PB 0x00000000e7a00000| Untracked 
| 123|0x00000000e7b00000, 0x00000000e7c00000, 0x00000000e7c00000|100%| O|  |TAMS 0x00000000e7b00000| PB 0x00000000e7b00000| Untracked 
| 124|0x00000000e7c00000, 0x00000000e7d00000, 0x00000000e7d00000|100%| O|  |TAMS 0x00000000e7c00000| PB 0x00000000e7c00000| Untracked 
| 125|0x00000000e7d00000, 0x00000000e7e00000, 0x00000000e7e00000|100%| O|  |TAMS 0x00000000e7d00000| PB 0x00000000e7d00000| Untracked 
| 126|0x00000000e7e00000, 0x00000000e7f00000, 0x00000000e7f00000|100%| O|  |TAMS 0x00000000e7e00000| PB 0x00000000e7e00000| Untracked 
| 127|0x00000000e7f00000, 0x00000000e8000000, 0x00000000e8000000|100%| O|  |TAMS 0x00000000e7f00000| PB 0x00000000e7f00000| Untracked 
| 128|0x00000000e8000000, 0x00000000e8100000, 0x00000000e8100000|100%| O|  |TAMS 0x00000000e8000000| PB 0x00000000e8000000| Untracked 
| 129|0x00000000e8100000, 0x00000000e8200000, 0x00000000e8200000|100%| O|  |TAMS 0x00000000e8100000| PB 0x00000000e8100000| Untracked 
| 130|0x00000000e8200000, 0x00000000e8300000, 0x00000000e8300000|100%| O|  |TAMS 0x00000000e8200000| PB 0x00000000e8200000| Untracked 
| 131|0x00000000e8300000, 0x00000000e8400000, 0x00000000e8400000|100%| O|  |TAMS 0x00000000e8300000| PB 0x00000000e8300000| Untracked 
| 132|0x00000000e8400000, 0x00000000e8500000, 0x00000000e8500000|100%| O|  |TAMS 0x00000000e8400000| PB 0x00000000e8400000| Untracked 
| 133|0x00000000e8500000, 0x00000000e8600000, 0x00000000e8600000|100%| O|  |TAMS 0x00000000e8500000| PB 0x00000000e8500000| Untracked 
| 134|0x00000000e8600000, 0x00000000e8700000, 0x00000000e8700000|100%| O|  |TAMS 0x00000000e8600000| PB 0x00000000e8600000| Untracked 
| 135|0x00000000e8700000, 0x00000000e8800000, 0x00000000e8800000|100%| O|  |TAMS 0x00000000e8700000| PB 0x00000000e8700000| Untracked 
| 136|0x00000000e8800000, 0x00000000e8900000, 0x00000000e8900000|100%| O|  |TAMS 0x00000000e8800000| PB 0x00000000e8800000| Untracked 
| 137|0x00000000e8900000, 0x00000000e8a00000, 0x00000000e8a00000|100%| O|  |TAMS 0x00000000e8900000| PB 0x00000000e8900000| Untracked 
| 138|0x00000000e8a00000, 0x00000000e8b00000, 0x00000000e8b00000|100%| O|  |TAMS 0x00000000e8a00000| PB 0x00000000e8a00000| Untracked 
| 139|0x00000000e8b00000, 0x00000000e8c00000, 0x00000000e8c00000|100%| O|  |TAMS 0x00000000e8b00000| PB 0x00000000e8b00000| Untracked 
| 140|0x00000000e8c00000, 0x00000000e8d00000, 0x00000000e8d00000|100%| O|  |TAMS 0x00000000e8c00000| PB 0x00000000e8c00000| Untracked 
| 141|0x00000000e8d00000, 0x00000000e8e00000, 0x00000000e8e00000|100%| O|  |TAMS 0x00000000e8d00000| PB 0x00000000e8d00000| Untracked 
| 142|0x00000000e8e00000, 0x00000000e8f00000, 0x00000000e8f00000|100%| O|  |TAMS 0x00000000e8e00000| PB 0x00000000e8e00000| Untracked 
| 143|0x00000000e8f00000, 0x00000000e8f00000, 0x00000000e9000000|  0%| F|  |TAMS 0x00000000e8f00000| PB 0x00000000e8f00000| Untracked 
| 144|0x00000000e9000000, 0x00000000e9000000, 0x00000000e9100000|  0%| F|  |TAMS 0x00000000e9000000| PB 0x00000000e9000000| Untracked 
| 145|0x00000000e9100000, 0x00000000e9100000, 0x00000000e9200000|  0%| F|  |TAMS 0x00000000e9100000| PB 0x00000000e9100000| Untracked 
| 146|0x00000000e9200000, 0x00000000e9200000, 0x00000000e9300000|  0%| F|  |TAMS 0x00000000e9200000| PB 0x00000000e9200000| Untracked 
| 147|0x00000000e9300000, 0x00000000e9300000, 0x00000000e9400000|  0%| F|  |TAMS 0x00000000e9300000| PB 0x00000000e9300000| Untracked 
| 148|0x00000000e9400000, 0x00000000e9400000, 0x00000000e9500000|  0%| F|  |TAMS 0x00000000e9400000| PB 0x00000000e9400000| Untracked 
| 149|0x00000000e9500000, 0x00000000e9500000, 0x00000000e9600000|  0%| F|  |TAMS 0x00000000e9500000| PB 0x00000000e9500000| Untracked 
| 150|0x00000000e9600000, 0x00000000e9600000, 0x00000000e9700000|  0%| F|  |TAMS 0x00000000e9600000| PB 0x00000000e9600000| Untracked 
| 151|0x00000000e9700000, 0x00000000e9700000, 0x00000000e9800000|  0%| F|  |TAMS 0x00000000e9700000| PB 0x00000000e9700000| Untracked 
| 152|0x00000000e9800000, 0x00000000e9800000, 0x00000000e9900000|  0%| F|  |TAMS 0x00000000e9800000| PB 0x00000000e9800000| Untracked 
| 153|0x00000000e9900000, 0x00000000e9900000, 0x00000000e9a00000|  0%| F|  |TAMS 0x00000000e9900000| PB 0x00000000e9900000| Untracked 
| 154|0x00000000e9a00000, 0x00000000e9a00000, 0x00000000e9b00000|  0%| F|  |TAMS 0x00000000e9a00000| PB 0x00000000e9a00000| Untracked 
| 155|0x00000000e9b00000, 0x00000000e9b00000, 0x00000000e9c00000|  0%| F|  |TAMS 0x00000000e9b00000| PB 0x00000000e9b00000| Untracked 
| 156|0x00000000e9c00000, 0x00000000e9c00000, 0x00000000e9d00000|  0%| F|  |TAMS 0x00000000e9c00000| PB 0x00000000e9c00000| Untracked 
| 157|0x00000000e9d00000, 0x00000000e9d00000, 0x00000000e9e00000|  0%| F|  |TAMS 0x00000000e9d00000| PB 0x00000000e9d00000| Untracked 
| 158|0x00000000e9e00000, 0x00000000e9e00000, 0x00000000e9f00000|  0%| F|  |TAMS 0x00000000e9e00000| PB 0x00000000e9e00000| Untracked 
| 159|0x00000000e9f00000, 0x00000000e9f00000, 0x00000000ea000000|  0%| F|  |TAMS 0x00000000e9f00000| PB 0x00000000e9f00000| Untracked 
| 160|0x00000000ea000000, 0x00000000ea000000, 0x00000000ea100000|  0%| F|  |TAMS 0x00000000ea000000| PB 0x00000000ea000000| Untracked 
| 161|0x00000000ea100000, 0x00000000ea100000, 0x00000000ea200000|  0%| F|  |TAMS 0x00000000ea100000| PB 0x00000000ea100000| Untracked 
| 162|0x00000000ea200000, 0x00000000ea200000, 0x00000000ea300000|  0%| F|  |TAMS 0x00000000ea200000| PB 0x00000000ea200000| Untracked 
| 163|0x00000000ea300000, 0x00000000ea300000, 0x00000000ea400000|  0%| F|  |TAMS 0x00000000ea300000| PB 0x00000000ea300000| Untracked 
| 164|0x00000000ea400000, 0x00000000ea400000, 0x00000000ea500000|  0%| F|  |TAMS 0x00000000ea400000| PB 0x00000000ea400000| Untracked 
| 165|0x00000000ea500000, 0x00000000ea500000, 0x00000000ea600000|  0%| F|  |TAMS 0x00000000ea500000| PB 0x00000000ea500000| Untracked 
| 166|0x00000000ea600000, 0x00000000ea600000, 0x00000000ea700000|  0%| F|  |TAMS 0x00000000ea600000| PB 0x00000000ea600000| Untracked 
| 167|0x00000000ea700000, 0x00000000ea700000, 0x00000000ea800000|  0%| F|  |TAMS 0x00000000ea700000| PB 0x00000000ea700000| Untracked 
| 168|0x00000000ea800000, 0x00000000ea800000, 0x00000000ea900000|  0%| F|  |TAMS 0x00000000ea800000| PB 0x00000000ea800000| Untracked 
| 169|0x00000000ea900000, 0x00000000ea900000, 0x00000000eaa00000|  0%| F|  |TAMS 0x00000000ea900000| PB 0x00000000ea900000| Untracked 
| 170|0x00000000eaa00000, 0x00000000eaa00000, 0x00000000eab00000|  0%| F|  |TAMS 0x00000000eaa00000| PB 0x00000000eaa00000| Untracked 
| 171|0x00000000eab00000, 0x00000000eab00000, 0x00000000eac00000|  0%| F|  |TAMS 0x00000000eab00000| PB 0x00000000eab00000| Untracked 
| 172|0x00000000eac00000, 0x00000000eac00000, 0x00000000ead00000|  0%| F|  |TAMS 0x00000000eac00000| PB 0x00000000eac00000| Untracked 
| 173|0x00000000ead00000, 0x00000000ead00000, 0x00000000eae00000|  0%| F|  |TAMS 0x00000000ead00000| PB 0x00000000ead00000| Untracked 
| 174|0x00000000eae00000, 0x00000000eae00000, 0x00000000eaf00000|  0%| F|  |TAMS 0x00000000eae00000| PB 0x00000000eae00000| Untracked 
| 175|0x00000000eaf00000, 0x00000000eaf00000, 0x00000000eb000000|  0%| F|  |TAMS 0x00000000eaf00000| PB 0x00000000eaf00000| Untracked 
| 176|0x00000000eb000000, 0x00000000eb000000, 0x00000000eb100000|  0%| F|  |TAMS 0x00000000eb000000| PB 0x00000000eb000000| Untracked 
| 177|0x00000000eb100000, 0x00000000eb100000, 0x00000000eb200000|  0%| F|  |TAMS 0x00000000eb100000| PB 0x00000000eb100000| Untracked 
| 178|0x00000000eb200000, 0x00000000eb200000, 0x00000000eb300000|  0%| F|  |TAMS 0x00000000eb200000| PB 0x00000000eb200000| Untracked 
| 179|0x00000000eb300000, 0x00000000eb300000, 0x00000000eb400000|  0%| F|  |TAMS 0x00000000eb300000| PB 0x00000000eb300000| Untracked 
| 180|0x00000000eb400000, 0x00000000eb400000, 0x00000000eb500000|  0%| F|  |TAMS 0x00000000eb400000| PB 0x00000000eb400000| Untracked 
| 181|0x00000000eb500000, 0x00000000eb500000, 0x00000000eb600000|  0%| F|  |TAMS 0x00000000eb500000| PB 0x00000000eb500000| Untracked 
| 182|0x00000000eb600000, 0x00000000eb600000, 0x00000000eb700000|  0%| F|  |TAMS 0x00000000eb600000| PB 0x00000000eb600000| Untracked 
| 183|0x00000000eb700000, 0x00000000eb700000, 0x00000000eb800000|  0%| F|  |TAMS 0x00000000eb700000| PB 0x00000000eb700000| Untracked 
| 184|0x00000000eb800000, 0x00000000eb800000, 0x00000000eb900000|  0%| F|  |TAMS 0x00000000eb800000| PB 0x00000000eb800000| Untracked 
| 185|0x00000000eb900000, 0x00000000eb900000, 0x00000000eba00000|  0%| F|  |TAMS 0x00000000eb900000| PB 0x00000000eb900000| Untracked 
| 186|0x00000000eba00000, 0x00000000eba00000, 0x00000000ebb00000|  0%| F|  |TAMS 0x00000000eba00000| PB 0x00000000eba00000| Untracked 
| 187|0x00000000ebb00000, 0x00000000ebb00000, 0x00000000ebc00000|  0%| F|  |TAMS 0x00000000ebb00000| PB 0x00000000ebb00000| Untracked 
| 188|0x00000000ebc00000, 0x00000000ebc00000, 0x00000000ebd00000|  0%| F|  |TAMS 0x00000000ebc00000| PB 0x00000000ebc00000| Untracked 
| 189|0x00000000ebd00000, 0x00000000ebd00000, 0x00000000ebe00000|  0%| F|  |TAMS 0x00000000ebd00000| PB 0x00000000ebd00000| Untracked 
| 190|0x00000000ebe00000, 0x00000000ebe00000, 0x00000000ebf00000|  0%| F|  |TAMS 0x00000000ebe00000| PB 0x00000000ebe00000| Untracked 
| 191|0x00000000ebf00000, 0x00000000ebf00000, 0x00000000ec000000|  0%| F|  |TAMS 0x00000000ebf00000| PB 0x00000000ebf00000| Untracked 
| 192|0x00000000ec000000, 0x00000000ec000000, 0x00000000ec100000|  0%| F|  |TAMS 0x00000000ec000000| PB 0x00000000ec000000| Untracked 
| 193|0x00000000ec100000, 0x00000000ec100000, 0x00000000ec200000|  0%| F|  |TAMS 0x00000000ec100000| PB 0x00000000ec100000| Untracked 
| 194|0x00000000ec200000, 0x00000000ec200000, 0x00000000ec300000|  0%| F|  |TAMS 0x00000000ec200000| PB 0x00000000ec200000| Untracked 
| 195|0x00000000ec300000, 0x00000000ec300000, 0x00000000ec400000|  0%| F|  |TAMS 0x00000000ec300000| PB 0x00000000ec300000| Untracked 
| 196|0x00000000ec400000, 0x00000000ec400000, 0x00000000ec500000|  0%| F|  |TAMS 0x00000000ec400000| PB 0x00000000ec400000| Untracked 
| 197|0x00000000ec500000, 0x00000000ec500000, 0x00000000ec600000|  0%| F|  |TAMS 0x00000000ec500000| PB 0x00000000ec500000| Untracked 
| 198|0x00000000ec600000, 0x00000000ec600000, 0x00000000ec700000|  0%| F|  |TAMS 0x00000000ec600000| PB 0x00000000ec600000| Untracked 
| 199|0x00000000ec700000, 0x00000000ec700000, 0x00000000ec800000|  0%| F|  |TAMS 0x00000000ec700000| PB 0x00000000ec700000| Untracked 
| 200|0x00000000ec800000, 0x00000000ec800000, 0x00000000ec900000|  0%| F|  |TAMS 0x00000000ec800000| PB 0x00000000ec800000| Untracked 
| 201|0x00000000ec900000, 0x00000000ec900000, 0x00000000eca00000|  0%| F|  |TAMS 0x00000000ec900000| PB 0x00000000ec900000| Untracked 
| 202|0x00000000eca00000, 0x00000000eca00000, 0x00000000ecb00000|  0%| F|  |TAMS 0x00000000eca00000| PB 0x00000000eca00000| Untracked 
| 203|0x00000000ecb00000, 0x00000000ecb00000, 0x00000000ecc00000|  0%| F|  |TAMS 0x00000000ecb00000| PB 0x00000000ecb00000| Untracked 
| 204|0x00000000ecc00000, 0x00000000ecc00000, 0x00000000ecd00000|  0%| F|  |TAMS 0x00000000ecc00000| PB 0x00000000ecc00000| Untracked 
| 205|0x00000000ecd00000, 0x00000000ecd00000, 0x00000000ece00000|  0%| F|  |TAMS 0x00000000ecd00000| PB 0x00000000ecd00000| Untracked 
| 206|0x00000000ece00000, 0x00000000ece80000, 0x00000000ecf00000| 50%| E|  |TAMS 0x00000000ece00000| PB 0x00000000ece00000| Complete 
| 207|0x00000000ecf00000, 0x00000000ed000000, 0x00000000ed000000|100%| E|CS|TAMS 0x00000000ecf00000| PB 0x00000000ecf00000| Complete 
| 208|0x00000000ed000000, 0x00000000ed100000, 0x00000000ed100000|100%| E|CS|TAMS 0x00000000ed000000| PB 0x00000000ed000000| Complete 
| 209|0x00000000ed100000, 0x00000000ed200000, 0x00000000ed200000|100%| E|CS|TAMS 0x00000000ed100000| PB 0x00000000ed100000| Complete 
| 210|0x00000000ed200000, 0x00000000ed300000, 0x00000000ed300000|100%| E|CS|TAMS 0x00000000ed200000| PB 0x00000000ed200000| Complete 
| 211|0x00000000ed300000, 0x00000000ed400000, 0x00000000ed400000|100%| E|CS|TAMS 0x00000000ed300000| PB 0x00000000ed300000| Complete 
| 212|0x00000000ed400000, 0x00000000ed500000, 0x00000000ed500000|100%| E|CS|TAMS 0x00000000ed400000| PB 0x00000000ed400000| Complete 
| 213|0x00000000ed500000, 0x00000000ed600000, 0x00000000ed600000|100%| E|CS|TAMS 0x00000000ed500000| PB 0x00000000ed500000| Complete 
| 214|0x00000000ed600000, 0x00000000ed700000, 0x00000000ed700000|100%| E|CS|TAMS 0x00000000ed600000| PB 0x00000000ed600000| Complete 
| 215|0x00000000ed700000, 0x00000000ed800000, 0x00000000ed800000|100%| E|CS|TAMS 0x00000000ed700000| PB 0x00000000ed700000| Complete 
| 216|0x00000000ed800000, 0x00000000ed900000, 0x00000000ed900000|100%| E|CS|TAMS 0x00000000ed800000| PB 0x00000000ed800000| Complete 
| 217|0x00000000ed900000, 0x00000000eda00000, 0x00000000eda00000|100%| E|CS|TAMS 0x00000000ed900000| PB 0x00000000ed900000| Complete 
| 218|0x00000000eda00000, 0x00000000edb00000, 0x00000000edb00000|100%| E|CS|TAMS 0x00000000eda00000| PB 0x00000000eda00000| Complete 
| 219|0x00000000edb00000, 0x00000000edc00000, 0x00000000edc00000|100%| E|CS|TAMS 0x00000000edb00000| PB 0x00000000edb00000| Complete 
| 220|0x00000000edc00000, 0x00000000edd00000, 0x00000000edd00000|100%| E|CS|TAMS 0x00000000edc00000| PB 0x00000000edc00000| Complete 
| 221|0x00000000edd00000, 0x00000000ede00000, 0x00000000ede00000|100%| E|CS|TAMS 0x00000000edd00000| PB 0x00000000edd00000| Complete 
| 222|0x00000000ede00000, 0x00000000edf00000, 0x00000000edf00000|100%| E|CS|TAMS 0x00000000ede00000| PB 0x00000000ede00000| Complete 
| 223|0x00000000edf00000, 0x00000000ee000000, 0x00000000ee000000|100%| E|CS|TAMS 0x00000000edf00000| PB 0x00000000edf00000| Complete 
| 224|0x00000000ee000000, 0x00000000ee100000, 0x00000000ee100000|100%| E|CS|TAMS 0x00000000ee000000| PB 0x00000000ee000000| Complete 
| 225|0x00000000ee100000, 0x00000000ee200000, 0x00000000ee200000|100%| E|CS|TAMS 0x00000000ee100000| PB 0x00000000ee100000| Complete 
| 226|0x00000000ee200000, 0x00000000ee300000, 0x00000000ee300000|100%| E|CS|TAMS 0x00000000ee200000| PB 0x00000000ee200000| Complete 
| 227|0x00000000ee300000, 0x00000000ee400000, 0x00000000ee400000|100%| E|CS|TAMS 0x00000000ee300000| PB 0x00000000ee300000| Complete 
| 228|0x00000000ee400000, 0x00000000ee500000, 0x00000000ee500000|100%| E|  |TAMS 0x00000000ee400000| PB 0x00000000ee400000| Complete 
| 229|0x00000000ee500000, 0x00000000ee600000, 0x00000000ee600000|100%| E|CS|TAMS 0x00000000ee500000| PB 0x00000000ee500000| Complete 
| 230|0x00000000ee600000, 0x00000000ee700000, 0x00000000ee700000|100%| E|CS|TAMS 0x00000000ee600000| PB 0x00000000ee600000| Complete 
| 231|0x00000000ee700000, 0x00000000ee800000, 0x00000000ee800000|100%| E|CS|TAMS 0x00000000ee700000| PB 0x00000000ee700000| Complete 
| 232|0x00000000ee800000, 0x00000000ee900000, 0x00000000ee900000|100%| E|CS|TAMS 0x00000000ee800000| PB 0x00000000ee800000| Complete 
| 233|0x00000000ee900000, 0x00000000eea00000, 0x00000000eea00000|100%| E|CS|TAMS 0x00000000ee900000| PB 0x00000000ee900000| Complete 
| 234|0x00000000eea00000, 0x00000000eeb00000, 0x00000000eeb00000|100%| E|CS|TAMS 0x00000000eea00000| PB 0x00000000eea00000| Complete 
| 235|0x00000000eeb00000, 0x00000000eec00000, 0x00000000eec00000|100%| E|CS|TAMS 0x00000000eeb00000| PB 0x00000000eeb00000| Complete 
| 236|0x00000000eec00000, 0x00000000eed00000, 0x00000000eed00000|100%| E|CS|TAMS 0x00000000eec00000| PB 0x00000000eec00000| Complete 
| 237|0x00000000eed00000, 0x00000000eee00000, 0x00000000eee00000|100%| E|CS|TAMS 0x00000000eed00000| PB 0x00000000eed00000| Complete 
| 238|0x00000000eee00000, 0x00000000eef00000, 0x00000000eef00000|100%| E|CS|TAMS 0x00000000eee00000| PB 0x00000000eee00000| Complete 
| 239|0x00000000eef00000, 0x00000000ef000000, 0x00000000ef000000|100%| E|CS|TAMS 0x00000000eef00000| PB 0x00000000eef00000| Complete 
| 240|0x00000000ef000000, 0x00000000ef100000, 0x00000000ef100000|100%| E|CS|TAMS 0x00000000ef000000| PB 0x00000000ef000000| Complete 
| 241|0x00000000ef100000, 0x00000000ef200000, 0x00000000ef200000|100%| E|CS|TAMS 0x00000000ef100000| PB 0x00000000ef100000| Complete 
| 242|0x00000000ef200000, 0x00000000ef300000, 0x00000000ef300000|100%| E|CS|TAMS 0x00000000ef200000| PB 0x00000000ef200000| Complete 
| 243|0x00000000ef300000, 0x00000000ef400000, 0x00000000ef400000|100%| E|CS|TAMS 0x00000000ef300000| PB 0x00000000ef300000| Complete 
| 244|0x00000000ef400000, 0x00000000ef500000, 0x00000000ef500000|100%| E|CS|TAMS 0x00000000ef400000| PB 0x00000000ef400000| Complete 
| 245|0x00000000ef500000, 0x00000000ef600000, 0x00000000ef600000|100%| E|CS|TAMS 0x00000000ef500000| PB 0x00000000ef500000| Complete 
| 246|0x00000000ef600000, 0x00000000ef700000, 0x00000000ef700000|100%| E|CS|TAMS 0x00000000ef600000| PB 0x00000000ef600000| Complete 
| 247|0x00000000ef700000, 0x00000000ef800000, 0x00000000ef800000|100%| E|CS|TAMS 0x00000000ef700000| PB 0x00000000ef700000| Complete 
| 248|0x00000000ef800000, 0x00000000ef900000, 0x00000000ef900000|100%| E|CS|TAMS 0x00000000ef800000| PB 0x00000000ef800000| Complete 
| 249|0x00000000ef900000, 0x00000000efa00000, 0x00000000efa00000|100%| E|CS|TAMS 0x00000000ef900000| PB 0x00000000ef900000| Complete 
| 250|0x00000000efa00000, 0x00000000efb00000, 0x00000000efb00000|100%| E|CS|TAMS 0x00000000efa00000| PB 0x00000000efa00000| Complete 
| 251|0x00000000efb00000, 0x00000000efc00000, 0x00000000efc00000|100%| E|CS|TAMS 0x00000000efb00000| PB 0x00000000efb00000| Complete 
| 252|0x00000000efc00000, 0x00000000efd00000, 0x00000000efd00000|100%| E|CS|TAMS 0x00000000efc00000| PB 0x00000000efc00000| Complete 
| 253|0x00000000efd00000, 0x00000000efe00000, 0x00000000efe00000|100%| E|CS|TAMS 0x00000000efd00000| PB 0x00000000efd00000| Complete 
| 254|0x00000000efe00000, 0x00000000eff00000, 0x00000000eff00000|100%| E|CS|TAMS 0x00000000efe00000| PB 0x00000000efe00000| Complete 
| 255|0x00000000eff00000, 0x00000000f0000000, 0x00000000f0000000|100%| E|CS|TAMS 0x00000000eff00000| PB 0x00000000eff00000| Complete 
| 256|0x00000000f0000000, 0x00000000f0100000, 0x00000000f0100000|100%| E|CS|TAMS 0x00000000f0000000| PB 0x00000000f0000000| Complete 
| 257|0x00000000f0100000, 0x00000000f0200000, 0x00000000f0200000|100%| E|CS|TAMS 0x00000000f0100000| PB 0x00000000f0100000| Complete 
| 258|0x00000000f0200000, 0x00000000f0300000, 0x00000000f0300000|100%| E|CS|TAMS 0x00000000f0200000| PB 0x00000000f0200000| Complete 
| 259|0x00000000f0300000, 0x00000000f0400000, 0x00000000f0400000|100%| E|CS|TAMS 0x00000000f0300000| PB 0x00000000f0300000| Complete 
| 260|0x00000000f0400000, 0x00000000f0500000, 0x00000000f0500000|100%| E|CS|TAMS 0x00000000f0400000| PB 0x00000000f0400000| Complete 
| 261|0x00000000f0500000, 0x00000000f0600000, 0x00000000f0600000|100%| E|CS|TAMS 0x00000000f0500000| PB 0x00000000f0500000| Complete 
| 262|0x00000000f0600000, 0x00000000f0700000, 0x00000000f0700000|100%| E|CS|TAMS 0x00000000f0600000| PB 0x00000000f0600000| Complete 
| 263|0x00000000f0700000, 0x00000000f0800000, 0x00000000f0800000|100%| E|CS|TAMS 0x00000000f0700000| PB 0x00000000f0700000| Complete 
| 264|0x00000000f0800000, 0x00000000f0900000, 0x00000000f0900000|100%| E|CS|TAMS 0x00000000f0800000| PB 0x00000000f0800000| Complete 
| 265|0x00000000f0900000, 0x00000000f0a00000, 0x00000000f0a00000|100%| E|CS|TAMS 0x00000000f0900000| PB 0x00000000f0900000| Complete 
| 266|0x00000000f0a00000, 0x00000000f0b00000, 0x00000000f0b00000|100%| E|CS|TAMS 0x00000000f0a00000| PB 0x00000000f0a00000| Complete 
| 267|0x00000000f0b00000, 0x00000000f0c00000, 0x00000000f0c00000|100%| E|CS|TAMS 0x00000000f0b00000| PB 0x00000000f0b00000| Complete 
| 268|0x00000000f0c00000, 0x00000000f0d00000, 0x00000000f0d00000|100%| E|CS|TAMS 0x00000000f0c00000| PB 0x00000000f0c00000| Complete 
| 269|0x00000000f0d00000, 0x00000000f0e00000, 0x00000000f0e00000|100%| E|CS|TAMS 0x00000000f0d00000| PB 0x00000000f0d00000| Complete 
| 270|0x00000000f0e00000, 0x00000000f0f00000, 0x00000000f0f00000|100%| E|CS|TAMS 0x00000000f0e00000| PB 0x00000000f0e00000| Complete 
| 271|0x00000000f0f00000, 0x00000000f1000000, 0x00000000f1000000|100%| E|CS|TAMS 0x00000000f0f00000| PB 0x00000000f0f00000| Complete 
| 272|0x00000000f1000000, 0x00000000f1100000, 0x00000000f1100000|100%| E|CS|TAMS 0x00000000f1000000| PB 0x00000000f1000000| Complete 
| 273|0x00000000f1100000, 0x00000000f1200000, 0x00000000f1200000|100%| E|CS|TAMS 0x00000000f1100000| PB 0x00000000f1100000| Complete 
| 274|0x00000000f1200000, 0x00000000f1300000, 0x00000000f1300000|100%| E|CS|TAMS 0x00000000f1200000| PB 0x00000000f1200000| Complete 
| 275|0x00000000f1300000, 0x00000000f1400000, 0x00000000f1400000|100%| E|CS|TAMS 0x00000000f1300000| PB 0x00000000f1300000| Complete 
| 276|0x00000000f1400000, 0x00000000f1500000, 0x00000000f1500000|100%| E|CS|TAMS 0x00000000f1400000| PB 0x00000000f1400000| Complete 
| 277|0x00000000f1500000, 0x00000000f1600000, 0x00000000f1600000|100%| E|CS|TAMS 0x00000000f1500000| PB 0x00000000f1500000| Complete 
| 278|0x00000000f1600000, 0x00000000f1700000, 0x00000000f1700000|100%| E|CS|TAMS 0x00000000f1600000| PB 0x00000000f1600000| Complete 
| 279|0x00000000f1700000, 0x00000000f1800000, 0x00000000f1800000|100%| E|CS|TAMS 0x00000000f1700000| PB 0x00000000f1700000| Complete 
| 280|0x00000000f1800000, 0x00000000f1900000, 0x00000000f1900000|100%| E|CS|TAMS 0x00000000f1800000| PB 0x00000000f1800000| Complete 
| 281|0x00000000f1900000, 0x00000000f1a00000, 0x00000000f1a00000|100%| E|CS|TAMS 0x00000000f1900000| PB 0x00000000f1900000| Complete 
| 282|0x00000000f1a00000, 0x00000000f1b00000, 0x00000000f1b00000|100%| E|CS|TAMS 0x00000000f1a00000| PB 0x00000000f1a00000| Complete 
| 283|0x00000000f1b00000, 0x00000000f1c00000, 0x00000000f1c00000|100%| E|CS|TAMS 0x00000000f1b00000| PB 0x00000000f1b00000| Complete 
| 284|0x00000000f1c00000, 0x00000000f1d00000, 0x00000000f1d00000|100%| E|CS|TAMS 0x00000000f1c00000| PB 0x00000000f1c00000| Complete 
| 285|0x00000000f1d00000, 0x00000000f1e00000, 0x00000000f1e00000|100%| E|CS|TAMS 0x00000000f1d00000| PB 0x00000000f1d00000| Complete 
| 286|0x00000000f1e00000, 0x00000000f1f00000, 0x00000000f1f00000|100%| E|CS|TAMS 0x00000000f1e00000| PB 0x00000000f1e00000| Complete 
| 287|0x00000000f1f00000, 0x00000000f2000000, 0x00000000f2000000|100%| E|CS|TAMS 0x00000000f1f00000| PB 0x00000000f1f00000| Complete 
| 288|0x00000000f2000000, 0x00000000f2100000, 0x00000000f2100000|100%| E|CS|TAMS 0x00000000f2000000| PB 0x00000000f2000000| Complete 
| 289|0x00000000f2100000, 0x00000000f2200000, 0x00000000f2200000|100%| E|CS|TAMS 0x00000000f2100000| PB 0x00000000f2100000| Complete 
| 290|0x00000000f2200000, 0x00000000f2300000, 0x00000000f2300000|100%| E|CS|TAMS 0x00000000f2200000| PB 0x00000000f2200000| Complete 
| 291|0x00000000f2300000, 0x00000000f2400000, 0x00000000f2400000|100%| E|CS|TAMS 0x00000000f2300000| PB 0x00000000f2300000| Complete 
| 292|0x00000000f2400000, 0x00000000f2500000, 0x00000000f2500000|100%| E|CS|TAMS 0x00000000f2400000| PB 0x00000000f2400000| Complete 
| 293|0x00000000f2500000, 0x00000000f2600000, 0x00000000f2600000|100%| E|CS|TAMS 0x00000000f2500000| PB 0x00000000f2500000| Complete 

Card table byte_map: [0x0000021ecc850000,0x0000021ecc950000] _byte_map_base: 0x0000021ecc150000

Marking Bits: (CMBitMap*) 0x0000021eba0dd860
 Bits: [0x0000021ecc950000, 0x0000021ecd150000)

Polling page: 0x0000021eb80d0000

Metaspace:

Usage:
  Non-class:     21.99 MB used.
      Class:      2.82 MB used.
       Both:     24.80 MB used.

Virtual space:
  Non-class space:       64.00 MB reserved,      22.19 MB ( 35%) committed,  1 nodes.
      Class space:        1.00 GB reserved,       2.94 MB ( <1%) committed,  1 nodes.
             Both:        1.06 GB reserved,      25.12 MB (  2%) committed. 

Chunk freelists:
   Non-Class:  9.87 MB
       Class:  13.01 MB
        Both:  22.88 MB

MaxMetaspaceSize: unlimited
CompressedClassSpaceSize: 1.00 GB
Initial GC threshold: 21.00 MB
Current GC threshold: 31.81 MB
CDS: off
 - commit_granule_bytes: 65536.
 - commit_granule_words: 8192.
 - virtual_space_node_default_size: 8388608.
 - enlarge_chunks_in_place: 1.
 - use_allocation_guard: 0.


Internal statistics:

num_allocs_failed_limit: 0.
num_arena_births: 294.
num_arena_deaths: 0.
num_vsnodes_births: 2.
num_vsnodes_deaths: 0.
num_space_committed: 402.
num_space_uncommitted: 0.
num_chunks_returned_to_freelist: 0.
num_chunks_taken_from_freelist: 838.
num_chunk_merges: 0.
num_chunk_splits: 536.
num_chunks_enlarged: 377.
num_inconsistent_stats: 0.

CodeHeap 'non-profiled nmethods': size=120000Kb used=2378Kb max_used=2378Kb free=117621Kb
 bounds [0x0000021ec4cc0000, 0x0000021ec4f30000, 0x0000021ecc1f0000]
CodeHeap 'profiled nmethods': size=120000Kb used=7692Kb max_used=7692Kb free=112308Kb
 bounds [0x0000021ebd1f0000, 0x0000021ebd980000, 0x0000021ec4720000]
CodeHeap 'non-nmethods': size=5760Kb used=1551Kb max_used=1566Kb free=4208Kb
 bounds [0x0000021ec4720000, 0x0000021ec4990000, 0x0000021ec4cc0000]
CodeCache: size=245760Kb, used=11621Kb, max_used=11636Kb, free=234137Kb
 total_blobs=3716, nmethods=3197, adapters=423, full_count=0
Compilation: enabled, stopped_count=0, restarted_count=0

Compilation events (20 events):
Event: 2.641 Thread 0x0000021ed00417d0 nmethod 3123 0x0000021ec4f0b210 code [0x0000021ec4f0b3a0, 0x0000021ec4f0b468]
Event: 2.641 Thread 0x0000021ed00417d0 3124       3       jdk.internal.misc.CDS::isSharingEnabled (4 bytes)
Event: 2.642 Thread 0x0000021ed00417d0 nmethod 3124 0x0000021ebd958f10 code [0x0000021ebd9590a0, 0x0000021ebd959190]
Event: 2.645 Thread 0x0000021ed00417d0 3125       1       java.util.stream.FindOps$FindSink::cancellationRequested (5 bytes)
Event: 2.645 Thread 0x0000021ed00417d0 nmethod 3125 0x0000021ec4f0b510 code [0x0000021ec4f0b6a0, 0x0000021ec4f0b770]
Event: 2.645 Thread 0x0000021ed00417d0 3126       3       java.util.stream.Sink$ChainedReference::cancellationRequested (10 bytes)
Event: 2.645 Thread 0x0000021ed00417d0 nmethod 3126 0x0000021ebd959210 code [0x0000021ebd9593c0, 0x0000021ebd959590]
Event: 2.645 Thread 0x0000021ed00417d0 3127       3       java.lang.String::hashCode (60 bytes)
Event: 2.645 Thread 0x0000021ed00417d0 nmethod 3127 0x0000021ebd959690 code [0x0000021ebd959860, 0x0000021ebd959ba0]
Event: 2.651 Thread 0x0000021ed02dda40 3128       4       java.net.URLStreamHandler::setURL (156 bytes)
Event: 2.651 Thread 0x0000021ed0039e30 3129   !   4       java.net.URL::set (114 bytes)
Event: 2.654 Thread 0x0000021ed0039e30 nmethod 3129 0x0000021ec4f0b810 code [0x0000021ec4f0b9c0, 0x0000021ec4f0c340]
Event: 2.658 Thread 0x0000021ed02dda40 nmethod 3128 0x0000021ec4f0c410 code [0x0000021ec4f0c620, 0x0000021ec4f0d430]
Event: 2.664 Thread 0x0000021ed00417d0 3130       3       sun.reflect.generics.parser.SignatureParser::parsePackageNameAndSimpleClassTypeSignature (119 bytes)
Event: 2.664 Thread 0x0000021ed00417d0 nmethod 3130 0x0000021ebd959c90 code [0x0000021ebd959f80, 0x0000021ebd95a9a8]
Event: 2.665 Thread 0x0000021ed02dda40 3135       4       java.lang.invoke.MethodType::makeImpl (109 bytes)
Event: 2.666 Thread 0x0000021ed0039e30 3140       4       java.lang.String::indexOf (18 bytes)
Event: 2.667 Thread 0x0000021ed0039e30 nmethod 3140 0x0000021ec4f0f310 code [0x0000021ec4f0f4c0, 0x0000021ec4f0f870]
Event: 2.667 Thread 0x0000021ed0039e30 3141       4       sun.net.www.ParseUtil::encodePath (41 bytes)
Event: 2.669 Thread 0x0000021ed0039e30 nmethod 3141 0x0000021ec4f0fa90 code [0x0000021ec4f0fc40, 0x0000021ec4f0ff20]

GC Heap History (20 events):
Event: 1.428 GC heap before
{Heap before GC invocations=7 (full 0):
 garbage-first heap   total 258048K, used 205754K [0x00000000e0000000, 0x0000000100000000)
  region size 1024K, 149 young (152576K), 15 survivors (15360K)
 Metaspace       used 18956K, committed 19264K, reserved 1114112K
  class space    used 2043K, committed 2176K, reserved 1048576K
}
Event: 1.436 GC heap after
{Heap after GC invocations=8 (full 0):
 garbage-first heap   total 258048K, used 77601K [0x00000000e0000000, 0x0000000100000000)
  region size 1024K, 8 young (8192K), 8 survivors (8192K)
 Metaspace       used 18956K, committed 19264K, reserved 1114112K
  class space    used 2043K, committed 2176K, reserved 1048576K
}
Event: 1.516 GC heap before
{Heap before GC invocations=8 (full 0):
 garbage-first heap   total 258048K, used 215841K [0x00000000e0000000, 0x0000000100000000)
  region size 1024K, 144 young (147456K), 8 survivors (8192K)
 Metaspace       used 18956K, committed 19264K, reserved 1114112K
  class space    used 2043K, committed 2176K, reserved 1048576K
}
Event: 1.521 GC heap after
{Heap after GC invocations=9 (full 0):
 garbage-first heap   total 258048K, used 82597K [0x00000000e0000000, 0x0000000100000000)
  region size 1024K, 13 young (13312K), 13 survivors (13312K)
 Metaspace       used 18956K, committed 19264K, reserved 1114112K
  class space    used 2043K, committed 2176K, reserved 1048576K
}
Event: 1.773 GC heap before
{Heap before GC invocations=9 (full 0):
 garbage-first heap   total 258048K, used 223909K [0x00000000e0000000, 0x0000000100000000)
  region size 1024K, 151 young (154624K), 13 survivors (13312K)
 Metaspace       used 19236K, committed 19520K, reserved 1114112K
  class space    used 2057K, committed 2176K, reserved 1048576K
}
Event: 1.791 GC heap after
{Heap after GC invocations=10 (full 0):
 garbage-first heap   total 258048K, used 97280K [0x00000000e0000000, 0x0000000100000000)
  region size 1024K, 19 young (19456K), 19 survivors (19456K)
 Metaspace       used 19236K, committed 19520K, reserved 1114112K
  class space    used 2057K, committed 2176K, reserved 1048576K
}
Event: 1.893 GC heap before
{Heap before GC invocations=10 (full 0):
 garbage-first heap   total 258048K, used 214016K [0x00000000e0000000, 0x0000000100000000)
  region size 1024K, 134 young (137216K), 19 survivors (19456K)
 Metaspace       used 19272K, committed 19520K, reserved 1114112K
  class space    used 2057K, committed 2176K, reserved 1048576K
}
Event: 1.905 GC heap after
{Heap after GC invocations=11 (full 0):
 garbage-first heap   total 258048K, used 110889K [0x00000000e0000000, 0x0000000100000000)
  region size 1024K, 13 young (13312K), 13 survivors (13312K)
 Metaspace       used 19272K, committed 19520K, reserved 1114112K
  class space    used 2057K, committed 2176K, reserved 1048576K
}
Event: 1.963 GC heap before
{Heap before GC invocations=11 (full 0):
 garbage-first heap   total 258048K, used 216361K [0x00000000e0000000, 0x0000000100000000)
  region size 1024K, 117 young (119808K), 13 survivors (13312K)
 Metaspace       used 19275K, committed 19520K, reserved 1114112K
  class space    used 2057K, committed 2176K, reserved 1048576K
}
Event: 1.968 GC heap after
{Heap after GC invocations=12 (full 0):
 garbage-first heap   total 275456K, used 120546K [0x00000000e0000000, 0x0000000100000000)
  region size 1024K, 10 young (10240K), 10 survivors (10240K)
 Metaspace       used 19275K, committed 19520K, reserved 1114112K
  class space    used 2057K, committed 2176K, reserved 1048576K
}
Event: 2.020 GC heap before
{Heap before GC invocations=12 (full 0):
 garbage-first heap   total 275456K, used 235234K [0x00000000e0000000, 0x0000000100000000)
  region size 1024K, 123 young (125952K), 10 survivors (10240K)
 Metaspace       used 19275K, committed 19520K, reserved 1114112K
  class space    used 2057K, committed 2176K, reserved 1048576K
}
Event: 2.027 GC heap after
{Heap after GC invocations=13 (full 0):
 garbage-first heap   total 275456K, used 133208K [0x00000000e0000000, 0x0000000100000000)
  region size 1024K, 13 young (13312K), 13 survivors (13312K)
 Metaspace       used 19275K, committed 19520K, reserved 1114112K
  class space    used 2057K, committed 2176K, reserved 1048576K
}
Event: 2.078 GC heap before
{Heap before GC invocations=13 (full 0):
 garbage-first heap   total 275456K, used 238680K [0x00000000e0000000, 0x0000000100000000)
  region size 1024K, 117 young (119808K), 13 survivors (13312K)
 Metaspace       used 19275K, committed 19520K, reserved 1114112K
  class space    used 2057K, committed 2176K, reserved 1048576K
}
Event: 2.087 GC heap after
{Heap after GC invocations=14 (full 0):
 garbage-first heap   total 275456K, used 146388K [0x00000000e0000000, 0x0000000100000000)
  region size 1024K, 13 young (13312K), 13 survivors (13312K)
 Metaspace       used 19275K, committed 19520K, reserved 1114112K
  class space    used 2057K, committed 2176K, reserved 1048576K
}
Event: 2.147 GC heap before
{Heap before GC invocations=14 (full 0):
 garbage-first heap   total 275456K, used 241620K [0x00000000e0000000, 0x0000000100000000)
  region size 1024K, 107 young (109568K), 13 survivors (13312K)
 Metaspace       used 19275K, committed 19520K, reserved 1114112K
  class space    used 2057K, committed 2176K, reserved 1048576K
}
Event: 2.153 GC heap after
{Heap after GC invocations=15 (full 0):
 garbage-first heap   total 275456K, used 152383K [0x00000000e0000000, 0x0000000100000000)
  region size 1024K, 6 young (6144K), 6 survivors (6144K)
 Metaspace       used 19275K, committed 19520K, reserved 1114112K
  class space    used 2057K, committed 2176K, reserved 1048576K
}
Event: 2.221 GC heap before
{Heap before GC invocations=16 (full 0):
 garbage-first heap   total 275456K, used 203583K [0x00000000e0000000, 0x0000000100000000)
  region size 1024K, 99 young (101376K), 6 survivors (6144K)
 Metaspace       used 19281K, committed 19520K, reserved 1114112K
  class space    used 2057K, committed 2176K, reserved 1048576K
}
Event: 2.225 GC heap after
{Heap after GC invocations=17 (full 0):
 garbage-first heap   total 275456K, used 113286K [0x00000000e0000000, 0x0000000100000000)
  region size 1024K, 10 young (10240K), 10 survivors (10240K)
 Metaspace       used 19281K, committed 19520K, reserved 1114112K
  class space    used 2057K, committed 2176K, reserved 1048576K
}
Event: 2.303 GC heap before
{Heap before GC invocations=17 (full 0):
 garbage-first heap   total 275456K, used 242310K [0x00000000e0000000, 0x0000000100000000)
  region size 1024K, 137 young (140288K), 10 survivors (10240K)
 Metaspace       used 19281K, committed 19520K, reserved 1114112K
  class space    used 2057K, committed 2176K, reserved 1048576K
}
Event: 2.309 GC heap after
{Heap after GC invocations=18 (full 0):
 garbage-first heap   total 301056K, used 93022K [0x00000000e0000000, 0x0000000100000000)
  region size 1024K, 10 young (10240K), 10 survivors (10240K)
 Metaspace       used 19281K, committed 19520K, reserved 1114112K
  class space    used 2057K, committed 2176K, reserved 1048576K
}

Dll operation events (3 events):
Event: 0.005 Loaded shared library D:\Android Studio\jbr\bin\java.dll
Event: 0.008 Loaded shared library D:\Android Studio\jbr\bin\zip.dll
Event: 0.222 Loaded shared library D:\Android Studio\jbr\bin\verify.dll

Deoptimization events (20 events):
Event: 2.617 Thread 0x0000021ed0030bc0 Uncommon trap: trap_request=0xffffff45 fr.pc=0x0000021ec4d85c40 relative=0x0000000000000280
Event: 2.617 Thread 0x0000021ed0030bc0 Uncommon trap: reason=unstable_if action=reinterpret pc=0x0000021ec4d85c40 method=jdk.internal.misc.Unsafe.copyMemory(Ljava/lang/Object;JLjava/lang/Object;JJ)V @ 16 c2
Event: 2.617 Thread 0x0000021ed0030bc0 DEOPT PACKING pc=0x0000021ec4d85c40 sp=0x0000002eeaefedc0
Event: 2.617 Thread 0x0000021ed0030bc0 DEOPT UNPACKING pc=0x0000021ec4777da2 sp=0x0000002eeaefed88 mode 2
Event: 2.641 Thread 0x0000021eb7d5e4b0 Uncommon trap: trap_request=0xffffffde fr.pc=0x0000021ec4eab464 relative=0x00000000000006c4
Event: 2.641 Thread 0x0000021eb7d5e4b0 Uncommon trap: reason=class_check action=maybe_recompile pc=0x0000021ec4eab464 method=java.util.regex.Pattern$CharPropertyGreedy.match(Ljava/util/regex/Matcher;ILjava/lang/CharSequence;)Z @ 64 c2
Event: 2.641 Thread 0x0000021eb7d5e4b0 DEOPT PACKING pc=0x0000021ec4eab464 sp=0x0000002ee98fc000
Event: 2.641 Thread 0x0000021eb7d5e4b0 DEOPT UNPACKING pc=0x0000021ec4777da2 sp=0x0000002ee98fbfb0 mode 2
Event: 2.645 Thread 0x0000021eb7d5e4b0 Uncommon trap: trap_request=0xffffff45 fr.pc=0x0000021ec4cd09d4 relative=0x00000000000000b4
Event: 2.645 Thread 0x0000021eb7d5e4b0 Uncommon trap: reason=unstable_if action=reinterpret pc=0x0000021ec4cd09d4 method=java.lang.String.hashCode()I @ 20 c2
Event: 2.645 Thread 0x0000021eb7d5e4b0 DEOPT PACKING pc=0x0000021ec4cd09d4 sp=0x0000002ee98fb4a0
Event: 2.645 Thread 0x0000021eb7d5e4b0 DEOPT UNPACKING pc=0x0000021ec4777da2 sp=0x0000002ee98fb430 mode 2
Event: 2.667 Thread 0x0000021eb7d5e4b0 Uncommon trap: trap_request=0xffffff45 fr.pc=0x0000021ec4de6bfc relative=0x00000000000000dc
Event: 2.667 Thread 0x0000021eb7d5e4b0 Uncommon trap: reason=unstable_if action=reinterpret pc=0x0000021ec4de6bfc method=java.nio.Buffer.limit(I)Ljava/nio/Buffer; @ 42 c2
Event: 2.667 Thread 0x0000021eb7d5e4b0 DEOPT PACKING pc=0x0000021ec4de6bfc sp=0x0000002ee98f9ce0
Event: 2.667 Thread 0x0000021eb7d5e4b0 DEOPT UNPACKING pc=0x0000021ec4777da2 sp=0x0000002ee98f9b50 mode 2
Event: 2.667 Thread 0x0000021eb7d5e4b0 Uncommon trap: trap_request=0xffffffc6 fr.pc=0x0000021ec4de2024 relative=0x0000000000000524
Event: 2.667 Thread 0x0000021eb7d5e4b0 Uncommon trap: reason=bimorphic_or_optimized_type_check action=maybe_recompile pc=0x0000021ec4de2024 method=java.nio.Buffer.<init>(IIIILjava/lang/foreign/MemorySegment;)V @ 39 c2
Event: 2.667 Thread 0x0000021eb7d5e4b0 DEOPT PACKING pc=0x0000021ec4de2024 sp=0x0000002ee98f9910
Event: 2.667 Thread 0x0000021eb7d5e4b0 DEOPT UNPACKING pc=0x0000021ec4777da2 sp=0x0000002ee98f9860 mode 2

Classes loaded (20 events):
Event: 2.668 Loading class java/util/zip/ZipInputStream done
Event: 2.668 Loading class java/util/jar/JarInputStream done
Event: 2.668 Loading class java/io/PushbackInputStream
Event: 2.668 Loading class java/io/PushbackInputStream done
Event: 2.668 Loading class java/util/jar/JarVerifier
Event: 2.668 Loading class java/util/jar/JarVerifier done
Event: 2.668 Loading class sun/security/util/ManifestEntryVerifier
Event: 2.668 Loading class sun/security/util/ManifestEntryVerifier done
Event: 2.669 Loading class java/lang/ProcessBuilder
Event: 2.670 Loading class java/lang/ProcessBuilder done
Event: 2.670 Loading class java/lang/ProcessImpl
Event: 2.670 Loading class java/lang/Process
Event: 2.670 Loading class java/lang/Process done
Event: 2.670 Loading class java/lang/ProcessImpl done
Event: 2.677 Loading class java/lang/ProcessImpl$2
Event: 2.677 Loading class java/lang/ProcessImpl$2 done
Event: 2.677 Loading class java/lang/Process$PipeInputStream
Event: 2.677 Loading class java/lang/Process$PipeInputStream done
Event: 2.677 Loading class jdk/internal/event/ProcessStartEvent
Event: 2.677 Loading class jdk/internal/event/ProcessStartEvent done

Classes unloaded (0 events):
No events

Classes redefined (0 events):
No events

Internal exceptions (20 events):
Event: 2.448 Thread 0x0000021eb7d5e4b0 Exception <a 'java/lang/IncompatibleClassChangeError'{0x00000000ee01bb68}: Found class java.lang.Object, but interface was expected> (0x00000000ee01bb68) 
thrown [s\src\hotspot\share\interpreter\linkResolver.cpp, line 851]
Event: 2.488 Thread 0x0000021eb7d5e4b0 Exception <a 'java/lang/NoSuchMethodError'{0x00000000edd302a0}: 'java.lang.Object java.lang.invoke.DirectMethodHandle$Holder.invokeSpecialIFC(java.lang.Object, java.lang.Object, java.lang.Object, java.lang.Object)'> (0x00000000edd302a0) 
thrown [s\src\hotspot\share\interpreter\linkResolver.cpp, line 784]
Event: 2.496 Thread 0x0000021eb7d5e4b0 Exception <a 'java/lang/NoSuchMethodError'{0x00000000eddca3e0}: 'java.lang.Object java.lang.invoke.DirectMethodHandle$Holder.newInvokeSpecial(java.lang.Object, java.lang.Object, java.lang.Object, java.lang.Object, java.lang.Object, java.lang.Object)'> (0x00000000eddca3e0) 
thrown [s\src\hotspot\share\interpreter\linkResolver.cpp, line 784]
Event: 2.500 Thread 0x0000021eb7d5e4b0 Exception <a 'java/lang/NoSuchMethodError'{0x00000000edc12728}: 'void java.lang.invoke.DirectMethodHandle$Holder.invokeInterface(java.lang.Object, java.lang.Object, java.lang.Object, java.lang.Object, java.lang.Object)'> (0x00000000edc12728) 
thrown [s\src\hotspot\share\interpreter\linkResolver.cpp, line 784]
Event: 2.500 Thread 0x0000021eb7d5e4b0 Exception <a 'java/lang/IncompatibleClassChangeError'{0x00000000edc15f28}: Found class java.lang.Object, but interface was expected> (0x00000000edc15f28) 
thrown [s\src\hotspot\share\interpreter\linkResolver.cpp, line 851]
Event: 2.503 Thread 0x0000021eb7d5e4b0 Exception <a 'java/lang/IncompatibleClassChangeError'{0x00000000edc3ce20}: Found class java.lang.Object, but interface was expected> (0x00000000edc3ce20) 
thrown [s\src\hotspot\share\interpreter\linkResolver.cpp, line 851]
Event: 2.515 Thread 0x0000021eb7d5e4b0 Exception <a 'java/lang/NoSuchMethodError'{0x00000000edb0e800}: 'void java.lang.invoke.DirectMethodHandle$Holder.invokeInterface(java.lang.Object, java.lang.Object, java.lang.Object, java.lang.Object)'> (0x00000000edb0e800) 
thrown [s\src\hotspot\share\interpreter\linkResolver.cpp, line 784]
Event: 2.515 Thread 0x0000021eb7d5e4b0 Exception <a 'java/lang/IncompatibleClassChangeError'{0x00000000edb11c78}: Found class java.lang.Object, but interface was expected> (0x00000000edb11c78) 
thrown [s\src\hotspot\share\interpreter\linkResolver.cpp, line 851]
Event: 2.585 Thread 0x0000021eb7d5e4b0 Exception <a 'java/lang/NoSuchMethodError'{0x00000000ed67ae90}: 'int java.lang.invoke.DirectMethodHandle$Holder.invokeStatic(java.lang.Object, java.lang.Object, java.lang.Object, java.lang.Object, java.lang.Object)'> (0x00000000ed67ae90) 
thrown [s\src\hotspot\share\interpreter\linkResolver.cpp, line 784]
Event: 2.589 Thread 0x0000021eb7d5e4b0 Exception <a 'java/lang/NoSuchMethodError'{0x00000000ed6bec48}: 'void java.lang.invoke.DirectMethodHandle$Holder.invokeStaticInit(java.lang.Object)'> (0x00000000ed6bec48) 
thrown [s\src\hotspot\share\interpreter\linkResolver.cpp, line 784]
Event: 2.598 Thread 0x0000021eb7d5e4b0 Exception <a 'java/lang/NoSuchMethodError'{0x00000000ed569a00}: 'void java.lang.invoke.DirectMethodHandle$Holder.invokeStaticInit(java.lang.Object, java.lang.Object, java.lang.Object, java.lang.Object)'> (0x00000000ed569a00) 
thrown [s\src\hotspot\share\interpreter\linkResolver.cpp, line 784]
Event: 2.615 Thread 0x0000021eb7d5e4b0 Exception <a 'java/lang/NoSuchMethodError'{0x00000000ed47d670}: 'java.lang.Object java.lang.invoke.DirectMethodHandle$Holder.newInvokeSpecial(java.lang.Object, java.lang.Object, int)'> (0x00000000ed47d670) 
thrown [s\src\hotspot\share\interpreter\linkResolver.cpp, line 784]
Event: 2.623 Thread 0x0000021eb7d5e4b0 Exception <a 'java/lang/NoSuchMethodError'{0x00000000ed4fe298}: 'java.lang.Object java.lang.invoke.DirectMethodHandle$Holder.newInvokeSpecial(java.lang.Object, java.lang.Object, java.lang.Object, java.lang.Object, java.lang.Object, java.lang.Object, java.lang.Object)'> (0x00000000ed4fe298) 
thrown [s\src\hotspot\share\interpreter\linkResolver.cpp, line 784]
Event: 2.623 Thread 0x0000021eb7d5e4b0 Exception <a 'java/lang/NoSuchMethodError'{0x00000000ed38e340}: 'java.lang.Object java.lang.invoke.DirectMethodHandle$Holder.invokeInterface(java.lang.Object, java.lang.Object, java.lang.Object, java.lang.Object, java.lang.Object)'> (0x00000000ed38e340) 
thrown [s\src\hotspot\share\interpreter\linkResolver.cpp, line 784]
Event: 2.624 Thread 0x0000021eb7d5e4b0 Exception <a 'java/lang/IncompatibleClassChangeError'{0x00000000ed391e88}: Found class java.lang.Object, but interface was expected> (0x00000000ed391e88) 
thrown [s\src\hotspot\share\interpreter\linkResolver.cpp, line 851]
Event: 2.640 Thread 0x0000021eb7d5e4b0 Exception <a 'java/lang/NoSuchMethodError'{0x00000000ed2c25e8}: 'int java.lang.invoke.DirectMethodHandle$Holder.invokeInterface(java.lang.Object, java.lang.Object)'> (0x00000000ed2c25e8) 
thrown [s\src\hotspot\share\interpreter\linkResolver.cpp, line 784]
Event: 2.642 Thread 0x0000021eb7d5e4b0 Exception <a 'java/lang/IncompatibleClassChangeError'{0x00000000ed2e28d0}: Found class java.lang.Object, but interface was expected> (0x00000000ed2e28d0) 
thrown [s\src\hotspot\share\interpreter\linkResolver.cpp, line 851]
Event: 2.649 Thread 0x0000021eb7d5e4b0 Exception <a 'java/lang/NoClassDefFoundError'{0x00000000ed159870}: org/slf4j/LoggerFactory> (0x00000000ed159870) 
thrown [s\src\hotspot\share\classfile\systemDictionary.cpp, line 301]
Event: 2.665 Thread 0x0000021eb7d5e4b0 Exception <a 'java/lang/NoSuchMethodError'{0x00000000ed06b2c0}: 'long java.lang.invoke.DirectMethodHandle$Holder.invokeInterface(java.lang.Object, java.lang.Object)'> (0x00000000ed06b2c0) 
thrown [s\src\hotspot\share\interpreter\linkResolver.cpp, line 784]
Event: 2.676 Thread 0x0000021eb7d5e4b0 Exception <a 'java/lang/NoSuchMethodError'{0x00000000ed09ce08}: 'void java.lang.invoke.DirectMethodHandle$Holder.invokeStatic(java.lang.Object, long)'> (0x00000000ed09ce08) 
thrown [s\src\hotspot\share\interpreter\linkResolver.cpp, line 784]

ZGC Phase Switch (0 events):
No events

VM Operations (20 events):
Event: 2.078 Executing VM operation: G1CollectForAllocation (G1 Evacuation Pause)
Event: 2.078 Executing VM operation: G1CollectForAllocation (G1 Evacuation Pause) done
Event: 2.078 Executing VM operation: G1CollectForAllocation (GCLocker Initiated GC)
Event: 2.087 Executing VM operation: G1CollectForAllocation (GCLocker Initiated GC) done
Event: 2.147 Executing VM operation: G1CollectForAllocation (G1 Evacuation Pause)
Event: 2.153 Executing VM operation: G1CollectForAllocation (G1 Evacuation Pause) done
Event: 2.173 Executing VM operation: G1PauseRemark
Event: 2.175 Executing VM operation: G1PauseRemark done
Event: 2.190 Executing VM operation: G1PauseCleanup
Event: 2.190 Executing VM operation: G1PauseCleanup done
Event: 2.221 Executing VM operation: G1CollectForAllocation (G1 Evacuation Pause)
Event: 2.221 Executing VM operation: G1CollectForAllocation (G1 Evacuation Pause) done
Event: 2.221 Executing VM operation: G1CollectForAllocation (GCLocker Initiated GC)
Event: 2.225 Executing VM operation: G1CollectForAllocation (GCLocker Initiated GC) done
Event: 2.303 Executing VM operation: G1CollectForAllocation (G1 Evacuation Pause)
Event: 2.309 Executing VM operation: G1CollectForAllocation (G1 Evacuation Pause) done
Event: 2.559 Executing VM operation: HandshakeAllThreads (Deoptimize)
Event: 2.559 Executing VM operation: HandshakeAllThreads (Deoptimize) done
Event: 2.664 Executing VM operation: HandshakeAllThreads (Deoptimize)
Event: 2.664 Executing VM operation: HandshakeAllThreads (Deoptimize) done

Memory protections (0 events):
No events

Nmethod flushes (0 events):
No events

Events (20 events):
Event: 2.170 Thread 0x0000021ed02df580 Thread exited: 0x0000021ed02df580
Event: 2.394 Thread 0x0000021ed653f9f0 Thread exited: 0x0000021ed653f9f0
Event: 2.394 Thread 0x0000021ed6540710 Thread exited: 0x0000021ed6540710
Event: 2.394 Thread 0x0000021ed653e640 Thread exited: 0x0000021ed653e640
Event: 2.394 Thread 0x0000021ed6541430 Thread exited: 0x0000021ed6541430
Event: 2.394 Thread 0x0000021ed653dfb0 Thread exited: 0x0000021ed653dfb0
Event: 2.394 Thread 0x0000021ed6544220 Thread exited: 0x0000021ed6544220
Event: 2.395 Thread 0x0000021ed653d920 Thread exited: 0x0000021ed653d920
Event: 2.395 Thread 0x0000021ed6542e70 Thread exited: 0x0000021ed6542e70
Event: 2.395 Thread 0x0000021ed653ecd0 Thread exited: 0x0000021ed653ecd0
Event: 2.395 Thread 0x0000021ed002f180 Thread exited: 0x0000021ed002f180
Event: 2.395 Thread 0x0000021ed65427e0 Thread exited: 0x0000021ed65427e0
Event: 2.395 Thread 0x0000021ed6542150 Thread exited: 0x0000021ed6542150
Event: 2.395 Thread 0x0000021ed653f360 Thread exited: 0x0000021ed653f360
Event: 2.395 Thread 0x0000021ed6540080 Thread exited: 0x0000021ed6540080
Event: 2.395 Thread 0x0000021ed002f810 Thread exited: 0x0000021ed002f810
Event: 2.395 Thread 0x0000021ed6543500 Thread exited: 0x0000021ed6543500
Event: 2.395 Thread 0x0000021ed002eaf0 Thread exited: 0x0000021ed002eaf0
Event: 2.395 Thread 0x0000021ed6540da0 Thread exited: 0x0000021ed6540da0
Event: 2.395 Thread 0x0000021ed65448b0 Thread exited: 0x0000021ed65448b0


Dynamic libraries:
0x00007ff7ed6a0000 - 0x00007ff7ed6aa000 	D:\Android Studio\jbr\bin\java.exe
0x00007ff829a80000 - 0x00007ff829ce8000 	C:\WINDOWS\SYSTEM32\ntdll.dll
0x00007ff828820000 - 0x00007ff8288e9000 	C:\WINDOWS\System32\KERNEL32.DLL
0x00007ff826dd0000 - 0x00007ff8271c8000 	C:\WINDOWS\System32\KERNELBASE.dll
0x00007ff826c80000 - 0x00007ff826dcb000 	C:\WINDOWS\System32\ucrtbase.dll
0x00007ff804f90000 - 0x00007ff804fab000 	D:\Android Studio\jbr\bin\VCRUNTIME140.dll
0x00007ff8230c0000 - 0x00007ff8230d8000 	D:\Android Studio\jbr\bin\jli.dll
0x00007ff829820000 - 0x00007ff8299e7000 	C:\WINDOWS\System32\USER32.dll
0x00007ff805990000 - 0x00007ff805c24000 	C:\WINDOWS\WinSxS\amd64_microsoft.windows.common-controls_6595b64144ccf1df_6.0.26100.7019_none_3e06ffa0e335b8a8\COMCTL32.dll
0x00007ff8276c0000 - 0x00007ff8276e7000 	C:\WINDOWS\System32\win32u.dll
0x00007ff829550000 - 0x00007ff8295f9000 	C:\WINDOWS\System32\msvcrt.dll
0x00007ff827820000 - 0x00007ff82784b000 	C:\WINDOWS\System32\GDI32.dll
0x00007ff8276f0000 - 0x00007ff82781c000 	C:\WINDOWS\System32\gdi32full.dll
0x00007ff826bd0000 - 0x00007ff826c73000 	C:\WINDOWS\System32\msvcp_win.dll
0x00007ff8287a0000 - 0x00007ff8287d1000 	C:\WINDOWS\System32\IMM32.DLL
0x00007ff812e20000 - 0x00007ff812e2c000 	D:\Android Studio\jbr\bin\vcruntime140_1.dll
0x00007fffab230000 - 0x00007fffab2bd000 	D:\Android Studio\jbr\bin\msvcp140.dll
0x00007fff857a0000 - 0x00007fff86436000 	D:\Android Studio\jbr\bin\server\jvm.dll
0x00007ff8289e0000 - 0x00007ff828a94000 	C:\WINDOWS\System32\ADVAPI32.dll
0x00007ff8282c0000 - 0x00007ff828366000 	C:\WINDOWS\System32\sechost.dll
0x00007ff828430000 - 0x00007ff828548000 	C:\WINDOWS\System32\RPCRT4.dll
0x00007ff8297a0000 - 0x00007ff829814000 	C:\WINDOWS\System32\WS2_32.dll
0x00007ff826440000 - 0x00007ff82649e000 	C:\WINDOWS\SYSTEM32\POWRPROF.dll
0x00007ff812700000 - 0x00007ff812735000 	C:\WINDOWS\SYSTEM32\WINMM.dll
0x00007ff81c790000 - 0x00007ff81c79b000 	C:\WINDOWS\SYSTEM32\VERSION.dll
0x00007ff8263a0000 - 0x00007ff8263b4000 	C:\WINDOWS\SYSTEM32\UMPDC.dll
0x00007ff825970000 - 0x00007ff82598b000 	C:\WINDOWS\SYSTEM32\kernel.appcore.dll
0x00007ff812d80000 - 0x00007ff812d8a000 	D:\Android Studio\jbr\bin\jimage.dll
0x00007ff824040000 - 0x00007ff824282000 	C:\WINDOWS\SYSTEM32\DBGHELP.DLL
0x00007ff828aa0000 - 0x00007ff828e2b000 	C:\WINDOWS\System32\combase.dll
0x00007ff828900000 - 0x00007ff8289d7000 	C:\WINDOWS\System32\OLEAUT32.dll
0x00007fffecf60000 - 0x00007fffecf9c000 	C:\WINDOWS\SYSTEM32\dbgcore.DLL
0x00007ff827350000 - 0x00007ff8273f5000 	C:\WINDOWS\System32\bcryptPrimitives.dll
0x00007ff804040000 - 0x00007ff804060000 	D:\Android Studio\jbr\bin\java.dll
0x00007ff803fc0000 - 0x00007ff803fd8000 	D:\Android Studio\jbr\bin\zip.dll
0x00007ff827a30000 - 0x00007ff82817f000 	C:\WINDOWS\System32\SHELL32.dll
0x00007ff827550000 - 0x00007ff8276bb000 	C:\WINDOWS\System32\wintypes.dll
0x00007ff8247e0000 - 0x00007ff82503d000 	C:\WINDOWS\SYSTEM32\windows.storage.dll
0x00007ff828e30000 - 0x00007ff828f22000 	C:\WINDOWS\System32\SHCORE.dll
0x00007ff827850000 - 0x00007ff8278b7000 	C:\WINDOWS\System32\shlwapi.dll
0x00007ff826af0000 - 0x00007ff826b19000 	C:\WINDOWS\SYSTEM32\profapi.dll
0x00007ff80bf10000 - 0x00007ff80bf20000 	D:\Android Studio\jbr\bin\net.dll
0x00007ff81c390000 - 0x00007ff81c4b8000 	C:\WINDOWS\SYSTEM32\WINHTTP.dll
0x00007ff825f00000 - 0x00007ff825f6b000 	C:\WINDOWS\system32\mswsock.dll
0x00007ff803fa0000 - 0x00007ff803fb6000 	D:\Android Studio\jbr\bin\nio.dll
0x00007ff8030a0000 - 0x00007ff8030b0000 	D:\Android Studio\jbr\bin\verify.dll
0x00007ff8050f0000 - 0x00007ff8050f9000 	D:\Android Studio\jbr\bin\extnet.dll
0x00007ffff9650000 - 0x00007ffff9658000 	C:\WINDOWS\system32\wshunix.dll
0x00007ff826230000 - 0x00007ff82624b000 	C:\WINDOWS\SYSTEM32\CRYPTSP.dll
0x00007ff8258d0000 - 0x00007ff82590a000 	C:\WINDOWS\system32\rsaenh.dll
0x00007ff825fb0000 - 0x00007ff825fdb000 	C:\WINDOWS\SYSTEM32\USERENV.dll
0x00007ff826ac0000 - 0x00007ff826aea000 	C:\WINDOWS\SYSTEM32\bcrypt.dll
0x00007ff826250000 - 0x00007ff82625c000 	C:\WINDOWS\SYSTEM32\CRYPTBASE.dll
0x00007ff8253a0000 - 0x00007ff8253d4000 	C:\WINDOWS\SYSTEM32\IPHLPAPI.DLL
0x00007ff828810000 - 0x00007ff82881a000 	C:\WINDOWS\System32\NSI.dll

JVMTI agents: none

dbghelp: loaded successfully - version: 4.0.5 - missing functions: none
symbol engine: initialized successfully - sym options: 0x614 - pdb path: .;D:\Android Studio\jbr\bin;C:\WINDOWS\SYSTEM32;C:\WINDOWS\WinSxS\amd64_microsoft.windows.common-controls_6595b64144ccf1df_6.0.26100.7019_none_3e06ffa0e335b8a8;D:\Android Studio\jbr\bin\server

VM Arguments:
jvm_args: -Djava.awt.headless=true -Djava.library.path=D:\Android Studio\jbr\bin;C:\WINDOWS\Sun\Java\bin;C:\WINDOWS\system32;C:\WINDOWS;C:\Python314\Scripts\;C:\Python314\;C:\Program Files\Common Files\Oracle\Java\javapath;C:\windows\system32;C:\windows;C:\windows\System32\Wbem;C:\windows\System32\WindowsPowerShell\v1.0\;C:\windows\System32\OpenSSH\;C:\Program Files (x86)\NVIDIA Corporation\PhysX\Common;C:\Program Files\HP\HP One Agent;C:\Program Files\NVIDIA Corporation\NVIDIA app\NvDLISR;C:\WINDOWS\system32;C:\WINDOWS;C:\WINDOWS\System32\Wbem;C:\WINDOWS\System32\WindowsPowerShell\v1.0\;C:\WINDOWS\System32\OpenSSH\;C:\Program Files\Apache\Maven\apache-maven-3.9.9\bin;D:\Git\cmd;D:\;C:\ProgramData\chocolatey\bin;C:\Users\franc\AppData\Local\Programs\Python\Python312\Scripts\;C:\Users\franc\AppData\Local\Programs\Python\Python312\;C:\Users\franc\AppData\Local\Microsoft\WindowsApps;C:\Users\franc\AppData\Local\Programs\Microsoft VS Code\bin;C:\Users\franc\AppData\Local\GitHubDesktop\bin;C:\Users\franc\AppData\Roaming\npm;.;C:\Users\franc\OneDrive\Escritorio\LevelUp\app\src\testDebug\jniLibs;C:\Users\franc\OneDrive\Escritorio\LevelUp\app\src\test\jniLibs -Dorg.gradle.internal.worker.tmpdir=C:\Users\franc\OneDrive\Escritorio\LevelUp\app\build\tmp\testDebugUnitTest\work --add-opens=java.base/java.io=ALL-UNNAMED -Xmx512m -Dfile.encoding=UTF-8 -Duser.country=CL -Duser.language=es -Duser.variant -ea 
java_command: worker.org.gradle.process.internal.worker.GradleWorkerMain 'Gradle Test Executor 3'
java_class_path (initial): C:\\Users\\franc\\.gradle\\caches\\8.13\\workerMain\\gradle-worker.jar;C:\\Users\\franc\\OneDrive\\Escritorio\\LevelUp\\app\\build\\tmp\\kotlin-classes\\debugUnitTest;C:\\Users\\franc\\OneDrive\\Escritorio\\LevelUp\\app\\build\\tmp\\kapt3\\classes\\debugUnitTest;C:\\Users\\franc\\OneDrive\\Escritorio\\LevelUp\\app\\build\\intermediates\\java_res\\debugUnitTest\\processDebugUnitTestJavaRes\\out;C:\\Users\\franc\\OneDrive\\Escritorio\\LevelUp\\app\\build\\intermediates\\runtime_app_classes_jar\\debug\\bundleDebugClassesToRuntimeJar\\classes.jar;C:\\Users\\franc\\.gradle\\caches\\modules-2\\files-2.1\\io.mockk\\mockk-jvm\\1.13.10\\ee51b1254f0ac08d56d3f9aa1f48068b91d91aa0\\mockk-jvm-1.13.10.jar;C:\\Users\\franc\\.gradle\\caches\\modules-2\\files-2.1\\junit\\junit\\4.13.2\\8ac9e16d933b6fb43bc7f576336b8f4d7eb5ba12\\junit-4.13.2.jar;C:\\Users\\franc\\.gradle\\caches\\modules-2\\files-2.1\\io.kotest\\kotest-runner-junit5-jvm\\5.8.0\\ac0bf80b9970b7c5b835454acb80f4bc07b378e5\\kotest-runner-junit5-jvm-5.8.0.jar;C:\\Users\\franc\\.gradle\\caches\\modules-2\\files-2.1\\org.junit.jupiter\\junit-jupiter-params\\5.10.0\\9041c7365495a897a64782ea5a6fdb99dab1814e\\junit-jupiter-params-5.10.0.jar;C:\\Users\\franc\\.gradle\\caches\\modules-2\\files-2.1\\org.junit.jupiter\\junit-jupiter-engine\\5.10.0\\90587932d718fc51a48112d33045a18476c542ad\\junit-jupiter-engine-5.10.0.jar;C:\\Users\\franc\\.gradle\\caches\\modules-2\\files-2.1\\org.junit.jupiter\\junit-jupiter-api\\5.10.0\\2fe4ba3d31d5067878e468c96aa039005a9134d3\\junit-jupiter-api-5.10.0.jar;C:\\Users\\franc\\.gradle\\caches\\modules-2\\files-2.1\\org.junit.platform\\junit-platform-launcher\\1.10.0\\89a1922534ed102be1fb2a8c0b2c6151297a12bf\\junit-platform-launcher-1.10.0.jar;C:\\Users\\franc\\.gradle\\caches\\modules-2\\files-2.1\\org.junit.platform\\junit-platform-engine\\1.10.0\\276c4edcf64fabb5a139fa7b4f99330d7a93b804\\junit-platform-engine-1.10.0.jar;C:\\Users\\franc\\.gradle\\caches\\modules-2\\files-2.1\\org.junit.platform\\junit-platform-suite-api\\1.10.0\\baa35277c5e4913167fc8c5b2ceb0e5b2aa6b700\\junit-platform-suite-api-1.10.0.jar;C:\\Users\\franc\\.gradle\\caches\\modules-2\\files-2.1\\org.junit.platform\\junit-platform-commons\\1.10.0\\d533ff2c286eaf963566f92baf5f8a06628d2609\\junit-platform-commons-1.10.0.jar;C:\\Users\\franc\\.gradle\\caches\\modules-2\\files-2.1\\org.junit.jupiter\\junit-jupiter\\5.10.0\\8fea1d9c58b2156f1b998f2f18da04bc9e087f74\\junit-jupiter-5.10.0.jar;C:\\Users\\franc\\.gradle\\caches\\8.13\\transforms\\397cc01b6ebc25d2f7a9bc903bccf587\\transformed\\accompanist-permissions-0.32.0-runtime.jar;C:\\Users\\franc\\.gradle\\caches\\8.13\\transforms\\b2d8b915c4f059cf98f21f06e5088cbe\\transformed\\navigation-common-release-runtime.jar;C:\\Users\\franc\\.gradle\\caches\\8.13\\transforms\\674e442eeff9b0c92795ca95790e304c\\transformed\\navigation-compose-release-runtime.jar;C:\\Users\\franc\\.gradle\\caches\\8.13\\transforms\\7b7de9c947b9d13946d2ba789348a5e2\\transformed\\navigation-runtime-release-runtime.jar;C:\\Users\\franc\\.gradle\\caches\\8.13\\transforms\\a646d7766cb25a68f22c775175b4124b\\transformed\\material3-release-runtime.jar;C:\\Users\\franc\\.gradle\\caches\\8.13\\transforms\\206657d76c96a9d94d111c829890dbcf\\transformed\\coil-compose-2.5.0-runtime.jar;C:\\Users\\franc\\.gradle\\caches\\8.13\\transforms\\d53c405fc2182e166d9f918edf60414f\\transformed\\coil-compose-base-2.5.0-runtime.jar;C:\\Users\\franc\\.gradle\\caches\\8.13\\transforms\\46391d70131f6663137420f1567a170f\\transformed\\accompanist-drawablepainter-0.32.0-runtime.jar;C:\\Users\\franc\\.gradle\\caches\\8.13\\transforms\\81f5dabf1f0396b481adfb3c7cdcb47a\\transformed\\play-services-location-21.2.0-runtime.jar;C:\\Users\\franc\\.gradle\\caches\\8.13\\transforms\\a64541c87fce33e5445a8c17f049a235\\transformed\\play-services-base-18.3.0-runtime.jar;C:\\Users\\franc\\.gradle\\caches\\8.13\\transforms\\4626b2a55e4f95c5b67a8b8263e548d8\\transformed\\play-services-tasks-18.1.0-runtime.jar;C:\\Users\\franc\\.gradle\\caches\\8.13\\transforms\\1f23d9316ac837dfa7ea7015a3dfa22e\\transformed\\play-services-basement-18.3.0-runtime.jar;C:\\Users\\franc\\.gradle\\caches\\8.13\\transforms\\935f8759c42f7931dff9a554b3fa6a42\\transformed\\fragment-1.1.0-runtime.jar;C:\\Users\\franc\\.gradle\\caches\\8.13\\transforms\\45247108ffcb6128ec9483da818a6960\\transformed\\loader-1.0.0-runtime.jar;C:\\Users\\franc\\.gradle\\caches\\8.13\\transforms\\6b7bfca6e5dc2b8d3b8d149320ae9d12\\transformed\\coil-2.5.0-runtime.jar;C:\\Users\\franc\\.gradle\\caches\\8.13\\transforms\\30ad4aae9130c9cfc9e779cbb91b84ea\\transformed\\coil-base-2.5.0-runtime.jar;C:\\Users\\franc\\.gradle\\caches\\8.13\\transforms\\40b166cd2e2ab7650308dea2c1690239\\transformed\\ui-tooling-data-release-runtime.jar;C:\\Users\\franc\\.gradle\\caches\\8.13\\transforms\\734ae50337dbe1aba8cdabd2886c574e\\transformed\\ui-tooling-preview-release-runtime.jar;C:\\Users\\franc\\.gradle\\caches\\8.13\\transforms\\6cbcd80d7a4dc56201cabee3b208f7d7\\transformed\\ui-tooling-release-runtime.jar;C:\\Users\\franc\\.gradle\\caches\\8.13\\transforms\\051f7157622b4e111433b7be17f910bb\\transformed\\material-release-runtime.jar;C:\\Users\\franc\\.gradle\\caches\\8.13\\transforms\\85a6bc5b9b03831a9076fc4444a2e095\\transformed\\material-ripple-release-runtime.jar;C:\\Users\\franc\\.gradle\\caches\\8.13\\transforms\\55e200ea9c71a3144e6f61f19cbc85ad\\transformed\\animation-core-release-runtime.jar;C:\\Users\\franc\\.gradle\\caches\\8.13\\transforms\\ec0b9225d61d52031ee8e821e6d0d960\\transformed\\animation-release-runtime.jar;C:\\Users\\franc\\.gradle\\caches\\8.13\\transforms\\7a56300b2c543adf3c5a60289356ab94\\transformed\\foundation-layout-release-runtime.jar;C:\\Users\\franc\\.gradle\\caches\\8.13\\transforms\\dfb865b687d73ad845d6686cbf3e1e4a\\transformed\\foundation-release-runtime.jar;C:\\Users\\franc\\.gradle\\caches\\8.13\\transforms\\507878eba49246e084a207cee2e827c2\\transformed\\ui-util-release-runtime.jar;C:\\Users\\franc\\.gradle\\caches\\8.13\\transforms\\c1d2cfa90e28f5fc8d82741b8c36e0c5\\transformed\\ui-unit-release-runtime.jar;C:\\Users\\franc\\.gradle\\caches\\8.13\\transforms\\3a3f9601f97be007d5ee8f8833f6ec30\\transformed\\ui-graphics-release-runtime.jar;C:\\Users\\franc\\.gradle\\caches\\8.13\\transforms\\e89659f0602b699cfbfe278dc6d8e92d\\transformed\\ui-geometry-release-runtime.jar;C:\\Users\\franc\\.gradle\\caches\\8.13\\transforms\\e740d8291ceee8e2cbbf84b9c7d51419\\transformed\\ui-test-manifest-1.7.8-runtime.jar;C:\\Users\\franc\\.gradle\\caches\\8.13\\transforms\\6a7869fffcd157e18fec7d5eaf256cc4\\transformed\\ui-text-release-runtime.jar;C:\\Users\\franc\\.gradle\\caches\\8.13\\transforms\\70613ee539aef447d041bbf052d38533\\transformed\\emoji2-1.3.0-runtime.jar;C:\\Users\\franc\\.gradle\\caches\\8.13\\transforms\\b8ce862d515829cc764029762c996564\\transformed\\lifecycle-process-2.9.0-runtime.jar;C:\\Users\\franc\\.gradle\\caches\\8.13\\transforms\\b88b503024d55027d9cd8bf03e7d9a87\\transformed\\lifecycle-livedata-core-ktx-2.9.0-runtime.jar;C:\\Users\\franc\\.gradle\\caches\\8.13\\transforms\\4ca6ddff13e3db1825f1eb084e88c87f\\transformed\\lifecycle-runtime-ktx-runtime.jar;C:\\Users\\franc\\.gradle\\caches\\8.13\\transforms\\90365abaaf1e739138179f9e30bb3fd6\\transformed\\appcompat-resources-1.6.1-runtime.jar;C:\\Users\\franc\\.gradle\\caches\\8.13\\transforms\\cb1b85157bad608938c8828d2e418ff2\\transformed\\viewpager-1.0.0-runtime.jar;C:\\Users\\franc\\.gradle\\caches\\8.13\\transforms\\8e7d1f98d832501f183c24f47b28577e\\transformed\\savedstate-ktx-1.3.0-runtime.jar;C:\\Users\\franc\\.gradle\\caches\\8.13\\transforms\\dd11715dbc9232f93fc269cafd73a21a\\transformed\\savedstate-compose-release-runtime.jar;C:\\Users\\franc\\.gradle\\caches\\8.13\\transforms\\ba9c694b9f95d015ac376d136042cb50\\transformed\\savedstate-release-runtime.jar;C:\\Users\\franc\\.gradle\\caches\\8.13\\transforms\\dfe2c1d05421bb4a0f28d1ba0898ed5e\\transformed\\customview-poolingcontainer-1.0.0-runtime.jar;C:\\Users\\franc\\.gradle\\caches\\8.13\\transforms\\99a28a245ca6a11ea19165adc4113d4c\\transformed\\core-ktx-1.13.1-runtime.jar;C:\\Users\\franc\\.gradle\\caches\\8.13\\transforms\\e7a962dc26a5487a7eb0f234ae5da127\\transformed\\vectordrawable-animated-1.1.0-runtime.jar;C:\\Users\\franc\\.gradle\\caches\\8.13\\transforms\\5dd9f5de9932856cb88931c724a45b3e\\transformed\\vectordrawable-1.1.0-runtime.jar;C:\\Users\\franc\\.gradle\\caches\\8.13\\transforms\\39c3099d0d8a4afb06a3854f29d859ea\\transformed\\customview-1.0.0-runtime.jar;C:\\Users\\franc\\.gradle\\caches\\8.13\\transforms\\7115f8a6fdd33f31c9175ae0d76c341e\\transformed\\autofill-1.0.0-runtime.jar;C:\\Users\\franc\\.gradle\\caches\\8.13\\transforms\\359e5ff52eae2e961847ac9502f286a3\\transformed\\graphics-path-1.0.1-runtime.jar;C:\\Users\\franc\\.gradle\\caches\\8.13\\transforms\\54ca660f38117546d5302a8dfdb9b407\\transformed\\core-1.13.1-runtime.jar;C:\\Users\\franc\\.gradle\\caches\\8.13\\transforms\\bedb8b3b2a3f7fb0f9a393b4cb655c55\\transformed\\lifecycle-runtime-release-runtime.jar;C:\\Users\\franc\\.gradle\\caches\\8.13\\transforms\\e71c7d4ac693e5f8970ff7f1fd4be680\\transformed\\lifecycle-livedata-2.9.0-runtime.jar;C:\\Users\\franc\\.gradle\\caches\\8.13\\transforms\\327ddd3a7c4a6509c5d86f51223b83eb\\transformed\\lifecycle-livedata-core-2.9.0-runtime.jar;C:\\Users\\franc\\.gradle\\caches\\8.13\\transforms\\16ad6354e349d1fafd54c3b13bd2b6f4\\transformed\\lifecycle-viewmodel-ktx-2.9.0-runtime.jar;C:\\Users\\franc\\.gradle\\caches\\modules-2\\files-2.1\\androidx.lifecycle\\lifecycle-common-java8\\2.9.0\\86a8e6b9d0ba0c964fdc7223a38b6ce74bcb24dd\\lifecycle-common-java8-2.9.0.jar;C:\\Users\\franc\\.gradle\\caches\\8.13\\transforms\\6ba4246cbd8a601d11a22a913b02020b\\transformed\\lifecycle-runtime-compose-release-runtime.jar;C:\\Users\\franc\\.gradle\\caches\\8.13\\transforms\\893b82ae76fe1f6818ee6e945169196f\\transformed\\lifecycle-viewmodel-savedstate-release-runtime.jar;C:\\Users\\franc\\.gradle\\caches\\8.13\\transforms\\d6771d2d5ccd4e16b56da6c94138a0df\\transformed\\lifecycle-viewmodel-2.9.0-runtime.jar;C:\\Users\\franc\\.gradle\\caches\\8.13\\transforms\\d6858d9d7ff03b0f794efcae69c09963\\transformed\\lifecycle-viewmodel-release-runtime.jar;C:\\Users\\franc\\.gradle\\caches\\modules-2\\files-2.1\\androidx.lifecycle\\lifecycle-common-jvm\\2.9.0\\ab739bccdb3541983385af169565c7c035d897e7\\lifecycle-common-jvm-2.9.0.jar;C:\\Users\\franc\\.gradle\\caches\\8.13\\transforms\\9717738644801f4f6a2e9149a7f64a7c\\transformed\\lifecycle-viewmodel-compose-release-runtime.jar;C:\\Users\\franc\\.gradle\\caches\\8.13\\transforms\\8d92493df88c0fff274eb62ff635f65c\\transformed\\material-icons-core-release-runtime.jar;C:\\Users\\franc\\.gradle\\caches\\8.13\\transforms\\9dfe306b416c5c07619acbd813fc15ea\\transformed\\ui-release-runtime.jar;C:\\Users\\franc\\.gradle\\caches\\8.13\\transforms\\a99feeae210fb7ee862cad8091b43c80\\transformed\\activity-ktx-1.9.0-runtime.jar;C:\\Users\\franc\\.gradle\\caches\\8.13\\transforms\\33ff2430d423a2f18109bacb39cbab7a\\transformed\\activity-1.9.0-runtime.jar;C:\\Users\\franc\\.gradle\\caches\\8.13\\transforms\\a3e90e74d9e8ca815581ea8534897ffb\\transformed\\activity-compose-1.9.0-runtime.jar;C:\\Users\\franc\\.gradle\\caches\\modules-2\\files-2.1\\androidx.room\\room-common\\2.6.1\\ff1b9580850a9b7eef56554e356628d225785265\\room-common-2.6.1.jar;C:\\Users\\franc\\.gradle\\caches\\8.13\\transforms\\f04fd0d8f5b6dc37c3fda310759aeaf2\\transformed\\room-runtime-2.6.1-runtime.jar;C:\\Users\\franc\\.gradle\\caches\\8.13\\transforms\\810175a212ab767705ccbc37b9e13a13\\transformed\\room-ktx-2.6.1-runtime.jar;C:\\Users\\franc\\.gradle\\caches\\modules-2\\files-2.1\\io.kotest\\kotest-assertions-core-jvm\\5.8.0\\745144a20b1e3146f6a3ccb38a775abea5e0cb2c\\kotest-assertions-core-jvm-5.8.0.jar;C:\\Users\\franc\\.gradle\\caches\\modules-2\\files-2.1\\io.kotest\\kotest-extensions-jvm\\5.8.0\\3badce4a9576705e043fbe548d85ffe2ca30488d\\kotest-extensions-jvm-5.8.0.jar;C:\\Users\\franc\\.gradle\\caches\\modules-2\\files-2.1\\io.kotest\\kotest-framework-engine-jvm\\5.8.0\\eec53ed9b246634b7eee23828d59c8b70caeca0e\\kotest-framework-engine-jvm-5.8.0.jar;C:\\Users\\franc\\.gradle\\caches\\modules-2\\files-2.1\\io.kotest\\kotest-framework-concurrency-jvm\\5.8.0\\dd63871080d2f739eb1937754f48abbf9a14b091\\kotest-framework-concurrency-jvm-5.8.0.jar;C:\\Users\\franc\\.gradle\\caches\\modules-2\\files-2.1\\io.kotest\\kotest-framework-api-jvm\\5.8.0\\d5c8cd2b5d00e56246ec47813495e8b2cd7c5c57\\kotest-framework-api-jvm-5.8.0.jar;C:\\Users\\franc\\.gradle\\caches\\modules-2\\files-2.1\\io.kotest\\kotest-assertions-shared-jvm\\5.8.0\\624e26cd61cdf900a7fded2783c4b747b406f7f5\\kotest-assertions-shared-jvm-5.8.0.jar;C:\\Users\\franc\\.gradle\\caches\\modules-2\\files-2.1\\org.jetbrains.kotlinx\\kotlinx-coroutines-jdk8\\1.8.0\\a7c63486111905ed7de8c85bb309fe7989f665c1\\kotlinx-coroutines-jdk8-1.8.0.jar;C:\\Users\\franc\\.gradle\\caches\\modules-2\\files-2.1\\io.kotest\\kotest-framework-discovery-jvm\\5.8.0\\9a13b703f1cf45e5c7d63fd393cf446428e0802b\\kotest-framework-discovery-jvm-5.8.0.jar;C:\\Users\\franc\\.gradle\\caches\\modules-2\\files-2.1\\io.kotest\\kotest-common-jvm\\5.8.0\\7163ede402fe8c884313494fbf2263f577cf1a64\\kotest-common-jvm-5.8.0.jar;C:\\Users\\franc\\.gradle\\caches\\modules-2\\files-2.1\\io.mockk\\mockk-dsl-jvm\\1.13.10\\b1e3ea7af44726ec0ca9e4a754174f025efd2316\\mockk-dsl-jvm-1.13.10.jar;C:\\Users\\franc\\.gradle\\caches\\modules-2\\files-2.1\\org.jetbrains.kotlinx\\kotlinx-coroutines-debug\\1.8.0\\5ae040b057e6b3f52e1d0fd50b381da61c700e29\\kotlinx-coroutines-debug-1.8.0.jar;C:\\Users\\franc\\.gradle\\caches\\8.13\\transforms\\43e40c1ecaf86f35265257d8f7f8d98d\\transformed\\runtime-saveable-release-runtime.jar;C:\\Users\\franc\\.gradle\\caches\\8.13\\transforms\\74c7415558953d0eb5b76a628d1e67cf\\transformed\\runtime-release-runtime.jar;C:\\Users\\franc\\.gradle\\caches\\modules-2\\files-2.1\\org.jetbrains.kotlinx\\kotlinx-coroutines-test-jvm\\1.8.0\\c25ba7d3731592a88376344a2f04e074ce40df1\\kotlinx-coroutines-test-jvm-1.8.0.jar;C:\\Users\\franc\\.gradle\\caches\\modules-2\\files-2.1\\org.jetbrains.kotlinx\\kotlinx-coroutines-core-jvm\\1.8.0\\ac1dc37a30a93150b704022f8d895ee1bd3a36b3\\kotlinx-coroutines-core-jvm-1.8.0.jar;C:\\Users\\franc\\.gradle\\caches\\modules-2\\files-2.1\\org.jetbrains.kotlinx\\kotlinx-coroutines-android\\1.8.0\\d908407315c91c64b461674aba3944a912456e8b\\kotlinx-coroutines-android-1.8.0.jar;C:\\Users\\franc\\.gradle\\caches\\8.13\\transforms\\73c05496d72cdce8be488afbf8b7c2f1\\transformed\\sqlite-framework-2.4.0-runtime.jar;C:\\Users\\franc\\.gradle\\caches\\8.13\\transforms\\ab22609bba465f1d3345c77515c0afbd\\transformed\\sqlite-2.4.0-runtime.jar;C:\\Users\\franc\\.gradle\\caches\\modules-2\\files-2.1\\io.kotest\\kotest-assertions-api-jvm\\5.8.0\\a96590a2196c65412679dcb226658547abc008a0\\kotest-assertions-api-jvm-5.8.0.jar;C:\\Users\\franc\\.gradle\\caches\\modules-2\\files-2.1\\io.mockk\\mockk-agent-jvm\\1.13.10\\4a144290f047ada63796fb9c061c76bbd2f64156\\mockk-agent-jvm-1.13.10.jar;C:\\Users\\franc\\.gradle\\caches\\modules-2\\files-2.1\\io.mockk\\mockk-agent-api-jvm\\1.13.10\\5988872b54675e07b8409ba358354c739ebeb3b8\\mockk-agent-api-jvm-1.13.10.jar;C:\\Users\\franc\\.gradle\\caches\\modules-2\\files-2.1\\io.mockk\\mockk-core-jvm\\1.13.10\\6f0c5c3855499dbdb202d964aa5bc671335ff548\\mockk-core-jvm-1.13.10.jar;C:\\Users\\franc\\.gradle\\caches\\modules-2\\files-2.1\\com.squareup.retrofit2\\converter-gson\\2.11.0\\9d1fe9d1662de0548e08e293041140a8e4026f81\\converter-gson-2.11.0.jar;C:\\Users\\franc\\.gradle\\caches\\modules-2\\files-2.1\\com.squareup.retrofit2\\retrofit\\2.11.0\\6ca8c6caf842271f3232e075519fe04081ef7069\\retrofit-2.11.0.jar;C:\\Users\\franc\\.gradle\\caches\\modules-2\\files-2.1\\com.squareup.okhttp3\\okhttp\\4.12.0\\2f4525d4a200e97e1b87449c2cd9bd2e25b7e8cd\\okhttp-4.12.0.jar;C:\\Users\\franc\\.gradle\\caches\\modules-2\\files-2.1\\com.squareup.okio\\okio-jvm\\3.6.0\\5600569133b7bdefe1daf9ec7f4abeb6d13e1786\\okio-jvm-3.6.0.jar;C:\\Users\\franc\\.gradle\\caches\\modules-2\\files-2.1\\org.jetbrains.kotlin\\kotlin-stdlib-jdk8\\1.9.10\\c7510d64a83411a649c76f2778304ddf71d7437b\\kotlin-stdlib-jdk8-1.9.10.jar;C:\\Users\\franc\\.gradle\\caches\\modules-2\\files-2.1\\org.jetbrains.kotlin\\kotlin-reflect\\1.9.10\\dd37cb80926cb4ed427b606502e6f6f063d38fb5\\kotlin-reflect-1.9.10.jar;C:\\Users\\franc\\.gradle\\caches\\8.13\\transforms\\da16207b6f8b068c5e2f0d1ce141090b\\transformed\\napier-debug-runtime.jar;C:\\Users\\franc\\.gradle\\caches\\modules-2\\files-2.1\\org.jetbrains.kotlin\\kotlin-stdlib-jdk7\\1.9.10\\bc5bfc2690338defd5195b05c57562f2194eeb10\\kotlin-stdlib-jdk7-1.9.10.jar;C:\\Users\\franc\\.gradle\\caches\\8.13\\transforms\\88a791f4fae6fe7c8330995f38cf67b0\\transformed\\versionedparcelable-1.1.1-runtime.jar;C:\\Users\\franc\\.gradle\\caches\\modules-2\\files-2.1\\androidx.collection\\collection-ktx\\1.4.5\\2ad14aed781c4a73ed4dbb421966d408a0a06686\\collection-ktx-1.4.5.jar;C:\\Users\\franc\\.gradle\\caches\\modules-2\\files-2.1\\androidx.collection\\collection-jvm\\1.4.5\\da13a7e557c430276b8cb490420effebc1398c0d\\collection-jvm-1.4.5.jar;C:\\Users\\franc\\.gradle\\caches\\modules-2\\files-2.1\\org.jetbrains.kotlinx\\kotlinx-serialization-core-jvm\\1.7.3\\1f226780b845ff9206474c05159245d861556249\\kotlinx-serialization-core-jvm-1.7.3.jar;C:\\Users\\franc\\.gradle\\caches\\modules-2\\files-2.1\\com.github.ajalt\\mordant\\1.2.1\\6cbab1a74ab6dafbf81b7706733d4c2fbaff2e0b\\mordant-1.2.1.jar;C:\\Users\\franc\\.gradle\\caches\\8.13\\transforms\\6f02bbeb5ef06f11c6be64a51d3b311a\\transformed\\annotation-experimental-1.4.1-runtime.jar;C:\\Users\\franc\\.gradle\\caches\\8.13\\transforms\\c9d56a38fd96af6ddee49acbc0ce310d\\transformed\\core-viewtree-1.0.0-runtime.jar;C:\\Users\\franc\\.gradle\\caches\\modules-2\\files-2.1\\com.github.ajalt\\colormath\\1.2.0\\c62f49b31f34588dbbfb477c08fd56bc3026d202\\colormath-1.2.0.jar;C:\\Users\\franc\\.gradle\\caches\\8.13\\transforms\\6d531bf322b8f4539183752f716a06ea\\transformed\\core-runtime-2.2.0-runtime.jar;C:\\Users\\franc\\.gradle\\caches\\modules-2\\files-2.1\\androidx.arch.core\\core-common\\2.2.0\\5e1b8b81dfd5f52c56a8d53b18ca759c19a301f3\\core-common-2.2.0.jar;C:\\Users\\franc\\.gradle\\caches\\8.13\\transforms\\2e249ab7f9f2edb37ded7709d83272dc\\transformed\\profileinstaller-1.4.0-runtime.jar;C:\\Users\\franc\\.gradle\\caches\\8.13\\transforms\\cded54fb570e0b81bcbb9fd63a2cbf82\\transformed\\startup-runtime-1.1.1-runtime.jar;C:\\Users\\franc\\.gradle\\caches\\8.13\\transforms\\f87b6dbf50c83be166bb78c423cb4c0a\\transformed\\tracing-1.0.0-runtime.jar;C:\\Users\\franc\\.gradle\\caches\\8.13\\transforms\\7eb51ed8a5b6b75ef551aeca6f94c288\\transformed\\exifinterface-1.3.6-runtime.jar;C:\\Users\\franc\\.gradle\\caches\\8.13\\transforms\\f60ad64628d8a0e39564d2496c91490e\\transformed\\interpolator-1.0.0-runtime.jar;C:\\Users\\franc\\.gradle\\caches\\modules-2\\files-2.1\\androidx.concurrent\\concurrent-futures\\1.1.0\\50b7fb98350d5f42a4e49704b03278542293ba48\\concurrent-futures-1.1.0.jar;C:\\Users\\franc\\.gradle\\caches\\modules-2\\files-2.1\\androidx.annotation\\annotation-jvm\\1.9.1\\b17951747e38bf3986a24431b9ba0d039958aa5f\\annotation-jvm-1.9.1.jar;C:\\Users\\franc\\.gradle\\caches\\modules-2\\files-2.1\\org.jetbrains.kotlin\\kotlin-stdlib\\2.0.21\\618b539767b4899b4660a83006e052b63f1db551\\kotlin-stdlib-2.0.21.jar;C:\\Users\\franc\\.gradle\\caches\\modules-2\\files-2.1\\org.hamcrest\\hamcrest-core\\1.3\\42a25dc3219429f0e5d060061f71acb49bf010a0\\hamcrest-core-1.3.jar;C:\\Users\\franc\\.gradle\\caches\\modules-2\\files-2.1\\org.jetbrains\\annotations\\23.0.0\\8cc20c07506ec18e0834947b84a864bfc094484e\\annotations-23.0.0.jar;C:\\Users\\franc\\.gradle\\caches\\modules-2\\files-2.1\\com.google.code.gson\\gson\\2.10.1\\b3add478d4382b78ea20b1671390a858002feb6c\\gson-2.10.1.jar;C:\\Users\\franc\\.gradle\\caches\\modules-2\\files-2.1\\org.opentest4j\\opentest4j\\1.3.0\\152ea56b3a72f655d4fd677fc0ef2596c3dd5e6e\\opentest4j-1.3.0.jar;C:\\Users\\franc\\.gradle\\caches\\modules-2\\files-2.1\\com.google.guava\\listenablefuture\\1.0\\c949a840a6acbc5268d088e47b04177bf90b3cad\\listenablefuture-1.0.jar;C:\\Users\\franc\\.gradle\\caches\\modules-2\\files-2.1\\io.github.classgraph\\classgraph\\4.8.162\\85bc1625bc8aac51ad32971ebb26a3e35cb97356\\classgraph-4.8.162.jar;C:\\Users\\franc\\.gradle\\caches\\modules-2\\files-2.1\\io.github.java-diff-utils\\java-diff-utils\\4.12\\1a712a91324d566eef39817fc5c9980eb10c21db\\java-diff-utils-4.12.jar;C:\\Users\\franc\\.gradle\\caches\\modules-2\\files-2.1\\org.objenesis\\objenesis\\3.3\\1049c09f1de4331e8193e579448d0916d75b7631\\objenesis-3.3.jar;C:\\Users\\franc\\.gradle\\caches\\modules-2\\files-2.1\\net.bytebuddy\\byte-buddy\\1.14.6\\316c1b1f3208a9d716c4419ed2080443235f7d1\\byte-buddy-1.14.6.jar;C:\\Users\\franc\\.gradle\\caches\\modules-2\\files-2.1\\net.bytebuddy\\byte-buddy-agent\\1.14.6\\46e2545d7a97b6ccb195621650c5957279eb4812\\byte-buddy-agent-1.14.6.jar;C:\\Users\\franc\\.gradle\\caches\\modules-2\\files-2.1\\org.jspecify\\jspecify\\1.0.0\\7425a601c1c7ec76645a78d22b8c6a627edee507\\jspecify-1.0.0.jar;C:\\Users\\franc\\.gradle\\caches\\modules-2\\files-2.1\\net.java.dev.jna\\jna-platform\\5.9.0\\c535a5bda553d7d7690356c825010da74b2671b5\\jna-platform-5.9.0.jar;C:\\Users\\franc\\.gradle\\caches\\modules-2\\files-2.1\\net.java.dev.jna\\jna\\5.9.0\\8f503e6d9b500ceff299052d6be75b38c7257758\\jna-5.9.0.jar;C:\\Users\\franc\\OneDrive\\Escritorio\\LevelUp\\app\\build\\intermediates\\java_res\\debug\\processDebugJavaRes\\out;C:\\Users\\franc\\.gradle\\caches\\8.13\\transforms\\22f7325584fae088605384b09aceff5a\\transformed\\accompanist-permissions-0.32.0\\jars\\classes.jar;C:\\Users\\franc\\.gradle\\caches\\8.13\\transforms\\1f16892fad778e7394d600903493cdb8\\transformed\\navigation-common-release\\jars\\classes.jar;C:\\Users\\franc\\.gradle\\caches\\8.13\\transforms\\6fbb410aaf5d70b4a7c9335719af424a\\transformed\\navigation-compose-release\\jars\\classes.jar;C:\\Users\\franc\\.gradle\\caches\\8.13\\transforms\\4da4dc8594061dc0074c93e4e9a24d80\\transformed\\navigation-runtime-release\\jars\\classes.jar;C:\\Users\\franc\\.gradle\\caches\\8.13\\transforms\\c89f42994762463d12766160108dd98e\\transformed\\material3-release\\jars\\classes.jar;C:\\Users\\franc\\.gradle\\caches\\8.13\\transforms\\40510b08086d927dc12c7c0a63124370\\transformed\\coil-compose-2.5.0\\jars\\classes.jar;C:\\Users\\franc\\.gradle\\caches\\8.13\\transforms\\fddb971bd9a2e58aa6ddb6e75fee93b2\\transformed\\coil-compose-base-2.5.0\\jars\\classes.jar;C:\\Users\\franc\\.gradle\\caches\\8.13\\transforms\\d2ac4147b51c3a458d8ce7e07376d186\\transformed\\accompanist-drawablepainter-0.32.0\\jars\\classes.jar;C:\\Users\\franc\\.gradle\\caches\\8.13\\transforms\\cbbfd11dffeca71987fa677a83ef9ecb\\transformed\\play-services-location-21.2.0\\jars\\classes.jar;C:\\Users\\franc\\.gradle\\caches\\8.13\\transforms\\ae76f3fcf76cbd861759b937b70d3a49\\transformed\\play-services-base-18.3.0\\jars\\classes.jar;C:\\Users\\franc\\.gradle\\caches\\8.13\\transforms\\2d43bfa4f8d0c116ca880c6d55f4c0f2\\transformed\\play-services-tasks-18.1.0\\jars\\classes.jar;C:\\Users\\franc\\.gradle\\caches\\8.13\\transforms\\7c7b0e739186a745542e54e6c240b151\\transformed\\play-services-basement-18.3.0\\jars\\classes.jar;C:\\Users\\franc\\.gradle\\caches\\8.13\\transforms\\7b6d8c0001333cd672c1ad1ee3d909d7\\transformed\\fragment-1.1.0\\jars\\classes.jar;C:\\Users\\franc\\.gradle\\caches\\8.13\\transforms\\0b2aac358c5a3b9079aa43421f7bb4c8\\transformed\\loader-1.0.0\\jars\\classes.jar;C:\\Users\\franc\\.gradle\\caches\\8.13\\transforms\\eb23196f85d41831fb74718926d03529\\transformed\\coil-2.5.0\\jars\\classes.jar;C:\\Users\\franc\\.gradle\\caches\\8.13\\transforms\\ddbe57e28f348a06a57225992f2bd12e\\transformed\\coil-base-2.5.0\\jars\\classes.jar;C:\\Users\\franc\\.gradle\\caches\\8.13\\transforms\\6c1a67f4a175cd534a463cceba0ed394\\transformed\\ui-tooling-data-release\\jars\\classes.jar;C:\\Users\\franc\\.gradle\\caches\\8.13\\transforms\\ad8a733d1df0180f26b5110bffbed26f\\transformed\\ui-tooling-preview-release\\jars\\classes.jar;C:\\Users\\franc\\.gradle\\caches\\8.13\\transforms\\eb2c934857a4ae3e1b3980aa4a040b01\\transformed\\ui-tooling-release\\jars\\classes.jar;C:\\Users\\franc\\.gradle\\caches\\8.13\\transforms\\032cbdb0b9581f8b3488cab9279770d3\\transformed\\material-release\\jars\\classes.jar;C:\\Users\\franc\\.gradle\\caches\\8.13\\transforms\\9e4ba99dfe92278398c17de62f01e947\\transformed\\material-ripple-release\\jars\\classes.jar;C:\\Users\\franc\\.gradle\\caches\\8.13\\transforms\\2b6cfd0211117a1e40c94434eb1d6d27\\transformed\\animation-core-release\\jars\\classes.jar;C:\\Users\\franc\\.gradle\\caches\\8.13\\transforms\\4dae9356a31af949aa5d2c8f9c283af5\\transformed\\animation-release\\jars\\classes.jar;C:\\Users\\franc\\.gradle\\caches\\8.13\\transforms\\3266f431f9057f4b72d91784ec5a239a\\transformed\\foundation-layout-release\\jars\\classes.jar;C:\\Users\\franc\\.gradle\\caches\\8.13\\transforms\\d31d193ec115e66390630fe1b34cf904\\transformed\\foundation-release\\jars\\classes.jar;C:\\Users\\franc\\.gradle\\caches\\8.13\\transforms\\da6dbf09be246c6cf7fc872711881cc9\\transformed\\ui-util-release\\jars\\classes.jar;C:\\Users\\franc\\.gradle\\caches\\8.13\\transforms\\c47e5f593c3494bdafd941910a0f4e2a\\transformed\\ui-unit-release\\jars\\classes.jar;C:\\Users\\franc\\.gradle\\caches\\8.13\\transforms\\43e82459915c74390a685c2ba28064ef\\transformed\\ui-graphics-release\\jars\\classes.jar;C:\\Users\\franc\\.gradle\\caches\\8.13\\transforms\\9c086d1e38afe9242ad93109c13aef5f\\transformed\\ui-geometry-release\\jars\\classes.jar;C:\\Users\\franc\\.gradle\\caches\\8.13\\transforms\\a911831386ac43bea6e53ad2e67b0153\\transformed\\ui-test-manifest-1.7.8\\jars\\classes.jar;C:\\Users\\franc\\.gradle\\caches\\8.13\\transforms\\0e7dbc835e2bb33a75e39c10bc38dd33\\transformed\\ui-text-release\\jars\\classes.jar;C:\\Users\\franc\\.gradle\\caches\\8.13\\transforms\\8b80da4335878e661095308453f3e153\\transformed\\emoji2-1.3.0\\jars\\classes.jar;C:\\Users\\franc\\.gradle\\caches\\8.13\\transforms\\8b80da4335878e661095308453f3e153\\transformed\\emoji2-1.3.0\\jars\\libs\\repackaged.jar;C:\\Users\\franc\\.gradle\\caches\\8.13\\transforms\\dcae22428cabff519d5edd6e36935680\\transformed\\lifecycle-process-2.9.0\\jars\\classes.jar;C:\\Users\\franc\\.gradle\\caches\\8.13\\transforms\\a67e7f2e25ff9b6ae46b11cdabb70a30\\transformed\\lifecycle-livedata-core-ktx-2.9.0\\jars\\classes.jar;C:\\Users\\franc\\.gradle\\caches\\8.13\\transforms\\69495ca75d943fe23b864ca3bd8360cb\\transformed\\lifecycle-runtime-ktx\\jars\\classes.jar;C:\\Users\\franc\\.gradle\\caches\\8.13\\transforms\\f4bff2bb9c7c7fc580370bb746fcb78c\\transformed\\appcompat-resources-1.6.1\\jars\\classes.jar;C:\\Users\\franc\\.gradle\\caches\\8.13\\transforms\\68d063b9a5d461b0f9fcc99ddaa59191\\transformed\\viewpager-1.0.0\\jars\\classes.jar;C:\\Users\\franc\\.gradle\\caches\\8.13\\transforms\\ba19723f46f8488502d78f09366b0b6b\\transformed\\savedstate-ktx-1.3.0\\jars\\classes.jar;C:\\Users\\franc\\.gradle\\caches\\8.13\\transforms\\c8ade9d5dc30bc72d9646f35e7aab841\\transformed\\savedstate-compose-release\\jars\\classes.jar;C:\\Users\\franc\\.gradle\\caches\\8.13\\transforms\\cdc0a120c08b0cfb719689892f6708b5\\transformed\\savedstate-release\\jars\\classes.jar;C:\\Users\\franc\\.gradle\\caches\\8.13\\transforms\\b5d0cecfab368f07872892cca41c50b4\\transformed\\customview-poolingcontainer-1.0.0\\jars\\classes.jar;C:\\Users\\franc\\.gradle\\caches\\8.13\\transforms\\4e802706814c30f9d64be8dcd3ed2f03\\transformed\\core-ktx-1.13.1\\jars\\classes.jar;C:\\Users\\franc\\.gradle\\caches\\8.13\\transforms\\f8eef85da29c14615f6a561963a8f307\\transformed\\vectordrawable-animated-1.1.0\\jars\\classes.jar;C:\\Users\\franc\\.gradle\\caches\\8.13\\transforms\\90aa6ee70179db83b6a6ef3a62c2af58\\transformed\\vectordrawable-1.1.0\\jars\\classes.jar;C:\\Users\\franc\\.gradle\\caches\\8.13\\transforms\\acca04f9a03e9e00ee4725133f50c173\\transformed\\customview-1.0.0\\jars\\classes.jar;C:\\Users\\franc\\.gradle\\caches\\8.13\\transforms\\ffe213d15bc54484725e08d3a50f69d9\\transformed\\autofill-1.0.0\\jars\\classes.jar;C:\\Users\\franc\\.gradle\\caches\\8.13\\transforms\\271ef8da44b4a7719f82fbe7ab5d0edf\\transformed\\graphics-path-1.0.1\\jars\\classes.jar;C:\\Users\\franc\\.gradle\\caches\\8.13\\transforms\\ee8524b912c3f45226cabc808f323653\\transformed\\core-1.13.1\\jars\\classes.jar;C:\\Users\\franc\\.gradle\\caches\\8.13\\transforms\\3951a542750d508520e4cd80715a04a8\\transformed\\lifecycle-runtime-release\\jars\\classes.jar;C:\\Users\\franc\\.gradle\\caches\\8.13\\transforms\\5c1e73c5c4ba2ed9063866f49c49607e\\transformed\\lifecycle-livedata-2.9.0\\jars\\classes.jar;C:\\Users\\franc\\.gradle\\caches\\8.13\\transforms\\737175b8bacb0590ba0a920cbc47c96e\\transformed\\lifecycle-livedata-core-2.9.0\\jars\\classes.jar;C:\\Users\\franc\\.gradle\\caches\\8.13\\transforms\\11124ebc63fb992787193dec7d235013\\transformed\\lifecycle-viewmodel-ktx-2.9.0\\jars\\classes.jar;C:\\Users\\franc\\.gradle\\caches\\8.13\\transforms\\24b4096dc9082229647531e578781d80\\transformed\\lifecycle-runtime-compose-release\\jars\\classes.jar;C:\\Users\\franc\\.gradle\\caches\\8.13\\transforms\\7c24b79295082e3a864474f9a8d84e32\\transformed\\lifecycle-viewmodel-savedstate-release\\jars\\classes.jar;C:\\Users\\franc\\.gradle\\caches\\8.13\\transforms\\19d3791fc95517c96e79934de9d5b28b\\transformed\\lifecycle-viewmodel-2.9.0\\jars\\classes.jar;C:\\Users\\franc\\.gradle\\caches\\8.13\\transforms\\8fa22048e966f5be22b4dee5081f22f9\\transformed\\lifecycle-viewmodel-release\\jars\\classes.jar;C:\\Users\\franc\\.gradle\\caches\\8.13\\transforms\\cea3710127ce8e99d554342879d81cd9\\transformed\\lifecycle-viewmodel-compose-release\\jars\\classes.jar;C:\\Users\\franc\\.gradle\\caches\\8.13\\transforms\\f014365144a04c63378c29402d52dd3c\\transformed\\material-icons-core-release\\jars\\classes.jar;C:\\Users\\franc\\.gradle\\caches\\8.13\\transforms\\1b1d2afd928bf761a852ce698fce2945\\transformed\\ui-release\\jars\\classes.jar;C:\\Users\\franc\\.gradle\\caches\\8.13\\transforms\\0be3becdcacb2644026af450f728ef5e\\transformed\\activity-ktx-1.9.0\\jars\\classes.jar;C:\\Users\\franc\\.gradle\\caches\\8.13\\transforms\\6b780fe789d408be5392cc225026e134\\transformed\\activity-1.9.0\\jars\\classes.jar;C:\\Users\\franc\\.gradle\\caches\\8.13\\transforms\\6db7f7a9962f960053c05f1ca4cc7cac\\transformed\\activity-compose-1.9.0\\jars\\classes.jar;C:\\Users\\franc\\.gradle\\caches\\8.13\\transforms\\22a6b506035d4641807d98c38573e6b6\\transformed\\room-runtime-2.6.1\\jars\\classes.jar;C:\\Users\\franc\\.gradle\\caches\\8.13\\transforms\\e05f047810c3857b3e47032a7f65a326\\transformed\\room-ktx-2.6.1\\jars\\classes.jar;C:\\Users\\franc\\.gradle\\caches\\8.13\\transforms\\795328a5992eb487418f3162ff2162da\\transformed\\runtime-saveable-release\\jars\\classes.jar;C:\\Users\\franc\\.gradle\\caches\\8.13\\transforms\\3b8458286a16abb1a56d0fd3bf1c1221\\transformed\\runtime-release\\jars\\classes.jar;C:\\Users\\franc\\.gradle\\caches\\8.13\\transforms\\b45439ad6ed0c485e05377440fff09df\\transformed\\sqlite-framework-2.4.0\\jars\\classes.jar;C:\\Users\\franc\\.gradle\\caches\\8.13\\transforms\\ab5d890ae95b6737cba125b63d8ca5b8\\transformed\\sqlite-2.4.0\\jars\\classes.jar;C:\\Users\\franc\\.gradle\\caches\\8.13\\transforms\\9beff7fb5c86adb7f6cb549c20a08ff5\\transformed\\napier-debug\\jars\\classes.jar;C:\\Users\\franc\\.gradle\\caches\\8.13\\transforms\\4aa1cd8407650f69f42e59c04b9bae1f\\transformed\\versionedparcelable-1.1.1\\jars\\classes.jar;C:\\Users\\franc\\.gradle\\caches\\8.13\\transforms\\30883fe712cab2a28a8d53f6cba16a7f\\transformed\\annotation-experimental-1.4.1\\jars\\classes.jar;C:\\Users\\franc\\.gradle\\caches\\8.13\\transforms\\7869906065bcceee2035470a1c6178b4\\transformed\\core-viewtree-1.0.0\\jars\\classes.jar;C:\\Users\\franc\\.gradle\\caches\\8.13\\transforms\\2a4052fbe71688673f6560a1346cb223\\transformed\\core-runtime-2.2.0\\jars\\classes.jar;C:\\Users\\franc\\.gradle\\caches\\8.13\\transforms\\cce6e2c3a13d61f1f6ded93e690d9fa9\\transformed\\profileinstaller-1.4.0\\jars\\classes.jar;C:\\Users\\franc\\.gradle\\caches\\8.13\\transforms\\fd6444982015022f762d34d49a4ff9dd\\transformed\\startup-runtime-1.1.1\\jars\\classes.jar;C:\\Users\\franc\\.gradle\\caches\\8.13\\transforms\\cd36b44bf7b60a517dfa3d8b7b6c9c88\\transformed\\tracing-1.0.0\\jars\\classes.jar;C:\\Users\\franc\\.gradle\\caches\\8.13\\transforms\\4a89091fafef788892f4858cd0e9fbfa\\transformed\\exifinterface-1.3.6\\jars\\classes.jar;C:\\Users\\franc\\.gradle\\caches\\8.13\\transforms\\233c9b41ccbe160a47e48f4c9df573fe\\transformed\\interpolator-1.0.0\\jars\\classes.jar;C:\\Users\\franc\\OneDrive\\Escritorio\\LevelUp\\app\\build\\intermediates\\compile_and_runtime_not_namespaced_r_class_jar\\debug\\processDebugResources\\R.jar;C:\\Users\\franc\\.gradle\\caches\\8.13\\transforms\\a352e161b3c0d88a08d0913b763ed9a9\\transformed\\android.jar
Launcher Type: SUN_STANDARD

[Global flags]
     intx CICompilerCount                          = 4                                         {product} {ergonomic}
     uint ConcGCThreads                            = 3                                         {product} {ergonomic}
     uint G1ConcRefinementThreads                  = 10                                        {product} {ergonomic}
   size_t G1HeapRegionSize                         = 1048576                                   {product} {ergonomic}
    uintx GCDrainStackTargetSize                   = 64                                        {product} {ergonomic}
   size_t InitialHeapSize                          = 264241152                                 {product} {ergonomic}
   size_t MarkStackSize                            = 4194304                                   {product} {ergonomic}
   size_t MaxHeapSize                              = 536870912                                 {product} {command line}
   size_t MaxNewSize                               = 321912832                                 {product} {ergonomic}
   size_t MinHeapDeltaBytes                        = 1048576                                   {product} {ergonomic}
   size_t MinHeapSize                              = 8388608                                   {product} {ergonomic}
    uintx NonNMethodCodeHeapSize                   = 5839372                                {pd product} {ergonomic}
    uintx NonProfiledCodeHeapSize                  = 122909434                              {pd product} {ergonomic}
    uintx ProfiledCodeHeapSize                     = 122909434                              {pd product} {ergonomic}
    uintx ReservedCodeCacheSize                    = 251658240                              {pd product} {ergonomic}
     bool SegmentedCodeCache                       = true                                      {product} {ergonomic}
   size_t SoftMaxHeapSize                          = 536870912                              {manageable} {ergonomic}
     bool UseCompressedOops                        = true                           {product lp64_product} {ergonomic}
     bool UseG1GC                                  = true                                      {product} {ergonomic}
     bool UseLargePagesIndividualAllocation        = false                                  {pd product} {ergonomic}

Logging:
Log output configuration:
 #0: stdout all=warning uptime,level,tags foldmultilines=false
 #1: stderr all=off uptime,level,tags foldmultilines=false

Environment Variables:
PATH=C:\Python314\Scripts\;C:\Python314\;C:\Program Files\Common Files\Oracle\Java\javapath;C:\windows\system32;C:\windows;C:\windows\System32\Wbem;C:\windows\System32\WindowsPowerShell\v1.0\;C:\windows\System32\OpenSSH\;C:\Program Files (x86)\NVIDIA Corporation\PhysX\Common;C:\Program Files\HP\HP One Agent;C:\Program Files\NVIDIA Corporation\NVIDIA app\NvDLISR;C:\WINDOWS\system32;C:\WINDOWS;C:\WINDOWS\System32\Wbem;C:\WINDOWS\System32\WindowsPowerShell\v1.0\;C:\WINDOWS\System32\OpenSSH\;C:\Program Files\Apache\Maven\apache-maven-3.9.9\bin;D:\Git\cmd;D:\;C:\ProgramData\chocolatey\bin;C:\Users\franc\AppData\Local\Programs\Python\Python312\Scripts\;C:\Users\franc\AppData\Local\Programs\Python\Python312\;C:\Users\franc\AppData\Local\Microsoft\WindowsApps;C:\Users\franc\AppData\Local\Programs\Microsoft VS Code\bin;C:\Users\franc\AppData\Local\GitHubDesktop\bin;C:\Users\franc\AppData\Roaming\npm
USERNAME=franc
OS=Windows_NT
PROCESSOR_IDENTIFIER=Intel64 Family 6 Model 141 Stepping 1, GenuineIntel
TMP=C:\Users\franc\AppData\Local\Temp
TEMP=C:\Users\franc\AppData\Local\Temp




Periodic native trim disabled

JNI global refs:
JNI global refs: 16, weak refs: 0

JNI global refs memory usage: 835, weak refs: 833

Process memory usage:
Resident Set Size: 426168K (2% of 16406592K total physical memory with 1314624K free physical memory)

OOME stack traces (most recent first):
Classloader memory used:
Loader bootstrap                                                                       : 15203K
Loader jdk.internal.loader.ClassLoaders$AppClassLoader                                 : 8008K
Loader java.net.URLClassLoader                                                         : 1982K
Loader jdk.internal.loader.ClassLoaders$PlatformClassLoader                            : 163K
Loader jdk.internal.reflect.DelegatingClassLoader                                      : 101K

---------------  S Y S T E M  ---------------

OS:
 Windows 11 , 64 bit Build 26100 (10.0.26100.7019)
OS uptime: 7 days 0:29 hours
Hyper-V role detected

CPU: total 12 (initial active 12) (6 cores per cpu, 2 threads per core) family 6 model 141 stepping 1 microcode 0x52, cx8, cmov, fxsr, ht, mmx, 3dnowpref, sse, sse2, sse3, ssse3, sse4.1, sse4.2, popcnt, lzcnt, tsc, tscinvbit, avx, avx2, aes, erms, clmul, bmi1, bmi2, adx, avx512f, avx512dq, avx512cd, avx512bw, avx512vl, sha, fma, vzeroupper, avx512_vpopcntdq, avx512_vpclmulqdq, avx512_vaes, avx512_vnni, clflush, clflushopt, clwb, avx512_vbmi2, avx512_vbmi, hv, rdtscp, rdpid, fsrm, gfni, avx512_bitalg, f16c, cet_ibt, cet_ss, avx512_ifma
Processor Information for the first 12 processors :
  Max Mhz: 2688, Current Mhz: 2688, Mhz Limit: 2688

Memory: 4k page, system-wide physical 16022M (1283M free)
TotalPageFile size 22218M (AvailPageFile size 7M)
current process WorkingSet (physical memory assigned to process): 416M, peak: 416M
current process commit charge ("private bytes"): 450M, peak: 451M

vm_info: OpenJDK 64-Bit Server VM (21.0.8+-14196175-b1038.72) for windows-amd64 JRE (21.0.8+-14196175-b1038.72), built on 2025-10-01T10:24:33Z by "builder" with MS VC++ 16.10 / 16.11 (VS2019)

END.
